row_id	family	branch	legacy_l	rotation_form	base_form	state_index	form_selector	epx	epxx	pnmod_input_ll	pnmod_derived_l	pnmod_nfx	pnmod_branch	pnmod_pg1	pnmod_pg2	pnmod_pg3	pnmod_tr_before	pnmod_ti_before	pnmod_tr_after	pnmod_ti_after	pnpwi_ein	pnpwi_postmod_tr	pnpwi_postmod_ti	pnmod_early_return	dispatch_n	dispatch_title	previous_title	effective_e	dither_before	pnpwi_result_tr	pnpwi_result_ti	addresk_nf	addresk_pg1	addresk_pg2	addresk_pg3	addresk_pre_tr	addresk_pre_ti	addresk_post_tr	addresk_post_ti
1	1	1	5	2	5	3	25	0.0000000000000000E+000	0.0000000000000000E+000	4	5	0	0	0.0000000000000000E+000	0.0000000000000000E+000	0.0000000000000000E+000	0.0000000000000000E+000	0.0000000000000000E+000	0.0000000000000000E+000	0.0000000000000000E+000	0.0000000000000000E+000	0.0000000000000000E+000	0.0000000000000000E+000	0	NA	NA	NA	NA	NA	NA	NA	0	0.0000000000000000E+000	0.0000000000000000E+000	0.0000000000000000E+000	0.0000000000000000E+000	0.0000000000000000E+000	0.0000000000000000E+000	0.0000000000000000E+000
2	1	1	6	2	5	3	25	2.5642589569091797E+001	2.5642589569091797E+001	5	6	0	0	0.0000000000000000E+000	0.0000000000000000E+000	0.0000000000000000E+000	0.0000000000000000E+000	0.0000000000000000E+000	0.0000000000000000E+000	0.0000000000000000E+000	2.5642589569091797E+001	0.0000000000000000E+000	0.0000000000000000E+000	0	7	M05	BLANK	2.5643589019775391E+001	1.0000000474974513E-003	2.1776405123574705E-009	4.7421180911062632E-018	0	0.0000000000000000E+000	0.0000000000000000E+000	0.0000000000000000E+000	2.1776405123574705E-009	4.7421180911062632E-018	2.1776405123574705E-009	4.7421180911062632E-018
3	1	2	2	2	1	4	21	2.5642589569091797E+001	2.5642589569091797E+001	1	2	0	0	0.0000000000000000E+000	0.0000000000000000E+000	0.0000000000000000E+000	0.0000000000000000E+000	0.0000000000000000E+000	0.0000000000000000E+000	0.0000000000000000E+000	2.5642589569091797E+001	0.0000000000000000E+000	0.0000000000000000E+000	0	7	SP00	M05	2.5641590118408203E+001	-1.0000000474974513E-003	3.3604983240365982E-002	1.1305732186883688E-003	0	0.0000000000000000E+000	0.0000000000000000E+000	0.0000000000000000E+000	3.3604983240365982E-002	1.1305732186883688E-003	3.3604983240365982E-002	1.1305732186883688E-003
4	1	2	5	2	5	4	25	2.5642589569091797E+001	2.5642589569091797E+001	4	5	0	0	0.0000000000000000E+000	0.0000000000000000E+000	0.0000000000000000E+000	0.0000000000000000E+000	0.0000000000000000E+000	0.0000000000000000E+000	0.0000000000000000E+000	2.5642589569091797E+001	0.0000000000000000E+000	0.0000000000000000E+000	0	7	SP00	SP00	2.5642589569091797E+001	1.0000000474974513E-003	-3.0092429881278804E-008	9.0555434770098154E-016	0	0.0000000000000000E+000	0.0000000000000000E+000	0.0000000000000000E+000	-3.0092429881278804E-008	9.0555434770098154E-016	-3.0092429881278804E-008	9.0555434770098154E-016
5	1	2	6	2	5	4	25	2.5642589569091797E+001	2.5642589569091797E+001	5	6	0	0	0.0000000000000000E+000	0.0000000000000000E+000	0.0000000000000000E+000	0.0000000000000000E+000	0.0000000000000000E+000	0.0000000000000000E+000	0.0000000000000000E+000	2.5642589569091797E+001	0.0000000000000000E+000	0.0000000000000000E+000	0	7	SP00	SP00	2.5642589569091797E+001	1.0000000474974513E-003	4.8804711383354515E-009	2.3818998265070678E-017	0	0.0000000000000000E+000	0.0000000000000000E+000	0.0000000000000000E+000	4.8804711383354515E-009	2.3818998265070678E-017	4.8804711383354515E-009	2.3818998265070678E-017
6	2	1	5	2	5	3	25	2.5642589569091797E+001	2.5642589569091797E+001	4	5	0	0	0.0000000000000000E+000	0.0000000000000000E+000	0.0000000000000000E+000	0.0000000000000000E+000	0.0000000000000000E+000	0.0000000000000000E+000	0.0000000000000000E+000	2.5642589569091797E+001	0.0000000000000000E+000	0.0000000000000000E+000	0	7	SP00	SP00	2.5642589569091797E+001	1.0000000474974513E-003	6.8012376175374811E-008	4.6256833473724661E-015	0	0.0000000000000000E+000	0.0000000000000000E+000	0.0000000000000000E+000	6.8012376175374811E-008	4.6256833473724661E-015	6.8012376175374811E-008	4.6256833473724661E-015
7	2	1	6	2	5	3	25	2.5642589569091797E+001	2.5642589569091797E+001	5	6	0	0	0.0000000000000000E+000	0.0000000000000000E+000	0.0000000000000000E+000	0.0000000000000000E+000	0.0000000000000000E+000	0.0000000000000000E+000	0.0000000000000000E+000	2.5642589569091797E+001	0.0000000000000000E+000	0.0000000000000000E+000	0	7	SP00	SP00	2.5642589569091797E+001	1.0000000474974513E-003	2.1772021963073485E-009	4.7402093718427971E-018	0	0.0000000000000000E+000	0.0000000000000000E+000	0.0000000000000000E+000	2.1772021963073485E-009	4.7402093718427971E-018	2.1772021963073485E-009	4.7402093718427971E-018
8	2	2	2	2	1	4	21	2.5642589569091797E+001	2.5642589569091797E+001	1	2	0	0	0.0000000000000000E+000	0.0000000000000000E+000	0.0000000000000000E+000	0.0000000000000000E+000	0.0000000000000000E+000	0.0000000000000000E+000	0.0000000000000000E+000	2.5642589569091797E+001	0.0000000000000000E+000	0.0000000000000000E+000	0	7	SP00	SP00	2.5642589569091797E+001	1.0000000474974513E-003	3.3607088029384613E-002	1.1307148961350322E-003	0	0.0000000000000000E+000	0.0000000000000000E+000	0.0000000000000000E+000	3.3607088029384613E-002	1.1307148961350322E-003	3.3607088029384613E-002	1.1307148961350322E-003
9	2	2	5	2	5	4	25	2.5642589569091797E+001	2.5642589569091797E+001	4	5	0	0	0.0000000000000000E+000	0.0000000000000000E+000	0.0000000000000000E+000	0.0000000000000000E+000	0.0000000000000000E+000	0.0000000000000000E+000	0.0000000000000000E+000	2.5642589569091797E+001	0.0000000000000000E+000	0.0000000000000000E+000	0	7	SP00	SP00	2.5642589569091797E+001	1.0000000474974513E-003	-3.0092429881278804E-008	9.0555434770098154E-016	0	0.0000000000000000E+000	0.0000000000000000E+000	0.0000000000000000E+000	-3.0092429881278804E-008	9.0555434770098154E-016	-3.0092429881278804E-008	9.0555434770098154E-016
10	2	2	6	2	5	4	25	2.5642589569091797E+001	2.5642589569091797E+001	5	6	0	0	0.0000000000000000E+000	0.0000000000000000E+000	0.0000000000000000E+000	0.0000000000000000E+000	0.0000000000000000E+000	0.0000000000000000E+000	0.0000000000000000E+000	2.5642589569091797E+001	0.0000000000000000E+000	0.0000000000000000E+000	0	7	SP00	SP00	2.5642589569091797E+001	1.0000000474974513E-003	4.8804711383354515E-009	2.3818998265070678E-017	0	0.0000000000000000E+000	0.0000000000000000E+000	0.0000000000000000E+000	4.8804711383354515E-009	2.3818998265070678E-017	4.8804711383354515E-009	2.3818998265070678E-017
11	3	1	5	2	5	1	25	2.5642589569091797E+001	2.5642589569091797E+001	4	5	0	0	0.0000000000000000E+000	0.0000000000000000E+000	0.0000000000000000E+000	0.0000000000000000E+000	0.0000000000000000E+000	0.0000000000000000E+000	0.0000000000000000E+000	2.5642589569091797E+001	0.0000000000000000E+000	0.0000000000000000E+000	0	7	SP00	SP00	2.5642589569091797E+001	1.0000000474974513E-003	8.7781749869009218E-008	7.7056357510583463E-015	0	0.0000000000000000E+000	0.0000000000000000E+000	0.0000000000000000E+000	8.7781749869009218E-008	7.7056357510583463E-015	8.7781749869009218E-008	7.7056357510583463E-015
12	3	1	6	2	5	1	25	2.5642589569091797E+001	2.5642589569091797E+001	5	6	0	0	0.0000000000000000E+000	0.0000000000000000E+000	0.0000000000000000E+000	0.0000000000000000E+000	0.0000000000000000E+000	0.0000000000000000E+000	0.0000000000000000E+000	2.5642589569091797E+001	0.0000000000000000E+000	0.0000000000000000E+000	0	7	SP00	SP00	2.5642589569091797E+001	1.0000000474974513E-003	3.3512095320986646E-009	1.1230605534033468E-017	0	0.0000000000000000E+000	0.0000000000000000E+000	0.0000000000000000E+000	3.3512095320986646E-009	1.1230605534033468E-017	3.3512095320986646E-009	1.1230605534033468E-017
13	3	2	5	2	5	2	25	2.5642589569091797E+001	2.5642589569091797E+001	4	5	0	0	0.0000000000000000E+000	0.0000000000000000E+000	0.0000000000000000E+000	0.0000000000000000E+000	0.0000000000000000E+000	0.0000000000000000E+000	0.0000000000000000E+000	2.5642589569091797E+001	0.0000000000000000E+000	0.0000000000000000E+000	0	7	SP00	SP00	2.5642589569091797E+001	1.0000000474974513E-003	1.0915233872310637E-007	1.1914233298939217E-014	0	0.0000000000000000E+000	0.0000000000000000E+000	0.0000000000000000E+000	1.0915233872310637E-007	1.1914233298939217E-014	1.0915233872310637E-007	1.1914233298939217E-014
14	3	2	6	2	5	2	25	2.5642589569091797E+001	2.5642589569091797E+001	5	6	0	0	0.0000000000000000E+000	0.0000000000000000E+000	0.0000000000000000E+000	0.0000000000000000E+000	0.0000000000000000E+000	0.0000000000000000E+000	0.0000000000000000E+000	2.5642589569091797E+001	0.0000000000000000E+000	0.0000000000000000E+000	0	7	SP00	SP00	2.5642589569091797E+001	1.0000000474974513E-003	1.3562179157489140E-009	1.8393270818790379E-018	0	0.0000000000000000E+000	0.0000000000000000E+000	0.0000000000000000E+000	1.3562179157489140E-009	1.8393270818790379E-018	1.3562179157489140E-009	1.8393270818790379E-018
15	4	1	5	2	5	1	25	2.5642589569091797E+001	2.5642589569091797E+001	4	5	0	0	0.0000000000000000E+000	0.0000000000000000E+000	0.0000000000000000E+000	0.0000000000000000E+000	0.0000000000000000E+000	0.0000000000000000E+000	0.0000000000000000E+000	2.5642589569091797E+001	0.0000000000000000E+000	0.0000000000000000E+000	0	7	SP00	SP00	2.5642589569091797E+001	1.0000000474974513E-003	8.7781749869009218E-008	7.7056357510583463E-015	0	0.0000000000000000E+000	0.0000000000000000E+000	0.0000000000000000E+000	8.7781749869009218E-008	7.7056357510583463E-015	8.7781749869009218E-008	7.7056357510583463E-015
16	4	1	6	2	5	1	25	2.5642589569091797E+001	2.5642589569091797E+001	5	6	0	0	0.0000000000000000E+000	0.0000000000000000E+000	0.0000000000000000E+000	0.0000000000000000E+000	0.0000000000000000E+000	0.0000000000000000E+000	0.0000000000000000E+000	2.5642589569091797E+001	0.0000000000000000E+000	0.0000000000000000E+000	0	7	SP00	SP00	2.5642589569091797E+001	1.0000000474974513E-003	3.3512095320986646E-009	1.1230605534033468E-017	0	0.0000000000000000E+000	0.0000000000000000E+000	0.0000000000000000E+000	3.3512095320986646E-009	1.1230605534033468E-017	3.3512095320986646E-009	1.1230605534033468E-017
17	4	2	5	2	5	2	25	2.5642589569091797E+001	2.5642589569091797E+001	4	5	0	0	0.0000000000000000E+000	0.0000000000000000E+000	0.0000000000000000E+000	0.0000000000000000E+000	0.0000000000000000E+000	0.0000000000000000E+000	0.0000000000000000E+000	2.5642589569091797E+001	0.0000000000000000E+000	0.0000000000000000E+000	0	7	SP00	SP00	2.5642589569091797E+001	1.0000000474974513E-003	1.0915233872310637E-007	1.1914233298939217E-014	0	0.0000000000000000E+000	0.0000000000000000E+000	0.0000000000000000E+000	1.0915233872310637E-007	1.1914233298939217E-014	1.0915233872310637E-007	1.1914233298939217E-014
18	4	2	6	2	5	2	25	2.5642589569091797E+001	2.5642589569091797E+001	5	6	0	0	0.0000000000000000E+000	0.0000000000000000E+000	0.0000000000000000E+000	0.0000000000000000E+000	0.0000000000000000E+000	0.0000000000000000E+000	0.0000000000000000E+000	2.5642589569091797E+001	0.0000000000000000E+000	0.0000000000000000E+000	0	7	SP00	SP00	2.5642589569091797E+001	1.0000000474974513E-003	1.3562179157489140E-009	1.8393270818790379E-018	0	0.0000000000000000E+000	0.0000000000000000E+000	0.0000000000000000E+000	1.3562179157489140E-009	1.8393270818790379E-018	1.3562179157489140E-009	1.8393270818790379E-018
19	5	1	5	0	3	1	3	2.5642589569091797E+001	2.5642589569091797E+001	4	5	0	0	0.0000000000000000E+000	0.0000000000000000E+000	0.0000000000000000E+000	0.0000000000000000E+000	0.0000000000000000E+000	0.0000000000000000E+000	0.0000000000000000E+000	2.5642589569091797E+001	0.0000000000000000E+000	0.0000000000000000E+000	0	7	SP00	SP00	2.5642589569091797E+001	1.0000000474974513E-003	8.7781749869009218E-008	7.7056357510583463E-015	0	0.0000000000000000E+000	0.0000000000000000E+000	0.0000000000000000E+000	8.7781749869009218E-008	7.7056357510583463E-015	8.7781749869009218E-008	7.7056357510583463E-015
20	5	1	6	0	3	1	3	2.5642589569091797E+001	2.5642589569091797E+001	5	6	0	0	0.0000000000000000E+000	0.0000000000000000E+000	0.0000000000000000E+000	0.0000000000000000E+000	0.0000000000000000E+000	0.0000000000000000E+000	0.0000000000000000E+000	2.5642589569091797E+001	0.0000000000000000E+000	0.0000000000000000E+000	0	7	SP00	SP00	2.5642589569091797E+001	1.0000000474974513E-003	3.3512095320986646E-009	1.1230605534033468E-017	0	0.0000000000000000E+000	0.0000000000000000E+000	0.0000000000000000E+000	3.3512095320986646E-009	1.1230605534033468E-017	3.3512095320986646E-009	1.1230605534033468E-017
21	5	2	5	0	3	2	3	2.5642589569091797E+001	2.5642589569091797E+001	4	5	0	0	0.0000000000000000E+000	0.0000000000000000E+000	0.0000000000000000E+000	0.0000000000000000E+000	0.0000000000000000E+000	0.0000000000000000E+000	0.0000000000000000E+000	2.5642589569091797E+001	0.0000000000000000E+000	0.0000000000000000E+000	0	7	SP00	SP00	2.5642589569091797E+001	1.0000000474974513E-003	1.0915233872310637E-007	1.1914233298939217E-014	0	0.0000000000000000E+000	0.0000000000000000E+000	0.0000000000000000E+000	1.0915233872310637E-007	1.1914233298939217E-014	1.0915233872310637E-007	1.1914233298939217E-014
22	5	2	6	0	3	2	3	2.5642589569091797E+001	2.5642589569091797E+001	5	6	0	0	0.0000000000000000E+000	0.0000000000000000E+000	0.0000000000000000E+000	0.0000000000000000E+000	0.0000000000000000E+000	0.0000000000000000E+000	0.0000000000000000E+000	2.5642589569091797E+001	0.0000000000000000E+000	0.0000000000000000E+000	0	7	SP00	SP00	2.5642589569091797E+001	1.0000000474974513E-003	1.3562179157489140E-009	1.8393270818790379E-018	0	0.0000000000000000E+000	0.0000000000000000E+000	0.0000000000000000E+000	1.3562179157489140E-009	1.8393270818790379E-018	1.3562179157489140E-009	1.8393270818790379E-018
23	6	1	5	2	5	1	25	2.5642589569091797E+001	2.5642589569091797E+001	4	5	0	0	0.0000000000000000E+000	0.0000000000000000E+000	0.0000000000000000E+000	0.0000000000000000E+000	0.0000000000000000E+000	0.0000000000000000E+000	0.0000000000000000E+000	2.5642589569091797E+001	0.0000000000000000E+000	0.0000000000000000E+000	0	7	SP00	SP00	2.5642589569091797E+001	1.0000000474974513E-003	8.7781749869009218E-008	7.7056357510583463E-015	0	0.0000000000000000E+000	0.0000000000000000E+000	0.0000000000000000E+000	8.7781749869009218E-008	7.7056357510583463E-015	8.7781749869009218E-008	7.7056357510583463E-015
24	6	1	6	0	3	1	3	2.5642589569091797E+001	2.5642589569091797E+001	5	6	0	0	0.0000000000000000E+000	0.0000000000000000E+000	0.0000000000000000E+000	0.0000000000000000E+000	0.0000000000000000E+000	0.0000000000000000E+000	0.0000000000000000E+000	2.5642589569091797E+001	0.0000000000000000E+000	0.0000000000000000E+000	0	7	SP00	SP00	2.5642589569091797E+001	1.0000000474974513E-003	3.3512095320986646E-009	1.1230605534033468E-017	0	0.0000000000000000E+000	0.0000000000000000E+000	0.0000000000000000E+000	3.3512095320986646E-009	1.1230605534033468E-017	3.3512095320986646E-009	1.1230605534033468E-017
25	6	2	5	2	5	2	25	2.5642589569091797E+001	2.5642589569091797E+001	4	5	0	0	0.0000000000000000E+000	0.0000000000000000E+000	0.0000000000000000E+000	0.0000000000000000E+000	0.0000000000000000E+000	0.0000000000000000E+000	0.0000000000000000E+000	2.5642589569091797E+001	0.0000000000000000E+000	0.0000000000000000E+000	0	7	SP00	SP00	2.5642589569091797E+001	1.0000000474974513E-003	1.0915233872310637E-007	1.1914233298939217E-014	0	0.0000000000000000E+000	0.0000000000000000E+000	0.0000000000000000E+000	1.0915233872310637E-007	1.1914233298939217E-014	1.0915233872310637E-007	1.1914233298939217E-014
26	6	2	6	0	3	2	3	2.5642589569091797E+001	2.5642589569091797E+001	5	6	0	0	0.0000000000000000E+000	0.0000000000000000E+000	0.0000000000000000E+000	0.0000000000000000E+000	0.0000000000000000E+000	0.0000000000000000E+000	0.0000000000000000E+000	2.5642589569091797E+001	0.0000000000000000E+000	0.0000000000000000E+000	0	7	SP00	SP00	2.5642589569091797E+001	1.0000000474974513E-003	1.3562179157489140E-009	1.8393270818790379E-018	0	0.0000000000000000E+000	0.0000000000000000E+000	0.0000000000000000E+000	1.3562179157489140E-009	1.8393270818790379E-018	1.3562179157489140E-009	1.8393270818790379E-018
27	1	1	5	2	5	3	25	2.8143624877929688E+002	2.8143624877929688E+002	4	5	0	0	0.0000000000000000E+000	0.0000000000000000E+000	0.0000000000000000E+000	0.0000000000000000E+000	0.0000000000000000E+000	0.0000000000000000E+000	0.0000000000000000E+000	2.8143624877929688E+002	0.0000000000000000E+000	0.0000000000000000E+000	0	7	SP00	SP00	2.8143624877929688E+002	1.0000000474974513E-003	1.8366273434367031E-004	2.5856018055492314E-006	0	0.0000000000000000E+000	0.0000000000000000E+000	0.0000000000000000E+000	1.8366273434367031E-004	2.5856018055492314E-006	1.8366273434367031E-004	2.5856018055492314E-006
28	1	1	6	2	5	3	25	2.8143624877929688E+002	2.8143624877929688E+002	5	6	0	0	0.0000000000000000E+000	0.0000000000000000E+000	0.0000000000000000E+000	0.0000000000000000E+000	0.0000000000000000E+000	0.0000000000000000E+000	0.0000000000000000E+000	2.8143624877929688E+002	0.0000000000000000E+000	0.0000000000000000E+000	0	7	SP00	SP00	2.8143624877929688E+002	1.0000000474974513E-003	5.8342091506347060E-005	4.4452406200434780E-007	0	0.0000000000000000E+000	0.0000000000000000E+000	0.0000000000000000E+000	5.8342091506347060E-005	4.4452406200434780E-007	5.8342091506347060E-005	4.4452406200434780E-007
29	1	2	2	2	1	4	21	2.8143624877929688E+002	2.8143624877929688E+002	1	2	0	0	0.0000000000000000E+000	0.0000000000000000E+000	0.0000000000000000E+000	0.0000000000000000E+000	0.0000000000000000E+000	0.0000000000000000E+000	0.0000000000000000E+000	2.8143624877929688E+002	0.0000000000000000E+000	0.0000000000000000E+000	0	7	SP00	SP00	2.8143624877929688E+002	1.0000000474974513E-003	-4.9302023649215698E-001	5.7524615526199341E-001	0	0.0000000000000000E+000	0.0000000000000000E+000	0.0000000000000000E+000	-4.9302023649215698E-001	5.7524615526199341E-001	-4.9302023649215698E-001	5.7524615526199341E-001
30	1	2	5	2	5	4	25	2.8143624877929688E+002	2.8143624877929688E+002	4	5	0	0	0.0000000000000000E+000	0.0000000000000000E+000	0.0000000000000000E+000	0.0000000000000000E+000	0.0000000000000000E+000	0.0000000000000000E+000	0.0000000000000000E+000	2.8143624877929688E+002	0.0000000000000000E+000	0.0000000000000000E+000	0	7	SP00	SP00	2.8143624877929688E+002	1.0000000474974513E-003	-2.1420330449473113E-004	1.5935847841319628E-007	0	0.0000000000000000E+000	0.0000000000000000E+000	0.0000000000000000E+000	-2.1420330449473113E-004	1.5935847841319628E-007	-2.1420330449473113E-004	1.5935847841319628E-007
31	1	2	6	2	5	4	25	2.8143624877929688E+002	2.8143624877929688E+002	5	6	0	0	0.0000000000000000E+000	0.0000000000000000E+000	0.0000000000000000E+000	0.0000000000000000E+000	0.0000000000000000E+000	0.0000000000000000E+000	0.0000000000000000E+000	2.8143624877929688E+002	0.0000000000000000E+000	0.0000000000000000E+000	0	7	SP00	SP00	2.8143624877929688E+002	1.0000000474974513E-003	4.4872664147987962E-004	4.9447061201135512E-007	0	0.0000000000000000E+000	0.0000000000000000E+000	0.0000000000000000E+000	4.4872664147987962E-004	4.9447061201135512E-007	4.4872664147987962E-004	4.9447061201135512E-007
32	2	1	5	2	5	3	25	2.8143624877929688E+002	2.8143624877929688E+002	4	5	0	0	0.0000000000000000E+000	0.0000000000000000E+000	0.0000000000000000E+000	0.0000000000000000E+000	0.0000000000000000E+000	0.0000000000000000E+000	0.0000000000000000E+000	2.8143624877929688E+002	0.0000000000000000E+000	0.0000000000000000E+000	0	7	SP00	SP00	2.8143624877929688E+002	1.0000000474974513E-003	1.8366273434367031E-004	2.5856018055492314E-006	0	0.0000000000000000E+000	0.0000000000000000E+000	0.0000000000000000E+000	1.8366273434367031E-004	2.5856018055492314E-006	1.8366273434367031E-004	2.5856018055492314E-006
33	2	1	6	2	5	3	25	2.8143624877929688E+002	2.8143624877929688E+002	5	6	0	0	0.0000000000000000E+000	0.0000000000000000E+000	0.0000000000000000E+000	0.0000000000000000E+000	0.0000000000000000E+000	0.0000000000000000E+000	0.0000000000000000E+000	2.8143624877929688E+002	0.0000000000000000E+000	0.0000000000000000E+000	0	7	SP00	SP00	2.8143624877929688E+002	1.0000000474974513E-003	5.8342091506347060E-005	4.4452406200434780E-007	0	0.0000000000000000E+000	0.0000000000000000E+000	0.0000000000000000E+000	5.8342091506347060E-005	4.4452406200434780E-007	5.8342091506347060E-005	4.4452406200434780E-007
34	2	2	2	2	1	4	21	2.8143624877929688E+002	2.8143624877929688E+002	1	2	0	0	0.0000000000000000E+000	0.0000000000000000E+000	0.0000000000000000E+000	0.0000000000000000E+000	0.0000000000000000E+000	0.0000000000000000E+000	0.0000000000000000E+000	2.8143624877929688E+002	0.0000000000000000E+000	0.0000000000000000E+000	0	7	SP00	SP00	2.8143624877929688E+002	1.0000000474974513E-003	-4.9302023649215698E-001	5.7524615526199341E-001	0	0.0000000000000000E+000	0.0000000000000000E+000	0.0000000000000000E+000	-4.9302023649215698E-001	5.7524615526199341E-001	-4.9302023649215698E-001	5.7524615526199341E-001
35	2	2	5	2	5	4	25	2.8143624877929688E+002	2.8143624877929688E+002	4	5	0	0	0.0000000000000000E+000	0.0000000000000000E+000	0.0000000000000000E+000	0.0000000000000000E+000	0.0000000000000000E+000	0.0000000000000000E+000	0.0000000000000000E+000	2.8143624877929688E+002	0.0000000000000000E+000	0.0000000000000000E+000	0	7	SP00	SP00	2.8143624877929688E+002	1.0000000474974513E-003	-2.1420330449473113E-004	1.5935847841319628E-007	0	0.0000000000000000E+000	0.0000000000000000E+000	0.0000000000000000E+000	-2.1420330449473113E-004	1.5935847841319628E-007	-2.1420330449473113E-004	1.5935847841319628E-007
36	2	2	6	2	5	4	25	2.8143624877929688E+002	2.8143624877929688E+002	5	6	0	0	0.0000000000000000E+000	0.0000000000000000E+000	0.0000000000000000E+000	0.0000000000000000E+000	0.0000000000000000E+000	0.0000000000000000E+000	0.0000000000000000E+000	2.8143624877929688E+002	0.0000000000000000E+000	0.0000000000000000E+000	0	7	SP00	SP00	2.8143624877929688E+002	1.0000000474974513E-003	4.4872664147987962E-004	4.9447061201135512E-007	0	0.0000000000000000E+000	0.0000000000000000E+000	0.0000000000000000E+000	4.4872664147987962E-004	4.9447061201135512E-007	4.4872664147987962E-004	4.9447061201135512E-007
37	3	1	5	2	5	1	25	2.8143624877929688E+002	2.8143624877929688E+002	4	5	0	0	0.0000000000000000E+000	0.0000000000000000E+000	0.0000000000000000E+000	0.0000000000000000E+000	0.0000000000000000E+000	0.0000000000000000E+000	0.0000000000000000E+000	2.8143624877929688E+002	0.0000000000000000E+000	0.0000000000000000E+000	0	7	SP00	SP00	2.8143624877929688E+002	1.0000000474974513E-003	1.4812191948294640E-003	8.6759537225589156E-006	0	0.0000000000000000E+000	0.0000000000000000E+000	0.0000000000000000E+000	1.4812191948294640E-003	8.6759537225589156E-006	1.4812191948294640E-003	8.6759537225589156E-006
38	3	1	6	2	5	1	25	2.8143624877929688E+002	2.8143624877929688E+002	5	6	0	0	0.0000000000000000E+000	0.0000000000000000E+000	0.0000000000000000E+000	0.0000000000000000E+000	0.0000000000000000E+000	0.0000000000000000E+000	0.0000000000000000E+000	2.8143624877929688E+002	0.0000000000000000E+000	0.0000000000000000E+000	0	7	SP00	SP00	2.8143624877929688E+002	1.0000000474974513E-003	1.0085581743624061E-004	7.2474314947612584E-005	0	0.0000000000000000E+000	0.0000000000000000E+000	0.0000000000000000E+000	1.0085581743624061E-004	7.2474314947612584E-005	1.0085581743624061E-004	7.2474314947612584E-005
39	3	2	5	2	5	2	25	2.8143624877929688E+002	2.8143624877929688E+002	4	5	0	0	0.0000000000000000E+000	0.0000000000000000E+000	0.0000000000000000E+000	0.0000000000000000E+000	0.0000000000000000E+000	0.0000000000000000E+000	0.0000000000000000E+000	2.8143624877929688E+002	0.0000000000000000E+000	0.0000000000000000E+000	0	7	SP00	SP00	2.8143624877929688E+002	1.0000000474974513E-003	4.6671050949953496E-004	2.1690777884941781E-006	0	0.0000000000000000E+000	0.0000000000000000E+000	0.0000000000000000E+000	4.6671050949953496E-004	2.1690777884941781E-006	4.6671050949953496E-004	2.1690777884941781E-006
40	3	2	6	2	5	2	25	2.8143624877929688E+002	2.8143624877929688E+002	5	6	0	0	0.0000000000000000E+000	0.0000000000000000E+000	0.0000000000000000E+000	0.0000000000000000E+000	0.0000000000000000E+000	0.0000000000000000E+000	0.0000000000000000E+000	2.8143624877929688E+002	0.0000000000000000E+000	0.0000000000000000E+000	0	7	SP00	SP00	2.8143624877929688E+002	1.0000000474974513E-003	-1.3632384070660919E-004	1.8584190186743399E-008	0	0.0000000000000000E+000	0.0000000000000000E+000	0.0000000000000000E+000	-1.3632384070660919E-004	1.8584190186743399E-008	-1.3632384070660919E-004	1.8584190186743399E-008
41	4	1	5	2	5	1	25	2.8143624877929688E+002	2.8143624877929688E+002	4	5	0	0	0.0000000000000000E+000	0.0000000000000000E+000	0.0000000000000000E+000	0.0000000000000000E+000	0.0000000000000000E+000	0.0000000000000000E+000	0.0000000000000000E+000	2.8143624877929688E+002	0.0000000000000000E+000	0.0000000000000000E+000	0	7	SP00	SP00	2.8143624877929688E+002	1.0000000474974513E-003	1.4812191948294640E-003	8.6759537225589156E-006	0	0.0000000000000000E+000	0.0000000000000000E+000	0.0000000000000000E+000	1.4812191948294640E-003	8.6759537225589156E-006	1.4812191948294640E-003	8.6759537225589156E-006
42	4	1	6	2	5	1	25	2.8143624877929688E+002	2.8143624877929688E+002	5	6	0	0	0.0000000000000000E+000	0.0000000000000000E+000	0.0000000000000000E+000	0.0000000000000000E+000	0.0000000000000000E+000	0.0000000000000000E+000	0.0000000000000000E+000	2.8143624877929688E+002	0.0000000000000000E+000	0.0000000000000000E+000	0	7	SP00	SP00	2.8143624877929688E+002	1.0000000474974513E-003	1.0085581743624061E-004	7.2474314947612584E-005	0	0.0000000000000000E+000	0.0000000000000000E+000	0.0000000000000000E+000	1.0085581743624061E-004	7.2474314947612584E-005	1.0085581743624061E-004	7.2474314947612584E-005
43	4	2	5	2	5	2	25	2.8143624877929688E+002	2.8143624877929688E+002	4	5	0	0	0.0000000000000000E+000	0.0000000000000000E+000	0.0000000000000000E+000	0.0000000000000000E+000	0.0000000000000000E+000	0.0000000000000000E+000	0.0000000000000000E+000	2.8143624877929688E+002	0.0000000000000000E+000	0.0000000000000000E+000	0	7	SP00	SP00	2.8143624877929688E+002	1.0000000474974513E-003	4.6671050949953496E-004	2.1690777884941781E-006	0	0.0000000000000000E+000	0.0000000000000000E+000	0.0000000000000000E+000	4.6671050949953496E-004	2.1690777884941781E-006	4.6671050949953496E-004	2.1690777884941781E-006
44	4	2	6	2	5	2	25	2.8143624877929688E+002	2.8143624877929688E+002	5	6	0	0	0.0000000000000000E+000	0.0000000000000000E+000	0.0000000000000000E+000	0.0000000000000000E+000	0.0000000000000000E+000	0.0000000000000000E+000	0.0000000000000000E+000	2.8143624877929688E+002	0.0000000000000000E+000	0.0000000000000000E+000	0	7	SP00	SP00	2.8143624877929688E+002	1.0000000474974513E-003	-1.3632384070660919E-004	1.8584190186743399E-008	0	0.0000000000000000E+000	0.0000000000000000E+000	0.0000000000000000E+000	-1.3632384070660919E-004	1.8584190186743399E-008	-1.3632384070660919E-004	1.8584190186743399E-008
45	5	1	5	0	3	1	3	2.8143624877929688E+002	2.8143624877929688E+002	4	5	0	0	0.0000000000000000E+000	0.0000000000000000E+000	0.0000000000000000E+000	0.0000000000000000E+000	0.0000000000000000E+000	0.0000000000000000E+000	0.0000000000000000E+000	2.8143624877929688E+002	0.0000000000000000E+000	0.0000000000000000E+000	0	7	SP00	SP00	2.8143624877929688E+002	1.0000000474974513E-003	1.4812191948294640E-003	8.6759537225589156E-006	0	0.0000000000000000E+000	0.0000000000000000E+000	0.0000000000000000E+000	1.4812191948294640E-003	8.6759537225589156E-006	1.4812191948294640E-003	8.6759537225589156E-006
46	5	1	6	0	3	1	3	2.8143624877929688E+002	2.8143624877929688E+002	5	6	0	0	0.0000000000000000E+000	0.0000000000000000E+000	0.0000000000000000E+000	0.0000000000000000E+000	0.0000000000000000E+000	0.0000000000000000E+000	0.0000000000000000E+000	2.8143624877929688E+002	0.0000000000000000E+000	0.0000000000000000E+000	0	7	SP00	SP00	2.8143624877929688E+002	1.0000000474974513E-003	1.0085581743624061E-004	7.2474314947612584E-005	0	0.0000000000000000E+000	0.0000000000000000E+000	0.0000000000000000E+000	1.0085581743624061E-004	7.2474314947612584E-005	1.0085581743624061E-004	7.2474314947612584E-005
47	5	2	5	0	3	2	3	2.8143624877929688E+002	2.8143624877929688E+002	4	5	0	0	0.0000000000000000E+000	0.0000000000000000E+000	0.0000000000000000E+000	0.0000000000000000E+000	0.0000000000000000E+000	0.0000000000000000E+000	0.0000000000000000E+000	2.8143624877929688E+002	0.0000000000000000E+000	0.0000000000000000E+000	0	7	SP00	SP00	2.8143624877929688E+002	1.0000000474974513E-003	4.6671050949953496E-004	2.1690777884941781E-006	0	0.0000000000000000E+000	0.0000000000000000E+000	0.0000000000000000E+000	4.6671050949953496E-004	2.1690777884941781E-006	4.6671050949953496E-004	2.1690777884941781E-006
48	5	2	6	0	3	2	3	2.8143624877929688E+002	2.8143624877929688E+002	5	6	0	0	0.0000000000000000E+000	0.0000000000000000E+000	0.0000000000000000E+000	0.0000000000000000E+000	0.0000000000000000E+000	0.0000000000000000E+000	0.0000000000000000E+000	2.8143624877929688E+002	0.0000000000000000E+000	0.0000000000000000E+000	0	7	SP00	SP00	2.8143624877929688E+002	1.0000000474974513E-003	-1.3632384070660919E-004	1.8584190186743399E-008	0	0.0000000000000000E+000	0.0000000000000000E+000	0.0000000000000000E+000	-1.3632384070660919E-004	1.8584190186743399E-008	-1.3632384070660919E-004	1.8584190186743399E-008
49	6	1	5	2	5	1	25	2.8143624877929688E+002	2.8143624877929688E+002	4	5	0	0	0.0000000000000000E+000	0.0000000000000000E+000	0.0000000000000000E+000	0.0000000000000000E+000	0.0000000000000000E+000	0.0000000000000000E+000	0.0000000000000000E+000	2.8143624877929688E+002	0.0000000000000000E+000	0.0000000000000000E+000	0	7	SP00	SP00	2.8143624877929688E+002	1.0000000474974513E-003	1.4812191948294640E-003	8.6759537225589156E-006	0	0.0000000000000000E+000	0.0000000000000000E+000	0.0000000000000000E+000	1.4812191948294640E-003	8.6759537225589156E-006	1.4812191948294640E-003	8.6759537225589156E-006
50	6	1	6	0	3	1	3	2.8143624877929688E+002	2.8143624877929688E+002	5	6	0	0	0.0000000000000000E+000	0.0000000000000000E+000	0.0000000000000000E+000	0.0000000000000000E+000	0.0000000000000000E+000	0.0000000000000000E+000	0.0000000000000000E+000	2.8143624877929688E+002	0.0000000000000000E+000	0.0000000000000000E+000	0	7	SP00	SP00	2.8143624877929688E+002	1.0000000474974513E-003	1.0085581743624061E-004	7.2474314947612584E-005	0	0.0000000000000000E+000	0.0000000000000000E+000	0.0000000000000000E+000	1.0085581743624061E-004	7.2474314947612584E-005	1.0085581743624061E-004	7.2474314947612584E-005
51	6	2	5	2	5	2	25	2.8143624877929688E+002	2.8143624877929688E+002	4	5	0	0	0.0000000000000000E+000	0.0000000000000000E+000	0.0000000000000000E+000	0.0000000000000000E+000	0.0000000000000000E+000	0.0000000000000000E+000	0.0000000000000000E+000	2.8143624877929688E+002	0.0000000000000000E+000	0.0000000000000000E+000	0	7	SP00	SP00	2.8143624877929688E+002	1.0000000474974513E-003	4.6671050949953496E-004	2.1690777884941781E-006	0	0.0000000000000000E+000	0.0000000000000000E+000	0.0000000000000000E+000	4.6671050949953496E-004	2.1690777884941781E-006	4.6671050949953496E-004	2.1690777884941781E-006
52	6	2	6	0	3	2	3	2.8143624877929688E+002	2.8143624877929688E+002	5	6	0	0	0.0000000000000000E+000	0.0000000000000000E+000	0.0000000000000000E+000	0.0000000000000000E+000	0.0000000000000000E+000	0.0000000000000000E+000	0.0000000000000000E+000	2.8143624877929688E+002	0.0000000000000000E+000	0.0000000000000000E+000	0	7	SP00	SP00	2.8143624877929688E+002	1.0000000474974513E-003	-1.3632384070660919E-004	1.8584190186743399E-008	0	0.0000000000000000E+000	0.0000000000000000E+000	0.0000000000000000E+000	-1.3632384070660919E-004	1.8584190186743399E-008	-1.3632384070660919E-004	1.8584190186743399E-008
53	1	1	5	2	5	3	25	5.7986248779296875E+002	5.7986248779296875E+002	4	5	0	0	0.0000000000000000E+000	0.0000000000000000E+000	0.0000000000000000E+000	0.0000000000000000E+000	0.0000000000000000E+000	0.0000000000000000E+000	0.0000000000000000E+000	5.7986248779296875E+002	0.0000000000000000E+000	0.0000000000000000E+000	0	7	SP00	SP00	5.7986248779296875E+002	1.0000000474974513E-003	-2.9392316355369985E-004	4.5299224439077079E-004	0	0.0000000000000000E+000	0.0000000000000000E+000	0.0000000000000000E+000	-2.9392316355369985E-004	4.5299224439077079E-004	-2.9392316355369985E-004	4.5299224439077079E-004
54	1	1	6	2	5	3	25	5.7986248779296875E+002	5.7986248779296875E+002	5	6	0	0	0.0000000000000000E+000	0.0000000000000000E+000	0.0000000000000000E+000	0.0000000000000000E+000	0.0000000000000000E+000	0.0000000000000000E+000	0.0000000000000000E+000	5.7986248779296875E+002	0.0000000000000000E+000	0.0000000000000000E+000	0	7	SP00	SP00	5.7986248779296875E+002	1.0000000474974513E-003	-8.4388484538067132E-005	1.0961332736769691E-004	0	0.0000000000000000E+000	0.0000000000000000E+000	0.0000000000000000E+000	-8.4388484538067132E-005	1.0961332736769691E-004	-8.4388484538067132E-005	1.0961332736769691E-004
55	1	2	2	2	1	4	21	5.7986248779296875E+002	5.7986248779296875E+002	1	2	0	0	0.0000000000000000E+000	0.0000000000000000E+000	0.0000000000000000E+000	0.0000000000000000E+000	0.0000000000000000E+000	0.0000000000000000E+000	0.0000000000000000E+000	5.7986248779296875E+002	0.0000000000000000E+000	0.0000000000000000E+000	0	7	SP00	SP00	5.7986248779296875E+002	1.0000000474974513E-003	-2.5951561331748962E-001	9.7372055053710938E-002	0	0.0000000000000000E+000	0.0000000000000000E+000	0.0000000000000000E+000	-2.5951561331748962E-001	9.7372055053710938E-002	-2.5951561331748962E-001	9.7372055053710938E-002
56	1	2	5	2	5	4	25	5.7986248779296875E+002	5.7986248779296875E+002	4	5	0	0	0.0000000000000000E+000	0.0000000000000000E+000	0.0000000000000000E+000	0.0000000000000000E+000	0.0000000000000000E+000	0.0000000000000000E+000	0.0000000000000000E+000	5.7986248779296875E+002	0.0000000000000000E+000	0.0000000000000000E+000	0	7	SP00	SP00	5.7986248779296875E+002	1.0000000474974513E-003	-1.0449491674080491E-003	6.3592262449674308E-005	0	0.0000000000000000E+000	0.0000000000000000E+000	0.0000000000000000E+000	-1.0449491674080491E-003	6.3592262449674308E-005	-1.0449491674080491E-003	6.3592262449674308E-005
57	1	2	6	2	5	4	25	5.7986248779296875E+002	5.7986248779296875E+002	5	6	0	0	0.0000000000000000E+000	0.0000000000000000E+000	0.0000000000000000E+000	0.0000000000000000E+000	0.0000000000000000E+000	0.0000000000000000E+000	0.0000000000000000E+000	5.7986248779296875E+002	0.0000000000000000E+000	0.0000000000000000E+000	0	7	SP00	SP00	5.7986248779296875E+002	1.0000000474974513E-003	4.3035941198468208E-003	8.2607301010284573E-005	0	0.0000000000000000E+000	0.0000000000000000E+000	0.0000000000000000E+000	4.3035941198468208E-003	8.2607301010284573E-005	4.3035941198468208E-003	8.2607301010284573E-005
58	2	1	5	2	5	3	25	5.7986248779296875E+002	5.7986248779296875E+002	4	5	0	0	0.0000000000000000E+000	0.0000000000000000E+000	0.0000000000000000E+000	0.0000000000000000E+000	0.0000000000000000E+000	0.0000000000000000E+000	0.0000000000000000E+000	5.7986248779296875E+002	0.0000000000000000E+000	0.0000000000000000E+000	0	7	SP00	SP00	5.7986248779296875E+002	1.0000000474974513E-003	-2.9392316355369985E-004	4.5299224439077079E-004	0	0.0000000000000000E+000	0.0000000000000000E+000	0.0000000000000000E+000	-2.9392316355369985E-004	4.5299224439077079E-004	-2.9392316355369985E-004	4.5299224439077079E-004
59	2	1	6	2	5	3	25	5.7986248779296875E+002	5.7986248779296875E+002	5	6	0	0	0.0000000000000000E+000	0.0000000000000000E+000	0.0000000000000000E+000	0.0000000000000000E+000	0.0000000000000000E+000	0.0000000000000000E+000	0.0000000000000000E+000	5.7986248779296875E+002	0.0000000000000000E+000	0.0000000000000000E+000	0	7	SP00	SP00	5.7986248779296875E+002	1.0000000474974513E-003	-8.4388484538067132E-005	1.0961332736769691E-004	0	0.0000000000000000E+000	0.0000000000000000E+000	0.0000000000000000E+000	-8.4388484538067132E-005	1.0961332736769691E-004	-8.4388484538067132E-005	1.0961332736769691E-004
60	2	2	2	2	1	4	21	5.7986248779296875E+002	5.7986248779296875E+002	1	2	0	0	0.0000000000000000E+000	0.0000000000000000E+000	0.0000000000000000E+000	0.0000000000000000E+000	0.0000000000000000E+000	0.0000000000000000E+000	0.0000000000000000E+000	5.7986248779296875E+002	0.0000000000000000E+000	0.0000000000000000E+000	0	7	SP00	SP00	5.7986248779296875E+002	1.0000000474974513E-003	-2.5951561331748962E-001	9.7372055053710938E-002	0	0.0000000000000000E+000	0.0000000000000000E+000	0.0000000000000000E+000	-2.5951561331748962E-001	9.7372055053710938E-002	-2.5951561331748962E-001	9.7372055053710938E-002
61	2	2	5	2	5	4	25	5.7986248779296875E+002	5.7986248779296875E+002	4	5	0	0	0.0000000000000000E+000	0.0000000000000000E+000	0.0000000000000000E+000	0.0000000000000000E+000	0.0000000000000000E+000	0.0000000000000000E+000	0.0000000000000000E+000	5.7986248779296875E+002	0.0000000000000000E+000	0.0000000000000000E+000	0	7	SP00	SP00	5.7986248779296875E+002	1.0000000474974513E-003	-1.0449491674080491E-003	6.3592262449674308E-005	0	0.0000000000000000E+000	0.0000000000000000E+000	0.0000000000000000E+000	-1.0449491674080491E-003	6.3592262449674308E-005	-1.0449491674080491E-003	6.3592262449674308E-005
62	2	2	6	2	5	4	25	5.7986248779296875E+002	5.7986248779296875E+002	5	6	0	0	0.0000000000000000E+000	0.0000000000000000E+000	0.0000000000000000E+000	0.0000000000000000E+000	0.0000000000000000E+000	0.0000000000000000E+000	0.0000000000000000E+000	5.7986248779296875E+002	0.0000000000000000E+000	0.0000000000000000E+000	0	7	SP00	SP00	5.7986248779296875E+002	1.0000000474974513E-003	4.3035941198468208E-003	8.2607301010284573E-005	0	0.0000000000000000E+000	0.0000000000000000E+000	0.0000000000000000E+000	4.3035941198468208E-003	8.2607301010284573E-005	4.3035941198468208E-003	8.2607301010284573E-005
63	3	1	5	2	5	1	25	5.7986248779296875E+002	5.7986248779296875E+002	4	5	0	0	0.0000000000000000E+000	0.0000000000000000E+000	0.0000000000000000E+000	0.0000000000000000E+000	0.0000000000000000E+000	0.0000000000000000E+000	0.0000000000000000E+000	5.7986248779296875E+002	0.0000000000000000E+000	0.0000000000000000E+000	0	7	SP00	SP00	5.7986248779296875E+002	1.0000000474974513E-003	1.5015323646366596E-002	7.9398188972845674E-004	0	0.0000000000000000E+000	0.0000000000000000E+000	0.0000000000000000E+000	1.5015323646366596E-002	7.9398188972845674E-004	1.5015323646366596E-002	7.9398188972845674E-004
64	3	1	6	2	5	1	25	5.7986248779296875E+002	5.7986248779296875E+002	5	6	0	0	0.0000000000000000E+000	0.0000000000000000E+000	0.0000000000000000E+000	0.0000000000000000E+000	0.0000000000000000E+000	0.0000000000000000E+000	0.0000000000000000E+000	5.7986248779296875E+002	0.0000000000000000E+000	0.0000000000000000E+000	0	7	SP00	SP00	5.7986248779296875E+002	1.0000000474974513E-003	1.0062452638521791E-003	3.7046510260552168E-004	0	0.0000000000000000E+000	0.0000000000000000E+000	0.0000000000000000E+000	1.0062452638521791E-003	3.7046510260552168E-004	1.0062452638521791E-003	3.7046510260552168E-004
65	3	2	5	2	5	2	25	5.7986248779296875E+002	5.7986248779296875E+002	4	5	0	0	0.0000000000000000E+000	0.0000000000000000E+000	0.0000000000000000E+000	0.0000000000000000E+000	0.0000000000000000E+000	0.0000000000000000E+000	0.0000000000000000E+000	5.7986248779296875E+002	0.0000000000000000E+000	0.0000000000000000E+000	0	7	SP00	SP00	5.7986248779296875E+002	1.0000000474974513E-003	1.9964496605098248E-003	2.0071456674486399E-004	0	0.0000000000000000E+000	0.0000000000000000E+000	0.0000000000000000E+000	1.9964496605098248E-003	2.0071456674486399E-004	1.9964496605098248E-003	2.0071456674486399E-004
66	3	2	6	2	5	2	25	5.7986248779296875E+002	5.7986248779296875E+002	5	6	0	0	0.0000000000000000E+000	0.0000000000000000E+000	0.0000000000000000E+000	0.0000000000000000E+000	0.0000000000000000E+000	0.0000000000000000E+000	0.0000000000000000E+000	5.7986248779296875E+002	0.0000000000000000E+000	0.0000000000000000E+000	0	7	SP00	SP00	5.7986248779296875E+002	1.0000000474974513E-003	-1.7662772443145514E-003	3.1197448606690159E-006	0	0.0000000000000000E+000	0.0000000000000000E+000	0.0000000000000000E+000	-1.7662772443145514E-003	3.1197448606690159E-006	-1.7662772443145514E-003	3.1197448606690159E-006
67	4	1	5	2	5	1	25	5.7986248779296875E+002	5.7986248779296875E+002	4	5	0	0	0.0000000000000000E+000	0.0000000000000000E+000	0.0000000000000000E+000	0.0000000000000000E+000	0.0000000000000000E+000	0.0000000000000000E+000	0.0000000000000000E+000	5.7986248779296875E+002	0.0000000000000000E+000	0.0000000000000000E+000	0	7	SP00	SP00	5.7986248779296875E+002	1.0000000474974513E-003	1.5015323646366596E-002	7.9398188972845674E-004	0	0.0000000000000000E+000	0.0000000000000000E+000	0.0000000000000000E+000	1.5015323646366596E-002	7.9398188972845674E-004	1.5015323646366596E-002	7.9398188972845674E-004
68	4	1	6	2	5	1	25	5.7986248779296875E+002	5.7986248779296875E+002	5	6	0	0	0.0000000000000000E+000	0.0000000000000000E+000	0.0000000000000000E+000	0.0000000000000000E+000	0.0000000000000000E+000	0.0000000000000000E+000	0.0000000000000000E+000	5.7986248779296875E+002	0.0000000000000000E+000	0.0000000000000000E+000	0	7	SP00	SP00	5.7986248779296875E+002	1.0000000474974513E-003	1.0062452638521791E-003	3.7046510260552168E-004	0	0.0000000000000000E+000	0.0000000000000000E+000	0.0000000000000000E+000	1.0062452638521791E-003	3.7046510260552168E-004	1.0062452638521791E-003	3.7046510260552168E-004
69	4	2	5	2	5	2	25	5.7986248779296875E+002	5.7986248779296875E+002	4	5	0	0	0.0000000000000000E+000	0.0000000000000000E+000	0.0000000000000000E+000	0.0000000000000000E+000	0.0000000000000000E+000	0.0000000000000000E+000	0.0000000000000000E+000	5.7986248779296875E+002	0.0000000000000000E+000	0.0000000000000000E+000	0	7	SP00	SP00	5.7986248779296875E+002	1.0000000474974513E-003	1.9964496605098248E-003	2.0071456674486399E-004	0	0.0000000000000000E+000	0.0000000000000000E+000	0.0000000000000000E+000	1.9964496605098248E-003	2.0071456674486399E-004	1.9964496605098248E-003	2.0071456674486399E-004
70	4	2	6	2	5	2	25	5.7986248779296875E+002	5.7986248779296875E+002	5	6	0	0	0.0000000000000000E+000	0.0000000000000000E+000	0.0000000000000000E+000	0.0000000000000000E+000	0.0000000000000000E+000	0.0000000000000000E+000	0.0000000000000000E+000	5.7986248779296875E+002	0.0000000000000000E+000	0.0000000000000000E+000	0	7	SP00	SP00	5.7986248779296875E+002	1.0000000474974513E-003	-1.7662772443145514E-003	3.1197448606690159E-006	0	0.0000000000000000E+000	0.0000000000000000E+000	0.0000000000000000E+000	-1.7662772443145514E-003	3.1197448606690159E-006	-1.7662772443145514E-003	3.1197448606690159E-006
71	5	1	5	0	3	1	3	5.7986248779296875E+002	5.7986248779296875E+002	4	5	0	0	0.0000000000000000E+000	0.0000000000000000E+000	0.0000000000000000E+000	0.0000000000000000E+000	0.0000000000000000E+000	0.0000000000000000E+000	0.0000000000000000E+000	5.7986248779296875E+002	0.0000000000000000E+000	0.0000000000000000E+000	0	7	SP00	SP00	5.7986248779296875E+002	1.0000000474974513E-003	1.5015323646366596E-002	7.9398188972845674E-004	0	0.0000000000000000E+000	0.0000000000000000E+000	0.0000000000000000E+000	1.5015323646366596E-002	7.9398188972845674E-004	1.5015323646366596E-002	7.9398188972845674E-004
72	5	1	6	0	3	1	3	5.7986248779296875E+002	5.7986248779296875E+002	5	6	0	0	0.0000000000000000E+000	0.0000000000000000E+000	0.0000000000000000E+000	0.0000000000000000E+000	0.0000000000000000E+000	0.0000000000000000E+000	0.0000000000000000E+000	5.7986248779296875E+002	0.0000000000000000E+000	0.0000000000000000E+000	0	7	SP00	SP00	5.7986248779296875E+002	1.0000000474974513E-003	1.0062452638521791E-003	3.7046510260552168E-004	0	0.0000000000000000E+000	0.0000000000000000E+000	0.0000000000000000E+000	1.0062452638521791E-003	3.7046510260552168E-004	1.0062452638521791E-003	3.7046510260552168E-004
73	5	2	5	0	3	2	3	5.7986248779296875E+002	5.7986248779296875E+002	4	5	0	0	0.0000000000000000E+000	0.0000000000000000E+000	0.0000000000000000E+000	0.0000000000000000E+000	0.0000000000000000E+000	0.0000000000000000E+000	0.0000000000000000E+000	5.7986248779296875E+002	0.0000000000000000E+000	0.0000000000000000E+000	0	7	SP00	SP00	5.7986248779296875E+002	1.0000000474974513E-003	1.9964496605098248E-003	2.0071456674486399E-004	0	0.0000000000000000E+000	0.0000000000000000E+000	0.0000000000000000E+000	1.9964496605098248E-003	2.0071456674486399E-004	1.9964496605098248E-003	2.0071456674486399E-004
74	5	2	6	0	3	2	3	5.7986248779296875E+002	5.7986248779296875E+002	5	6	0	0	0.0000000000000000E+000	0.0000000000000000E+000	0.0000000000000000E+000	0.0000000000000000E+000	0.0000000000000000E+000	0.0000000000000000E+000	0.0000000000000000E+000	5.7986248779296875E+002	0.0000000000000000E+000	0.0000000000000000E+000	0	7	SP00	SP00	5.7986248779296875E+002	1.0000000474974513E-003	-1.7662772443145514E-003	3.1197448606690159E-006	0	0.0000000000000000E+000	0.0000000000000000E+000	0.0000000000000000E+000	-1.7662772443145514E-003	3.1197448606690159E-006	-1.7662772443145514E-003	3.1197448606690159E-006
75	6	1	5	2	5	1	25	5.7986248779296875E+002	5.7986248779296875E+002	4	5	0	0	0.0000000000000000E+000	0.0000000000000000E+000	0.0000000000000000E+000	0.0000000000000000E+000	0.0000000000000000E+000	0.0000000000000000E+000	0.0000000000000000E+000	5.7986248779296875E+002	0.0000000000000000E+000	0.0000000000000000E+000	0	7	SP00	SP00	5.7986248779296875E+002	1.0000000474974513E-003	1.5015323646366596E-002	7.9398188972845674E-004	0	0.0000000000000000E+000	0.0000000000000000E+000	0.0000000000000000E+000	1.5015323646366596E-002	7.9398188972845674E-004	1.5015323646366596E-002	7.9398188972845674E-004
76	6	1	6	0	3	1	3	5.7986248779296875E+002	5.7986248779296875E+002	5	6	0	0	0.0000000000000000E+000	0.0000000000000000E+000	0.0000000000000000E+000	0.0000000000000000E+000	0.0000000000000000E+000	0.0000000000000000E+000	0.0000000000000000E+000	5.7986248779296875E+002	0.0000000000000000E+000	0.0000000000000000E+000	0	7	SP00	SP00	5.7986248779296875E+002	1.0000000474974513E-003	1.0062452638521791E-003	3.7046510260552168E-004	0	0.0000000000000000E+000	0.0000000000000000E+000	0.0000000000000000E+000	1.0062452638521791E-003	3.7046510260552168E-004	1.0062452638521791E-003	3.7046510260552168E-004
77	6	2	5	2	5	2	25	5.7986248779296875E+002	5.7986248779296875E+002	4	5	0	0	0.0000000000000000E+000	0.0000000000000000E+000	0.0000000000000000E+000	0.0000000000000000E+000	0.0000000000000000E+000	0.0000000000000000E+000	0.0000000000000000E+000	5.7986248779296875E+002	0.0000000000000000E+000	0.0000000000000000E+000	0	7	SP00	SP00	5.7986248779296875E+002	1.0000000474974513E-003	1.9964496605098248E-003	2.0071456674486399E-004	0	0.0000000000000000E+000	0.0000000000000000E+000	0.0000000000000000E+000	1.9964496605098248E-003	2.0071456674486399E-004	1.9964496605098248E-003	2.0071456674486399E-004
78	6	2	6	0	3	2	3	5.7986248779296875E+002	5.7986248779296875E+002	5	6	0	0	0.0000000000000000E+000	0.0000000000000000E+000	0.0000000000000000E+000	0.0000000000000000E+000	0.0000000000000000E+000	0.0000000000000000E+000	0.0000000000000000E+000	5.7986248779296875E+002	0.0000000000000000E+000	0.0000000000000000E+000	0	7	SP00	SP00	5.7986248779296875E+002	1.0000000474974513E-003	-1.7662772443145514E-003	3.1197448606690159E-006	0	0.0000000000000000E+000	0.0000000000000000E+000	0.0000000000000000E+000	-1.7662772443145514E-003	3.1197448606690159E-006	-1.7662772443145514E-003	3.1197448606690159E-006
79	1	1	5	2	5	3	25	9.2092077636718750E+002	9.2092077636718750E+002	4	5	0	0	0.0000000000000000E+000	0.0000000000000000E+000	0.0000000000000000E+000	0.0000000000000000E+000	0.0000000000000000E+000	0.0000000000000000E+000	0.0000000000000000E+000	9.2092077636718750E+002	0.0000000000000000E+000	0.0000000000000000E+000	0	7	SP00	SP00	9.2092077636718750E+002	1.0000000474974513E-003	-2.8062548954039812E-003	4.4439593330025673E-003	0	0.0000000000000000E+000	0.0000000000000000E+000	0.0000000000000000E+000	-2.8062548954039812E-003	4.4439593330025673E-003	-2.8062548954039812E-003	4.4439593330025673E-003
80	1	1	6	2	5	3	25	9.2092077636718750E+002	9.2092077636718750E+002	5	6	0	0	0.0000000000000000E+000	0.0000000000000000E+000	0.0000000000000000E+000	0.0000000000000000E+000	0.0000000000000000E+000	0.0000000000000000E+000	0.0000000000000000E+000	9.2092077636718750E+002	0.0000000000000000E+000	0.0000000000000000E+000	0	7	SP00	SP00	9.2092077636718750E+002	1.0000000474974513E-003	-2.0437191706150770E-003	1.4762770151719451E-003	0	0.0000000000000000E+000	0.0000000000000000E+000	0.0000000000000000E+000	-2.0437191706150770E-003	1.4762770151719451E-003	-2.0437191706150770E-003	1.4762770151719451E-003
81	1	2	2	2	1	4	21	9.2092077636718750E+002	9.2092077636718750E+002	1	2	0	0	0.0000000000000000E+000	0.0000000000000000E+000	0.0000000000000000E+000	0.0000000000000000E+000	0.0000000000000000E+000	0.0000000000000000E+000	0.0000000000000000E+000	9.2092077636718750E+002	0.0000000000000000E+000	0.0000000000000000E+000	0	7	SP00	SP00	9.2092077636718750E+002	1.0000000474974513E-003	-4.6393010765314102E-002	1.3053587079048157E-001	0	0.0000000000000000E+000	0.0000000000000000E+000	0.0000000000000000E+000	-4.6393010765314102E-002	1.3053587079048157E-001	-4.6393010765314102E-002	1.3053587079048157E-001
82	1	2	5	2	5	4	25	9.2092077636718750E+002	9.2092077636718750E+002	4	5	0	0	0.0000000000000000E+000	0.0000000000000000E+000	0.0000000000000000E+000	0.0000000000000000E+000	0.0000000000000000E+000	0.0000000000000000E+000	0.0000000000000000E+000	9.2092077636718750E+002	0.0000000000000000E+000	0.0000000000000000E+000	0	7	SP00	SP00	9.2092077636718750E+002	1.0000000474974513E-003	-1.0323830647394061E-003	1.6599710797891021E-003	0	0.0000000000000000E+000	0.0000000000000000E+000	0.0000000000000000E+000	-1.0323830647394061E-003	1.6599710797891021E-003	-1.0323830647394061E-003	1.6599710797891021E-003
83	1	2	6	2	5	4	25	9.2092077636718750E+002	9.2092077636718750E+002	5	6	0	0	0.0000000000000000E+000	0.0000000000000000E+000	0.0000000000000000E+000	0.0000000000000000E+000	0.0000000000000000E+000	0.0000000000000000E+000	0.0000000000000000E+000	9.2092077636718750E+002	0.0000000000000000E+000	0.0000000000000000E+000	0	7	SP00	SP00	9.2092077636718750E+002	1.0000000474974513E-003	1.1317376978695393E-002	1.1406536214053631E-003	0	0.0000000000000000E+000	0.0000000000000000E+000	0.0000000000000000E+000	1.1317376978695393E-002	1.1406536214053631E-003	1.1317376978695393E-002	1.1406536214053631E-003
84	2	1	5	2	5	3	25	9.2092077636718750E+002	9.2092077636718750E+002	4	5	0	0	0.0000000000000000E+000	0.0000000000000000E+000	0.0000000000000000E+000	0.0000000000000000E+000	0.0000000000000000E+000	0.0000000000000000E+000	0.0000000000000000E+000	9.2092077636718750E+002	0.0000000000000000E+000	0.0000000000000000E+000	0	7	SP00	SP00	9.2092077636718750E+002	1.0000000474974513E-003	-2.8062548954039812E-003	4.4439593330025673E-003	0	0.0000000000000000E+000	0.0000000000000000E+000	0.0000000000000000E+000	-2.8062548954039812E-003	4.4439593330025673E-003	-2.8062548954039812E-003	4.4439593330025673E-003
85	2	1	6	2	5	3	25	9.2092077636718750E+002	9.2092077636718750E+002	5	6	0	0	0.0000000000000000E+000	0.0000000000000000E+000	0.0000000000000000E+000	0.0000000000000000E+000	0.0000000000000000E+000	0.0000000000000000E+000	0.0000000000000000E+000	9.2092077636718750E+002	0.0000000000000000E+000	0.0000000000000000E+000	0	7	SP00	SP00	9.2092077636718750E+002	1.0000000474974513E-003	-2.0437191706150770E-003	1.4762770151719451E-003	0	0.0000000000000000E+000	0.0000000000000000E+000	0.0000000000000000E+000	-2.0437191706150770E-003	1.4762770151719451E-003	-2.0437191706150770E-003	1.4762770151719451E-003
86	2	2	2	2	1	4	21	9.2092077636718750E+002	9.2092077636718750E+002	1	2	0	0	0.0000000000000000E+000	0.0000000000000000E+000	0.0000000000000000E+000	0.0000000000000000E+000	0.0000000000000000E+000	0.0000000000000000E+000	0.0000000000000000E+000	9.2092077636718750E+002	0.0000000000000000E+000	0.0000000000000000E+000	0	7	SP00	SP00	9.2092077636718750E+002	1.0000000474974513E-003	-4.6393010765314102E-002	1.3053587079048157E-001	0	0.0000000000000000E+000	0.0000000000000000E+000	0.0000000000000000E+000	-4.6393010765314102E-002	1.3053587079048157E-001	-4.6393010765314102E-002	1.3053587079048157E-001
87	2	2	5	2	5	4	25	9.2092077636718750E+002	9.2092077636718750E+002	4	5	0	0	0.0000000000000000E+000	0.0000000000000000E+000	0.0000000000000000E+000	0.0000000000000000E+000	0.0000000000000000E+000	0.0000000000000000E+000	0.0000000000000000E+000	9.2092077636718750E+002	0.0000000000000000E+000	0.0000000000000000E+000	0	7	SP00	SP00	9.2092077636718750E+002	1.0000000474974513E-003	-1.0323830647394061E-003	1.6599710797891021E-003	0	0.0000000000000000E+000	0.0000000000000000E+000	0.0000000000000000E+000	-1.0323830647394061E-003	1.6599710797891021E-003	-1.0323830647394061E-003	1.6599710797891021E-003
88	2	2	6	2	5	4	25	9.2092077636718750E+002	9.2092077636718750E+002	5	6	0	0	0.0000000000000000E+000	0.0000000000000000E+000	0.0000000000000000E+000	0.0000000000000000E+000	0.0000000000000000E+000	0.0000000000000000E+000	0.0000000000000000E+000	9.2092077636718750E+002	0.0000000000000000E+000	0.0000000000000000E+000	0	7	SP00	SP00	9.2092077636718750E+002	1.0000000474974513E-003	1.1317376978695393E-002	1.1406536214053631E-003	0	0.0000000000000000E+000	0.0000000000000000E+000	0.0000000000000000E+000	1.1317376978695393E-002	1.1406536214053631E-003	1.1317376978695393E-002	1.1406536214053631E-003
89	3	1	5	2	5	1	25	9.2092077636718750E+002	9.2092077636718750E+002	4	5	0	0	0.0000000000000000E+000	0.0000000000000000E+000	0.0000000000000000E+000	0.0000000000000000E+000	0.0000000000000000E+000	0.0000000000000000E+000	0.0000000000000000E+000	9.2092077636718750E+002	0.0000000000000000E+000	0.0000000000000000E+000	0	7	SP00	SP00	9.2092077636718750E+002	1.0000000474974513E-003	5.5389318615198135E-002	1.0582814924418926E-002	0	0.0000000000000000E+000	0.0000000000000000E+000	0.0000000000000000E+000	5.5389318615198135E-002	1.0582814924418926E-002	5.5389318615198135E-002	1.0582814924418926E-002
90	3	1	6	2	5	1	25	9.2092077636718750E+002	9.2092077636718750E+002	5	6	0	0	0.0000000000000000E+000	0.0000000000000000E+000	0.0000000000000000E+000	0.0000000000000000E+000	0.0000000000000000E+000	0.0000000000000000E+000	0.0000000000000000E+000	9.2092077636718750E+002	0.0000000000000000E+000	0.0000000000000000E+000	0	7	SP00	SP00	9.2092077636718750E+002	1.0000000474974513E-003	1.1620967648923397E-002	2.7902855072170496E-003	0	0.0000000000000000E+000	0.0000000000000000E+000	0.0000000000000000E+000	1.1620967648923397E-002	2.7902855072170496E-003	1.1620967648923397E-002	2.7902855072170496E-003
91	3	2	5	2	5	2	25	9.2092077636718750E+002	9.2092077636718750E+002	4	5	0	0	0.0000000000000000E+000	0.0000000000000000E+000	0.0000000000000000E+000	0.0000000000000000E+000	0.0000000000000000E+000	0.0000000000000000E+000	0.0000000000000000E+000	9.2092077636718750E+002	0.0000000000000000E+000	0.0000000000000000E+000	0	7	SP00	SP00	9.2092077636718750E+002	1.0000000474974513E-003	7.8001958318054676E-003	2.6849738787859678E-003	0	0.0000000000000000E+000	0.0000000000000000E+000	0.0000000000000000E+000	7.8001958318054676E-003	2.6849738787859678E-003	7.8001958318054676E-003	2.6849738787859678E-003
92	3	2	6	2	5	2	25	9.2092077636718750E+002	9.2092077636718750E+002	5	6	0	0	0.0000000000000000E+000	0.0000000000000000E+000	0.0000000000000000E+000	0.0000000000000000E+000	0.0000000000000000E+000	0.0000000000000000E+000	0.0000000000000000E+000	9.2092077636718750E+002	0.0000000000000000E+000	0.0000000000000000E+000	0	7	SP00	SP00	9.2092077636718750E+002	1.0000000474974513E-003	-3.9916648529469967E-003	1.5933645045151934E-005	0	0.0000000000000000E+000	0.0000000000000000E+000	0.0000000000000000E+000	-3.9916648529469967E-003	1.5933645045151934E-005	-3.9916648529469967E-003	1.5933645045151934E-005
93	4	1	5	2	5	1	25	9.2092077636718750E+002	9.2092077636718750E+002	4	5	0	0	0.0000000000000000E+000	0.0000000000000000E+000	0.0000000000000000E+000	0.0000000000000000E+000	0.0000000000000000E+000	0.0000000000000000E+000	0.0000000000000000E+000	9.2092077636718750E+002	0.0000000000000000E+000	0.0000000000000000E+000	0	7	SP00	SP00	9.2092077636718750E+002	1.0000000474974513E-003	5.5389318615198135E-002	1.0582814924418926E-002	0	0.0000000000000000E+000	0.0000000000000000E+000	0.0000000000000000E+000	5.5389318615198135E-002	1.0582814924418926E-002	5.5389318615198135E-002	1.0582814924418926E-002
94	4	1	6	2	5	1	25	9.2092077636718750E+002	9.2092077636718750E+002	5	6	0	0	0.0000000000000000E+000	0.0000000000000000E+000	0.0000000000000000E+000	0.0000000000000000E+000	0.0000000000000000E+000	0.0000000000000000E+000	0.0000000000000000E+000	9.2092077636718750E+002	0.0000000000000000E+000	0.0000000000000000E+000	0	7	SP00	SP00	9.2092077636718750E+002	1.0000000474974513E-003	1.1620967648923397E-002	2.7902855072170496E-003	0	0.0000000000000000E+000	0.0000000000000000E+000	0.0000000000000000E+000	1.1620967648923397E-002	2.7902855072170496E-003	1.1620967648923397E-002	2.7902855072170496E-003
95	4	2	5	2	5	2	25	9.2092077636718750E+002	9.2092077636718750E+002	4	5	0	0	0.0000000000000000E+000	0.0000000000000000E+000	0.0000000000000000E+000	0.0000000000000000E+000	0.0000000000000000E+000	0.0000000000000000E+000	0.0000000000000000E+000	9.2092077636718750E+002	0.0000000000000000E+000	0.0000000000000000E+000	0	7	SP00	SP00	9.2092077636718750E+002	1.0000000474974513E-003	7.8001958318054676E-003	2.6849738787859678E-003	0	0.0000000000000000E+000	0.0000000000000000E+000	0.0000000000000000E+000	7.8001958318054676E-003	2.6849738787859678E-003	7.8001958318054676E-003	2.6849738787859678E-003
96	4	2	6	2	5	2	25	9.2092077636718750E+002	9.2092077636718750E+002	5	6	0	0	0.0000000000000000E+000	0.0000000000000000E+000	0.0000000000000000E+000	0.0000000000000000E+000	0.0000000000000000E+000	0.0000000000000000E+000	0.0000000000000000E+000	9.2092077636718750E+002	0.0000000000000000E+000	0.0000000000000000E+000	0	7	SP00	SP00	9.2092077636718750E+002	1.0000000474974513E-003	-3.9916648529469967E-003	1.5933645045151934E-005	0	0.0000000000000000E+000	0.0000000000000000E+000	0.0000000000000000E+000	-3.9916648529469967E-003	1.5933645045151934E-005	-3.9916648529469967E-003	1.5933645045151934E-005
97	5	1	5	0	3	1	3	9.2092077636718750E+002	9.2092077636718750E+002	4	5	0	0	0.0000000000000000E+000	0.0000000000000000E+000	0.0000000000000000E+000	0.0000000000000000E+000	0.0000000000000000E+000	0.0000000000000000E+000	0.0000000000000000E+000	9.2092077636718750E+002	0.0000000000000000E+000	0.0000000000000000E+000	0	7	SP00	SP00	9.2092077636718750E+002	1.0000000474974513E-003	5.5389318615198135E-002	1.0582814924418926E-002	0	0.0000000000000000E+000	0.0000000000000000E+000	0.0000000000000000E+000	5.5389318615198135E-002	1.0582814924418926E-002	5.5389318615198135E-002	1.0582814924418926E-002
98	5	1	6	0	3	1	3	9.2092077636718750E+002	9.2092077636718750E+002	5	6	0	0	0.0000000000000000E+000	0.0000000000000000E+000	0.0000000000000000E+000	0.0000000000000000E+000	0.0000000000000000E+000	0.0000000000000000E+000	0.0000000000000000E+000	9.2092077636718750E+002	0.0000000000000000E+000	0.0000000000000000E+000	0	7	SP00	SP00	9.2092077636718750E+002	1.0000000474974513E-003	1.1620967648923397E-002	2.7902855072170496E-003	0	0.0000000000000000E+000	0.0000000000000000E+000	0.0000000000000000E+000	1.1620967648923397E-002	2.7902855072170496E-003	1.1620967648923397E-002	2.7902855072170496E-003
99	5	2	5	0	3	2	3	9.2092077636718750E+002	9.2092077636718750E+002	4	5	0	0	0.0000000000000000E+000	0.0000000000000000E+000	0.0000000000000000E+000	0.0000000000000000E+000	0.0000000000000000E+000	0.0000000000000000E+000	0.0000000000000000E+000	9.2092077636718750E+002	0.0000000000000000E+000	0.0000000000000000E+000	0	7	SP00	SP00	9.2092077636718750E+002	1.0000000474974513E-003	7.8001958318054676E-003	2.6849738787859678E-003	0	0.0000000000000000E+000	0.0000000000000000E+000	0.0000000000000000E+000	7.8001958318054676E-003	2.6849738787859678E-003	7.8001958318054676E-003	2.6849738787859678E-003
100	5	2	6	0	3	2	3	9.2092077636718750E+002	9.2092077636718750E+002	5	6	0	0	0.0000000000000000E+000	0.0000000000000000E+000	0.0000000000000000E+000	0.0000000000000000E+000	0.0000000000000000E+000	0.0000000000000000E+000	0.0000000000000000E+000	9.2092077636718750E+002	0.0000000000000000E+000	0.0000000000000000E+000	0	7	SP00	SP00	9.2092077636718750E+002	1.0000000474974513E-003	-3.9916648529469967E-003	1.5933645045151934E-005	0	0.0000000000000000E+000	0.0000000000000000E+000	0.0000000000000000E+000	-3.9916648529469967E-003	1.5933645045151934E-005	-3.9916648529469967E-003	1.5933645045151934E-005
101	6	1	5	2	5	1	25	9.2092077636718750E+002	9.2092077636718750E+002	4	5	0	0	0.0000000000000000E+000	0.0000000000000000E+000	0.0000000000000000E+000	0.0000000000000000E+000	0.0000000000000000E+000	0.0000000000000000E+000	0.0000000000000000E+000	9.2092077636718750E+002	0.0000000000000000E+000	0.0000000000000000E+000	0	7	SP00	SP00	9.2092077636718750E+002	1.0000000474974513E-003	5.5389318615198135E-002	1.0582814924418926E-002	0	0.0000000000000000E+000	0.0000000000000000E+000	0.0000000000000000E+000	5.5389318615198135E-002	1.0582814924418926E-002	5.5389318615198135E-002	1.0582814924418926E-002
102	6	1	6	0	3	1	3	9.2092077636718750E+002	9.2092077636718750E+002	5	6	0	0	0.0000000000000000E+000	0.0000000000000000E+000	0.0000000000000000E+000	0.0000000000000000E+000	0.0000000000000000E+000	0.0000000000000000E+000	0.0000000000000000E+000	9.2092077636718750E+002	0.0000000000000000E+000	0.0000000000000000E+000	0	7	SP00	SP00	9.2092077636718750E+002	1.0000000474974513E-003	1.1620967648923397E-002	2.7902855072170496E-003	0	0.0000000000000000E+000	0.0000000000000000E+000	0.0000000000000000E+000	1.1620967648923397E-002	2.7902855072170496E-003	1.1620967648923397E-002	2.7902855072170496E-003
103	6	2	5	2	5	2	25	9.2092077636718750E+002	9.2092077636718750E+002	4	5	0	0	0.0000000000000000E+000	0.0000000000000000E+000	0.0000000000000000E+000	0.0000000000000000E+000	0.0000000000000000E+000	0.0000000000000000E+000	0.0000000000000000E+000	9.2092077636718750E+002	0.0000000000000000E+000	0.0000000000000000E+000	0	7	SP00	SP00	9.2092077636718750E+002	1.0000000474974513E-003	7.8001958318054676E-003	2.6849738787859678E-003	0	0.0000000000000000E+000	0.0000000000000000E+000	0.0000000000000000E+000	7.8001958318054676E-003	2.6849738787859678E-003	7.8001958318054676E-003	2.6849738787859678E-003
104	6	2	6	0	3	2	3	9.2092077636718750E+002	9.2092077636718750E+002	5	6	0	0	0.0000000000000000E+000	0.0000000000000000E+000	0.0000000000000000E+000	0.0000000000000000E+000	0.0000000000000000E+000	0.0000000000000000E+000	0.0000000000000000E+000	9.2092077636718750E+002	0.0000000000000000E+000	0.0000000000000000E+000	0	7	SP00	SP00	9.2092077636718750E+002	1.0000000474974513E-003	-3.9916648529469967E-003	1.5933645045151934E-005	0	0.0000000000000000E+000	0.0000000000000000E+000	0.0000000000000000E+000	-3.9916648529469967E-003	1.5933645045151934E-005	-3.9916648529469967E-003	1.5933645045151934E-005
105	1	1	5	2	5	3	25	1.3046112060546875E+003	1.3046112060546875E+003	4	5	0	0	0.0000000000000000E+000	0.0000000000000000E+000	0.0000000000000000E+000	0.0000000000000000E+000	0.0000000000000000E+000	0.0000000000000000E+000	0.0000000000000000E+000	1.3046112060546875E+003	0.0000000000000000E+000	0.0000000000000000E+000	0	7	SP00	SP00	1.3046112060546875E+003	1.0000000474974513E-003	-7.2979810647666454E-003	1.6874447464942932E-002	0	0.0000000000000000E+000	0.0000000000000000E+000	0.0000000000000000E+000	-7.2979810647666454E-003	1.6874447464942932E-002	-7.2979810647666454E-003	1.6874447464942932E-002
106	1	1	6	2	5	3	25	1.3046112060546875E+003	1.3046112060546875E+003	5	6	0	0	0.0000000000000000E+000	0.0000000000000000E+000	0.0000000000000000E+000	0.0000000000000000E+000	0.0000000000000000E+000	0.0000000000000000E+000	0.0000000000000000E+000	1.3046112060546875E+003	0.0000000000000000E+000	0.0000000000000000E+000	0	7	SP00	SP00	1.3046112060546875E+003	1.0000000474974513E-003	-7.7434419654309750E-003	6.7493063397705555E-003	0	0.0000000000000000E+000	0.0000000000000000E+000	0.0000000000000000E+000	-7.7434419654309750E-003	6.7493063397705555E-003	-7.7434419654309750E-003	6.7493063397705555E-003
107	1	2	2	2	1	4	21	1.3046112060546875E+003	1.3046112060546875E+003	1	2	0	0	0.0000000000000000E+000	0.0000000000000000E+000	0.0000000000000000E+000	0.0000000000000000E+000	0.0000000000000000E+000	0.0000000000000000E+000	0.0000000000000000E+000	1.3046112060546875E+003	0.0000000000000000E+000	0.0000000000000000E+000	0	7	SP00	SP00	1.3046112060546875E+003	1.0000000474974513E-003	2.9692970216274261E-002	1.8905226886272430E-001	0	0.0000000000000000E+000	0.0000000000000000E+000	0.0000000000000000E+000	2.9692970216274261E-002	1.8905226886272430E-001	2.9692970216274261E-002	1.8905226886272430E-001
108	1	2	5	2	5	4	25	1.3046112060546875E+003	1.3046112060546875E+003	4	5	0	0	0.0000000000000000E+000	0.0000000000000000E+000	0.0000000000000000E+000	0.0000000000000000E+000	0.0000000000000000E+000	0.0000000000000000E+000	0.0000000000000000E+000	1.3046112060546875E+003	0.0000000000000000E+000	0.0000000000000000E+000	0	7	SP00	SP00	1.3046112060546875E+003	1.0000000474974513E-003	2.3197333794087172E-003	1.2901573441922665E-002	0	0.0000000000000000E+000	0.0000000000000000E+000	0.0000000000000000E+000	2.3197333794087172E-003	1.2901573441922665E-002	2.3197333794087172E-003	1.2901573441922665E-002
109	1	2	6	2	5	4	25	1.3046112060546875E+003	1.3046112060546875E+003	5	6	0	0	0.0000000000000000E+000	0.0000000000000000E+000	0.0000000000000000E+000	0.0000000000000000E+000	0.0000000000000000E+000	0.0000000000000000E+000	0.0000000000000000E+000	1.3046112060546875E+003	0.0000000000000000E+000	0.0000000000000000E+000	0	7	SP00	SP00	1.3046112060546875E+003	1.0000000474974513E-003	2.0693724974989891E-002	5.7856347411870956E-003	0	0.0000000000000000E+000	0.0000000000000000E+000	0.0000000000000000E+000	2.0693724974989891E-002	5.7856347411870956E-003	2.0693724974989891E-002	5.7856347411870956E-003
110	2	1	5	2	5	3	25	1.3046112060546875E+003	1.3046112060546875E+003	4	5	0	0	0.0000000000000000E+000	0.0000000000000000E+000	0.0000000000000000E+000	0.0000000000000000E+000	0.0000000000000000E+000	0.0000000000000000E+000	0.0000000000000000E+000	1.3046112060546875E+003	0.0000000000000000E+000	0.0000000000000000E+000	0	7	SP00	SP00	1.3046112060546875E+003	1.0000000474974513E-003	-7.2979810647666454E-003	1.6874447464942932E-002	0	0.0000000000000000E+000	0.0000000000000000E+000	0.0000000000000000E+000	-7.2979810647666454E-003	1.6874447464942932E-002	-7.2979810647666454E-003	1.6874447464942932E-002
111	2	1	6	2	5	3	25	1.3046112060546875E+003	1.3046112060546875E+003	5	6	0	0	0.0000000000000000E+000	0.0000000000000000E+000	0.0000000000000000E+000	0.0000000000000000E+000	0.0000000000000000E+000	0.0000000000000000E+000	0.0000000000000000E+000	1.3046112060546875E+003	0.0000000000000000E+000	0.0000000000000000E+000	0	7	SP00	SP00	1.3046112060546875E+003	1.0000000474974513E-003	-7.7434419654309750E-003	6.7493063397705555E-003	0	0.0000000000000000E+000	0.0000000000000000E+000	0.0000000000000000E+000	-7.7434419654309750E-003	6.7493063397705555E-003	-7.7434419654309750E-003	6.7493063397705555E-003
112	2	2	2	2	1	4	21	1.3046112060546875E+003	1.3046112060546875E+003	1	2	0	0	0.0000000000000000E+000	0.0000000000000000E+000	0.0000000000000000E+000	0.0000000000000000E+000	0.0000000000000000E+000	0.0000000000000000E+000	0.0000000000000000E+000	1.3046112060546875E+003	0.0000000000000000E+000	0.0000000000000000E+000	0	7	SP00	SP00	1.3046112060546875E+003	1.0000000474974513E-003	2.9692970216274261E-002	1.8905226886272430E-001	0	0.0000000000000000E+000	0.0000000000000000E+000	0.0000000000000000E+000	2.9692970216274261E-002	1.8905226886272430E-001	2.9692970216274261E-002	1.8905226886272430E-001
113	2	2	5	2	5	4	25	1.3046112060546875E+003	1.3046112060546875E+003	4	5	0	0	0.0000000000000000E+000	0.0000000000000000E+000	0.0000000000000000E+000	0.0000000000000000E+000	0.0000000000000000E+000	0.0000000000000000E+000	0.0000000000000000E+000	1.3046112060546875E+003	0.0000000000000000E+000	0.0000000000000000E+000	0	7	SP00	SP00	1.3046112060546875E+003	1.0000000474974513E-003	2.3197333794087172E-003	1.2901573441922665E-002	0	0.0000000000000000E+000	0.0000000000000000E+000	0.0000000000000000E+000	2.3197333794087172E-003	1.2901573441922665E-002	2.3197333794087172E-003	1.2901573441922665E-002
114	2	2	6	2	5	4	25	1.3046112060546875E+003	1.3046112060546875E+003	5	6	0	0	0.0000000000000000E+000	0.0000000000000000E+000	0.0000000000000000E+000	0.0000000000000000E+000	0.0000000000000000E+000	0.0000000000000000E+000	0.0000000000000000E+000	1.3046112060546875E+003	0.0000000000000000E+000	0.0000000000000000E+000	0	7	SP00	SP00	1.3046112060546875E+003	1.0000000474974513E-003	2.0693724974989891E-002	5.7856347411870956E-003	0	0.0000000000000000E+000	0.0000000000000000E+000	0.0000000000000000E+000	2.0693724974989891E-002	5.7856347411870956E-003	2.0693724974989891E-002	5.7856347411870956E-003
115	3	1	5	2	5	1	25	1.3046112060546875E+003	1.3046112060546875E+003	4	5	0	0	0.0000000000000000E+000	0.0000000000000000E+000	0.0000000000000000E+000	0.0000000000000000E+000	0.0000000000000000E+000	0.0000000000000000E+000	0.0000000000000000E+000	1.3046112060546875E+003	0.0000000000000000E+000	0.0000000000000000E+000	0	7	SP00	SP00	1.3046112060546875E+003	1.0000000474974513E-003	1.2702654302120209E-001	7.7993884682655334E-002	0	0.0000000000000000E+000	0.0000000000000000E+000	0.0000000000000000E+000	1.2702654302120209E-001	7.7993884682655334E-002	1.2702654302120209E-001	7.7993884682655334E-002
116	3	1	6	2	5	1	25	1.3046112060546875E+003	1.3046112060546875E+003	5	6	0	0	0.0000000000000000E+000	0.0000000000000000E+000	0.0000000000000000E+000	0.0000000000000000E+000	0.0000000000000000E+000	0.0000000000000000E+000	0.0000000000000000E+000	1.3046112060546875E+003	0.0000000000000000E+000	0.0000000000000000E+000	0	7	SP00	SP00	1.3046112060546875E+003	1.0000000474974513E-003	5.7729355990886688E-002	1.9416658207774162E-002	0	0.0000000000000000E+000	0.0000000000000000E+000	0.0000000000000000E+000	5.7729355990886688E-002	1.9416658207774162E-002	5.7729355990886688E-002	1.9416658207774162E-002
117	3	2	5	2	5	2	25	1.3046112060546875E+003	1.3046112060546875E+003	4	5	0	0	0.0000000000000000E+000	0.0000000000000000E+000	0.0000000000000000E+000	0.0000000000000000E+000	0.0000000000000000E+000	0.0000000000000000E+000	0.0000000000000000E+000	1.3046112060546875E+003	0.0000000000000000E+000	0.0000000000000000E+000	0	7	SP00	SP00	1.3046112060546875E+003	1.0000000474974513E-003	2.6283672079443932E-002	1.8127176910638809E-002	0	0.0000000000000000E+000	0.0000000000000000E+000	0.0000000000000000E+000	2.6283672079443932E-002	1.8127176910638809E-002	2.6283672079443932E-002	1.8127176910638809E-002
118	3	2	6	2	5	2	25	1.3046112060546875E+003	1.3046112060546875E+003	5	6	0	0	0.0000000000000000E+000	0.0000000000000000E+000	0.0000000000000000E+000	0.0000000000000000E+000	0.0000000000000000E+000	0.0000000000000000E+000	0.0000000000000000E+000	1.3046112060546875E+003	0.0000000000000000E+000	0.0000000000000000E+000	0	7	SP00	SP00	1.3046112060546875E+003	1.0000000474974513E-003	-4.0348852053284645E-003	1.6280564523185603E-005	0	0.0000000000000000E+000	0.0000000000000000E+000	0.0000000000000000E+000	-4.0348852053284645E-003	1.6280564523185603E-005	-4.0348852053284645E-003	1.6280564523185603E-005
119	4	1	5	2	5	1	25	1.3046112060546875E+003	1.3046112060546875E+003	4	5	0	0	0.0000000000000000E+000	0.0000000000000000E+000	0.0000000000000000E+000	0.0000000000000000E+000	0.0000000000000000E+000	0.0000000000000000E+000	0.0000000000000000E+000	1.3046112060546875E+003	0.0000000000000000E+000	0.0000000000000000E+000	0	7	SP00	SP00	1.3046112060546875E+003	1.0000000474974513E-003	1.2702654302120209E-001	7.7993884682655334E-002	0	0.0000000000000000E+000	0.0000000000000000E+000	0.0000000000000000E+000	1.2702654302120209E-001	7.7993884682655334E-002	1.2702654302120209E-001	7.7993884682655334E-002
120	4	1	6	2	5	1	25	1.3046112060546875E+003	1.3046112060546875E+003	5	6	0	0	0.0000000000000000E+000	0.0000000000000000E+000	0.0000000000000000E+000	0.0000000000000000E+000	0.0000000000000000E+000	0.0000000000000000E+000	0.0000000000000000E+000	1.3046112060546875E+003	0.0000000000000000E+000	0.0000000000000000E+000	0	7	SP00	SP00	1.3046112060546875E+003	1.0000000474974513E-003	5.7729355990886688E-002	1.9416658207774162E-002	0	0.0000000000000000E+000	0.0000000000000000E+000	0.0000000000000000E+000	5.7729355990886688E-002	1.9416658207774162E-002	5.7729355990886688E-002	1.9416658207774162E-002
121	4	2	5	2	5	2	25	1.3046112060546875E+003	1.3046112060546875E+003	4	5	0	0	0.0000000000000000E+000	0.0000000000000000E+000	0.0000000000000000E+000	0.0000000000000000E+000	0.0000000000000000E+000	0.0000000000000000E+000	0.0000000000000000E+000	1.3046112060546875E+003	0.0000000000000000E+000	0.0000000000000000E+000	0	7	SP00	SP00	1.3046112060546875E+003	1.0000000474974513E-003	2.6283672079443932E-002	1.8127176910638809E-002	0	0.0000000000000000E+000	0.0000000000000000E+000	0.0000000000000000E+000	2.6283672079443932E-002	1.8127176910638809E-002	2.6283672079443932E-002	1.8127176910638809E-002
122	4	2	6	2	5	2	25	1.3046112060546875E+003	1.3046112060546875E+003	5	6	0	0	0.0000000000000000E+000	0.0000000000000000E+000	0.0000000000000000E+000	0.0000000000000000E+000	0.0000000000000000E+000	0.0000000000000000E+000	0.0000000000000000E+000	1.3046112060546875E+003	0.0000000000000000E+000	0.0000000000000000E+000	0	7	SP00	SP00	1.3046112060546875E+003	1.0000000474974513E-003	-4.0348852053284645E-003	1.6280564523185603E-005	0	0.0000000000000000E+000	0.0000000000000000E+000	0.0000000000000000E+000	-4.0348852053284645E-003	1.6280564523185603E-005	-4.0348852053284645E-003	1.6280564523185603E-005
123	5	1	5	0	3	1	3	1.3046112060546875E+003	1.3046112060546875E+003	4	5	0	0	0.0000000000000000E+000	0.0000000000000000E+000	0.0000000000000000E+000	0.0000000000000000E+000	0.0000000000000000E+000	0.0000000000000000E+000	0.0000000000000000E+000	1.3046112060546875E+003	0.0000000000000000E+000	0.0000000000000000E+000	0	7	SP00	SP00	1.3046112060546875E+003	1.0000000474974513E-003	1.2702654302120209E-001	7.7993884682655334E-002	0	0.0000000000000000E+000	0.0000000000000000E+000	0.0000000000000000E+000	1.2702654302120209E-001	7.7993884682655334E-002	1.2702654302120209E-001	7.7993884682655334E-002
124	5	1	6	0	3	1	3	1.3046112060546875E+003	1.3046112060546875E+003	5	6	0	0	0.0000000000000000E+000	0.0000000000000000E+000	0.0000000000000000E+000	0.0000000000000000E+000	0.0000000000000000E+000	0.0000000000000000E+000	0.0000000000000000E+000	1.3046112060546875E+003	0.0000000000000000E+000	0.0000000000000000E+000	0	7	SP00	SP00	1.3046112060546875E+003	1.0000000474974513E-003	5.7729355990886688E-002	1.9416658207774162E-002	0	0.0000000000000000E+000	0.0000000000000000E+000	0.0000000000000000E+000	5.7729355990886688E-002	1.9416658207774162E-002	5.7729355990886688E-002	1.9416658207774162E-002
125	5	2	5	0	3	2	3	1.3046112060546875E+003	1.3046112060546875E+003	4	5	0	0	0.0000000000000000E+000	0.0000000000000000E+000	0.0000000000000000E+000	0.0000000000000000E+000	0.0000000000000000E+000	0.0000000000000000E+000	0.0000000000000000E+000	1.3046112060546875E+003	0.0000000000000000E+000	0.0000000000000000E+000	0	7	SP00	SP00	1.3046112060546875E+003	1.0000000474974513E-003	2.6283672079443932E-002	1.8127176910638809E-002	0	0.0000000000000000E+000	0.0000000000000000E+000	0.0000000000000000E+000	2.6283672079443932E-002	1.8127176910638809E-002	2.6283672079443932E-002	1.8127176910638809E-002
126	5	2	6	0	3	2	3	1.3046112060546875E+003	1.3046112060546875E+003	5	6	0	0	0.0000000000000000E+000	0.0000000000000000E+000	0.0000000000000000E+000	0.0000000000000000E+000	0.0000000000000000E+000	0.0000000000000000E+000	0.0000000000000000E+000	1.3046112060546875E+003	0.0000000000000000E+000	0.0000000000000000E+000	0	7	SP00	SP00	1.3046112060546875E+003	1.0000000474974513E-003	-4.0348852053284645E-003	1.6280564523185603E-005	0	0.0000000000000000E+000	0.0000000000000000E+000	0.0000000000000000E+000	-4.0348852053284645E-003	1.6280564523185603E-005	-4.0348852053284645E-003	1.6280564523185603E-005
127	6	1	5	2	5	1	25	1.3046112060546875E+003	1.3046112060546875E+003	4	5	0	0	0.0000000000000000E+000	0.0000000000000000E+000	0.0000000000000000E+000	0.0000000000000000E+000	0.0000000000000000E+000	0.0000000000000000E+000	0.0000000000000000E+000	1.3046112060546875E+003	0.0000000000000000E+000	0.0000000000000000E+000	0	7	SP00	SP00	1.3046112060546875E+003	1.0000000474974513E-003	1.2702654302120209E-001	7.7993884682655334E-002	0	0.0000000000000000E+000	0.0000000000000000E+000	0.0000000000000000E+000	1.2702654302120209E-001	7.7993884682655334E-002	1.2702654302120209E-001	7.7993884682655334E-002
128	6	1	6	0	3	1	3	1.3046112060546875E+003	1.3046112060546875E+003	5	6	0	0	0.0000000000000000E+000	0.0000000000000000E+000	0.0000000000000000E+000	0.0000000000000000E+000	0.0000000000000000E+000	0.0000000000000000E+000	0.0000000000000000E+000	1.3046112060546875E+003	0.0000000000000000E+000	0.0000000000000000E+000	0	7	SP00	SP00	1.3046112060546875E+003	1.0000000474974513E-003	5.7729355990886688E-002	1.9416658207774162E-002	0	0.0000000000000000E+000	0.0000000000000000E+000	0.0000000000000000E+000	5.7729355990886688E-002	1.9416658207774162E-002	5.7729355990886688E-002	1.9416658207774162E-002
129	6	2	5	2	5	2	25	1.3046112060546875E+003	1.3046112060546875E+003	4	5	0	0	0.0000000000000000E+000	0.0000000000000000E+000	0.0000000000000000E+000	0.0000000000000000E+000	0.0000000000000000E+000	0.0000000000000000E+000	0.0000000000000000E+000	1.3046112060546875E+003	0.0000000000000000E+000	0.0000000000000000E+000	0	7	SP00	SP00	1.3046112060546875E+003	1.0000000474974513E-003	2.6283672079443932E-002	1.8127176910638809E-002	0	0.0000000000000000E+000	0.0000000000000000E+000	0.0000000000000000E+000	2.6283672079443932E-002	1.8127176910638809E-002	2.6283672079443932E-002	1.8127176910638809E-002
130	6	2	6	0	3	2	3	1.3046112060546875E+003	1.3046112060546875E+003	5	6	0	0	0.0000000000000000E+000	0.0000000000000000E+000	0.0000000000000000E+000	0.0000000000000000E+000	0.0000000000000000E+000	0.0000000000000000E+000	0.0000000000000000E+000	1.3046112060546875E+003	0.0000000000000000E+000	0.0000000000000000E+000	0	7	SP00	SP00	1.3046112060546875E+003	1.0000000474974513E-003	-4.0348852053284645E-003	1.6280564523185603E-005	0	0.0000000000000000E+000	0.0000000000000000E+000	0.0000000000000000E+000	-4.0348852053284645E-003	1.6280564523185603E-005	-4.0348852053284645E-003	1.6280564523185603E-005
