path	build_a_sha256	build_b_sha256	relation
artifact/eprsd	8afc77ae2b9c23ccd4a76d8af1325358dafb9f5d84208ca491a0adfef6bc0f46	8afc77ae2b9c23ccd4a76d8af1325358dafb9f5d84208ca491a0adfef6bc0f46	exact
build/core.log	3093a2c7216c0b5e6e3135dac2d03078678c0b3b70750f4918591eafea22c18e	3093a2c7216c0b5e6e3135dac2d03078678c0b3b70750f4918591eafea22c18e	exact
build/fsplit.log	d3b55e0cb6904261b213c3d4ffa4c3cdf89b488c1cd76d2a6298e8dc9a59522e	d3b55e0cb6904261b213c3d4ffa4c3cdf89b488c1cd76d2a6298e8dc9a59522e	exact
build/gplot.log	9fc65fe37777486a375be7d990943deab16afde979aab755282b935e0cf02e5b	9fc65fe37777486a375be7d990943deab16afde979aab755282b935e0cf02e5b	exact
build/libraries.log	8cae3a630365ef3a5b3398111bbab92327fb4efb4f2416c0834bc540c642d039	8cae3a630365ef3a5b3398111bbab92327fb4efb4f2416c0834bc540c642d039	exact
build/link.log	e3b0c44298fc1c149afbf4c8996fb92427ae41e4649b934ca495991b7852b855	e3b0c44298fc1c149afbf4c8996fb92427ae41e4649b934ca495991b7852b855	exact
build/manifest.txt	8d6e91c4879298f644970fea6021f38f1e3e627ec6aec6e9fed6bb1212ef4c47	3c3a049a3912f80c31e5b7777d5399f656b3bdf033d81f1d7e8aee0eb42df203	different
operator/command.stderr	e3b0c44298fc1c149afbf4c8996fb92427ae41e4649b934ca495991b7852b855	e3b0c44298fc1c149afbf4c8996fb92427ae41e4649b934ca495991b7852b855	exact
operator/command.stdout	637d3911a4d3770615cc7b818c208e478278c5caec13c89dc728a953ccbab838	637d3911a4d3770615cc7b818c208e478278c5caec13c89dc728a953ccbab838	exact
operator/command.stdout.exit	9a271f2a916b0b6ee6cecb2426f0b3206ef074578be55d9bc94f6f3fe3ab86aa	9a271f2a916b0b6ee6cecb2426f0b3206ef074578be55d9bc94f6f3fe3ab86aa	exact
