call_id	energy_index	angle_index	reaction	occurrence	exact_duplicate
1	1	1	1	2	yes
1	1	2	1	2	yes
1	1	3	1	2	yes
1	1	4	1	2	yes
1	1	5	1	2	yes
1	1	6	1	2	yes
1	1	7	1	2	yes
1	1	8	1	2	yes
1	1	9	1	2	yes
2	1	1	1	2	yes
2	1	2	1	2	yes
2	1	3	1	2	yes
2	1	4	1	2	yes
2	1	5	1	2	yes
2	1	6	1	2	yes
2	1	7	1	2	yes
2	1	8	1	2	yes
2	1	9	1	2	yes
3	1	1	1	2	yes
3	1	2	1	2	yes
3	1	3	1	2	yes
3	1	4	1	2	yes
3	1	5	1	2	yes
3	1	6	1	2	yes
3	1	7	1	2	yes
3	1	8	1	2	yes
3	1	9	1	2	yes
4	1	1	1	2	yes
4	1	2	1	2	yes
4	1	3	1	2	yes
4	1	4	1	2	yes
4	1	5	1	2	yes
4	1	6	1	2	yes
4	1	7	1	2	yes
4	1	8	1	2	yes
4	1	9	1	2	yes
5	1	1	1	2	yes
5	1	2	1	2	yes
5	1	3	1	2	yes
5	1	4	1	2	yes
5	1	5	1	2	yes
5	1	6	1	2	yes
5	1	7	1	2	yes
5	1	8	1	2	yes
5	1	9	1	2	yes
5	1	10	1	2	yes
5	1	11	1	2	yes
6	1	1	1	2	yes
6	1	2	1	2	yes
6	1	3	1	2	yes
6	1	4	1	2	yes
6	1	5	1	2	yes
6	1	6	1	2	yes
6	1	7	1	2	yes
6	1	8	1	2	yes
6	1	9	1	2	yes
6	1	10	1	2	yes
6	1	11	1	2	yes
6	1	12	1	2	yes
6	1	13	1	2	yes
6	1	14	1	2	yes
6	1	15	1	2	yes
6	1	16	1	2	yes
6	1	17	1	2	yes
6	1	18	1	2	yes
6	1	19	1	2	yes
6	1	20	1	2	yes
7	1	1	1	2	yes
7	1	2	1	2	yes
7	1	3	1	2	yes
7	1	4	1	2	yes
7	1	5	1	2	yes
7	1	6	1	2	yes
7	1	7	1	2	yes
7	1	8	1	2	yes
7	1	9	1	2	yes
8	1	1	1	2	yes
8	1	2	1	2	yes
8	1	3	1	2	yes
8	1	4	1	2	yes
8	1	5	1	2	yes
8	1	6	1	2	yes
8	1	7	1	2	yes
8	1	8	1	2	yes
8	1	9	1	2	yes
9	1	1	1	2	yes
9	1	2	1	2	yes
9	1	3	1	2	yes
9	1	4	1	2	yes
9	1	5	1	2	yes
9	1	6	1	2	yes
9	1	7	1	2	yes
9	1	8	1	2	yes
9	1	9	1	2	yes
9	1	10	1	2	yes
9	1	11	1	2	yes
9	1	12	1	2	yes
9	1	13	1	2	yes
9	1	14	1	2	yes
9	1	15	1	2	yes
9	1	16	1	2	yes
9	1	17	1	2	yes
9	1	18	1	2	yes
10	1	1	1	2	yes
10	1	2	1	2	yes
10	1	3	1	2	yes
10	1	4	1	2	yes
10	1	5	1	2	yes
10	1	6	1	2	yes
10	1	7	1	2	yes
10	1	8	1	2	yes
10	1	9	1	2	yes
11	1	1	1	2	yes
11	1	2	1	2	yes
11	1	3	1	2	yes
11	1	4	1	2	yes
11	1	5	1	2	yes
11	1	6	1	2	yes
11	1	7	1	2	yes
11	1	8	1	2	yes
11	1	9	1	2	yes
12	1	1	1	2	yes
12	1	2	1	2	yes
12	1	3	1	2	yes
12	1	4	1	2	yes
12	1	5	1	2	yes
12	1	6	1	2	yes
12	1	7	1	2	yes
12	1	8	1	2	yes
12	1	9	1	2	yes
13	1	1	1	2	yes
13	1	2	1	2	yes
13	1	3	1	2	yes
13	1	4	1	2	yes
13	1	5	1	2	yes
13	1	6	1	2	yes
13	1	7	1	2	yes
13	1	8	1	2	yes
13	1	9	1	2	yes
13	1	10	1	2	yes
13	1	11	1	2	yes
14	1	1	1	2	yes
14	1	2	1	2	yes
14	1	3	1	2	yes
14	1	4	1	2	yes
14	1	5	1	2	yes
14	1	6	1	2	yes
14	1	7	1	2	yes
14	1	8	1	2	yes
14	1	9	1	2	yes
14	1	10	1	2	yes
14	1	11	1	2	yes
14	1	12	1	2	yes
14	1	13	1	2	yes
14	1	14	1	2	yes
14	1	15	1	2	yes
14	1	16	1	2	yes
14	1	17	1	2	yes
14	1	18	1	2	yes
14	1	19	1	2	yes
14	1	20	1	2	yes
15	1	1	1	2	yes
15	1	2	1	2	yes
15	1	3	1	2	yes
15	1	4	1	2	yes
15	1	5	1	2	yes
15	1	6	1	2	yes
15	1	7	1	2	yes
15	1	8	1	2	yes
15	1	9	1	2	yes
16	1	1	1	2	yes
16	1	2	1	2	yes
16	1	3	1	2	yes
16	1	4	1	2	yes
16	1	5	1	2	yes
16	1	6	1	2	yes
16	1	7	1	2	yes
16	1	8	1	2	yes
16	1	9	1	2	yes
17	1	1	1	2	yes
17	1	2	1	2	yes
17	1	3	1	2	yes
17	1	4	1	2	yes
17	1	5	1	2	yes
17	1	6	1	2	yes
17	1	7	1	2	yes
17	1	8	1	2	yes
17	1	9	1	2	yes
17	1	10	1	2	yes
17	1	11	1	2	yes
17	1	12	1	2	yes
17	1	13	1	2	yes
17	1	14	1	2	yes
17	1	15	1	2	yes
17	1	16	1	2	yes
17	1	17	1	2	yes
17	1	18	1	2	yes
18	1	1	1	2	yes
18	1	2	1	2	yes
18	1	3	1	2	yes
18	1	4	1	2	yes
18	1	5	1	2	yes
18	1	6	1	2	yes
18	1	7	1	2	yes
18	1	8	1	2	yes
18	1	9	1	2	yes
19	1	1	1	2	yes
19	1	2	1	2	yes
19	1	3	1	2	yes
19	1	4	1	2	yes
19	1	5	1	2	yes
19	1	6	1	2	yes
19	1	7	1	2	yes
19	1	8	1	2	yes
19	1	9	1	2	yes
20	1	1	1	2	yes
20	1	2	1	2	yes
20	1	3	1	2	yes
20	1	4	1	2	yes
20	1	5	1	2	yes
20	1	6	1	2	yes
20	1	7	1	2	yes
20	1	8	1	2	yes
20	1	9	1	2	yes
20	1	10	1	2	yes
20	1	11	1	2	yes
21	1	1	1	2	yes
21	1	2	1	2	yes
21	1	3	1	2	yes
21	1	4	1	2	yes
21	1	5	1	2	yes
21	1	6	1	2	yes
21	1	7	1	2	yes
21	1	8	1	2	yes
21	1	9	1	2	yes
21	1	10	1	2	yes
21	1	11	1	2	yes
21	1	12	1	2	yes
21	1	13	1	2	yes
21	1	14	1	2	yes
21	1	15	1	2	yes
21	1	16	1	2	yes
21	1	17	1	2	yes
21	1	18	1	2	yes
21	1	19	1	2	yes
21	1	20	1	2	yes
22	1	1	1	2	yes
22	1	2	1	2	yes
22	1	3	1	2	yes
22	1	4	1	2	yes
22	1	5	1	2	yes
22	1	6	1	2	yes
22	1	7	1	2	yes
22	1	8	1	2	yes
22	1	9	1	2	yes
23	1	1	1	2	yes
23	1	2	1	2	yes
23	1	3	1	2	yes
23	1	4	1	2	yes
23	1	5	1	2	yes
23	1	6	1	2	yes
23	1	7	1	2	yes
23	1	8	1	2	yes
23	1	9	1	2	yes
24	1	1	1	2	yes
24	1	2	1	2	yes
24	1	3	1	2	yes
24	1	4	1	2	yes
24	1	5	1	2	yes
24	1	6	1	2	yes
24	1	7	1	2	yes
24	1	8	1	2	yes
24	1	9	1	2	yes
24	1	10	1	2	yes
24	1	11	1	2	yes
24	1	12	1	2	yes
24	1	13	1	2	yes
24	1	14	1	2	yes
24	1	15	1	2	yes
24	1	16	1	2	yes
24	1	17	1	2	yes
24	1	18	1	2	yes
25	1	1	1	2	yes
25	1	2	1	2	yes
25	1	3	1	2	yes
25	1	4	1	2	yes
25	1	5	1	2	yes
25	1	6	1	2	yes
25	1	7	1	2	yes
25	1	8	1	2	yes
25	1	9	1	2	yes
26	1	1	1	2	yes
26	1	2	1	2	yes
26	1	3	1	2	yes
26	1	4	1	2	yes
26	1	5	1	2	yes
26	1	6	1	2	yes
26	1	7	1	2	yes
26	1	8	1	2	yes
26	1	9	1	2	yes
27	1	1	1	2	yes
27	1	2	1	2	yes
27	1	3	1	2	yes
27	1	4	1	2	yes
27	1	5	1	2	yes
27	1	6	1	2	yes
27	1	7	1	2	yes
27	1	8	1	2	yes
27	1	9	1	2	yes
28	1	1	1	2	yes
28	1	2	1	2	yes
28	1	3	1	2	yes
28	1	4	1	2	yes
28	1	5	1	2	yes
28	1	6	1	2	yes
28	1	7	1	2	yes
28	1	8	1	2	yes
28	1	9	1	2	yes
28	1	10	1	2	yes
28	1	11	1	2	yes
29	1	1	1	2	yes
29	1	2	1	2	yes
29	1	3	1	2	yes
29	1	4	1	2	yes
29	1	5	1	2	yes
29	1	6	1	2	yes
29	1	7	1	2	yes
29	1	8	1	2	yes
29	1	9	1	2	yes
29	1	10	1	2	yes
29	1	11	1	2	yes
29	1	12	1	2	yes
29	1	13	1	2	yes
29	1	14	1	2	yes
29	1	15	1	2	yes
29	1	16	1	2	yes
29	1	17	1	2	yes
29	1	18	1	2	yes
29	1	19	1	2	yes
29	1	20	1	2	yes
30	1	1	1	2	yes
30	1	2	1	2	yes
30	1	3	1	2	yes
30	1	4	1	2	yes
30	1	5	1	2	yes
30	1	6	1	2	yes
30	1	7	1	2	yes
30	1	8	1	2	yes
30	1	9	1	2	yes
31	1	1	1	2	yes
31	1	2	1	2	yes
31	1	3	1	2	yes
31	1	4	1	2	yes
31	1	5	1	2	yes
31	1	6	1	2	yes
31	1	7	1	2	yes
31	1	8	1	2	yes
31	1	9	1	2	yes
32	1	1	1	2	yes
32	1	2	1	2	yes
32	1	3	1	2	yes
32	1	4	1	2	yes
32	1	5	1	2	yes
32	1	6	1	2	yes
32	1	7	1	2	yes
32	1	8	1	2	yes
32	1	9	1	2	yes
32	1	10	1	2	yes
32	1	11	1	2	yes
32	1	12	1	2	yes
32	1	13	1	2	yes
32	1	14	1	2	yes
32	1	15	1	2	yes
32	1	16	1	2	yes
32	1	17	1	2	yes
32	1	18	1	2	yes
33	1	1	1	2	yes
33	1	2	1	2	yes
33	1	3	1	2	yes
33	1	4	1	2	yes
33	1	5	1	2	yes
33	1	6	1	2	yes
33	1	7	1	2	yes
33	1	8	1	2	yes
33	1	9	1	2	yes
34	1	1	1	2	yes
34	1	2	1	2	yes
34	1	3	1	2	yes
34	1	4	1	2	yes
34	1	5	1	2	yes
34	1	6	1	2	yes
34	1	7	1	2	yes
34	1	8	1	2	yes
34	1	9	1	2	yes
35	1	1	1	2	yes
35	1	2	1	2	yes
35	1	3	1	2	yes
35	1	4	1	2	yes
35	1	5	1	2	yes
35	1	6	1	2	yes
35	1	7	1	2	yes
35	1	8	1	2	yes
35	1	9	1	2	yes
36	1	1	1	2	yes
36	1	2	1	2	yes
36	1	3	1	2	yes
36	1	4	1	2	yes
36	1	5	1	2	yes
36	1	6	1	2	yes
36	1	7	1	2	yes
36	1	8	1	2	yes
36	1	9	1	2	yes
36	1	10	1	2	yes
36	1	11	1	2	yes
37	1	1	1	2	yes
37	1	2	1	2	yes
37	1	3	1	2	yes
37	1	4	1	2	yes
37	1	5	1	2	yes
37	1	6	1	2	yes
37	1	7	1	2	yes
37	1	8	1	2	yes
37	1	9	1	2	yes
37	1	10	1	2	yes
37	1	11	1	2	yes
37	1	12	1	2	yes
37	1	13	1	2	yes
37	1	14	1	2	yes
37	1	15	1	2	yes
37	1	16	1	2	yes
37	1	17	1	2	yes
37	1	18	1	2	yes
37	1	19	1	2	yes
37	1	20	1	2	yes
38	1	1	1	2	yes
38	1	2	1	2	yes
38	1	3	1	2	yes
38	1	4	1	2	yes
38	1	5	1	2	yes
38	1	6	1	2	yes
38	1	7	1	2	yes
38	1	8	1	2	yes
38	1	9	1	2	yes
38	1	10	1	2	yes
38	1	11	1	2	yes
38	1	12	1	2	yes
38	1	13	1	2	yes
38	1	14	1	2	yes
38	1	15	1	2	yes
38	1	16	1	2	yes
38	1	17	1	2	yes
38	1	18	1	2	yes
39	1	1	1	2	yes
39	1	2	1	2	yes
39	1	3	1	2	yes
39	1	4	1	2	yes
39	1	5	1	2	yes
39	1	6	1	2	yes
39	1	7	1	2	yes
39	1	8	1	2	yes
39	1	9	1	2	yes
40	1	1	1	2	yes
40	1	2	1	2	yes
40	1	3	1	2	yes
40	1	4	1	2	yes
40	1	5	1	2	yes
40	1	6	1	2	yes
40	1	7	1	2	yes
40	1	8	1	2	yes
40	1	9	1	2	yes
41	1	1	1	2	yes
41	1	2	1	2	yes
41	1	3	1	2	yes
41	1	4	1	2	yes
41	1	5	1	2	yes
41	1	6	1	2	yes
41	1	7	1	2	yes
41	1	8	1	2	yes
41	1	9	1	2	yes
42	1	1	1	2	yes
42	1	2	1	2	yes
42	1	3	1	2	yes
42	1	4	1	2	yes
42	1	5	1	2	yes
42	1	6	1	2	yes
42	1	7	1	2	yes
42	1	8	1	2	yes
42	1	9	1	2	yes
43	1	1	1	2	yes
43	1	2	1	2	yes
43	1	3	1	2	yes
43	1	4	1	2	yes
43	1	5	1	2	yes
43	1	6	1	2	yes
43	1	7	1	2	yes
43	1	8	1	2	yes
43	1	9	1	2	yes
44	1	1	1	2	yes
44	1	2	1	2	yes
44	1	3	1	2	yes
44	1	4	1	2	yes
44	1	5	1	2	yes
44	1	6	1	2	yes
44	1	7	1	2	yes
44	1	8	1	2	yes
44	1	9	1	2	yes
44	1	10	1	2	yes
44	1	11	1	2	yes
44	1	12	1	2	yes
44	1	13	1	2	yes
44	1	14	1	2	yes
44	1	15	1	2	yes
44	1	16	1	2	yes
44	1	17	1	2	yes
44	1	18	1	2	yes
45	1	1	1	2	yes
45	1	2	1	2	yes
45	1	3	1	2	yes
45	1	4	1	2	yes
45	1	5	1	2	yes
45	1	6	1	2	yes
45	1	7	1	2	yes
45	1	8	1	2	yes
45	1	9	1	2	yes
45	1	10	1	2	yes
45	1	11	1	2	yes
45	1	12	1	2	yes
45	1	13	1	2	yes
45	1	14	1	2	yes
45	1	15	1	2	yes
45	1	16	1	2	yes
45	1	17	1	2	yes
45	1	18	1	2	yes
45	1	19	1	2	yes
45	1	20	1	2	yes
46	1	1	1	2	yes
46	1	2	1	2	yes
46	1	3	1	2	yes
46	1	4	1	2	yes
46	1	5	1	2	yes
46	1	6	1	2	yes
46	1	7	1	2	yes
46	1	8	1	2	yes
46	1	9	1	2	yes
47	1	1	1	2	yes
47	1	2	1	2	yes
47	1	3	1	2	yes
47	1	4	1	2	yes
47	1	5	1	2	yes
47	1	6	1	2	yes
47	1	7	1	2	yes
48	1	1	1	2	yes
48	1	2	1	2	yes
48	1	3	1	2	yes
48	1	4	1	2	yes
48	1	5	1	2	yes
48	1	6	1	2	yes
48	1	7	1	2	yes
48	1	8	1	2	yes
48	1	9	1	2	yes
49	1	1	1	2	yes
49	1	2	1	2	yes
49	1	3	1	2	yes
49	1	4	1	2	yes
49	1	5	1	2	yes
49	1	6	1	2	yes
49	1	7	1	2	yes
49	1	8	1	2	yes
49	1	9	1	2	yes
50	1	1	1	2	yes
50	1	2	1	2	yes
50	1	3	1	2	yes
50	1	4	1	2	yes
50	1	5	1	2	yes
50	1	6	1	2	yes
50	1	7	1	2	yes
50	1	8	1	2	yes
50	1	9	1	2	yes
51	1	1	1	2	yes
51	1	2	1	2	yes
51	1	3	1	2	yes
51	1	4	1	2	yes
51	1	5	1	2	yes
51	1	6	1	2	yes
51	1	7	1	2	yes
51	1	8	1	2	yes
51	1	9	1	2	yes
51	1	10	1	2	yes
51	1	11	1	2	yes
51	1	12	1	2	yes
51	1	13	1	2	yes
51	1	14	1	2	yes
51	1	15	1	2	yes
51	1	16	1	2	yes
51	1	17	1	2	yes
51	1	18	1	2	yes
52	1	1	1	2	yes
52	1	2	1	2	yes
52	1	3	1	2	yes
52	1	4	1	2	yes
52	1	5	1	2	yes
52	1	6	1	2	yes
52	1	7	1	2	yes
52	1	8	1	2	yes
52	1	9	1	2	yes
53	1	1	1	2	yes
53	1	2	1	2	yes
53	1	3	1	2	yes
53	1	4	1	2	yes
53	1	5	1	2	yes
53	1	6	1	2	yes
53	1	7	1	2	yes
53	1	8	1	2	yes
53	1	9	1	2	yes
54	1	1	1	2	yes
54	1	2	1	2	yes
54	1	3	1	2	yes
54	1	4	1	2	yes
54	1	5	1	2	yes
54	1	6	1	2	yes
54	1	7	1	2	yes
54	1	8	1	2	yes
54	1	9	1	2	yes
54	1	10	1	2	yes
54	1	11	1	2	yes
54	1	12	1	2	yes
54	1	13	1	2	yes
54	1	14	1	2	yes
54	1	15	1	2	yes
54	1	16	1	2	yes
54	1	17	1	2	yes
54	1	18	1	2	yes
54	1	19	1	2	yes
54	1	20	1	2	yes
55	1	1	1	2	yes
55	1	2	1	2	yes
55	1	3	1	2	yes
55	1	4	1	2	yes
55	1	5	1	2	yes
55	1	6	1	2	yes
55	1	7	1	2	yes
55	1	8	1	2	yes
55	1	9	1	2	yes
56	1	1	1	2	yes
56	1	2	1	2	yes
56	1	3	1	2	yes
56	1	4	1	2	yes
56	1	5	1	2	yes
56	1	6	1	2	yes
56	1	7	1	2	yes
56	1	8	1	2	yes
56	1	9	1	2	yes
57	1	1	1	2	yes
57	1	2	1	2	yes
57	1	3	1	2	yes
57	1	4	1	2	yes
57	1	5	1	2	yes
57	1	6	1	2	yes
57	1	7	1	2	yes
57	1	8	1	2	yes
57	1	9	1	2	yes
57	1	10	1	2	yes
57	1	11	1	2	yes
57	1	12	1	2	yes
57	1	13	1	2	yes
57	1	14	1	2	yes
57	1	15	1	2	yes
57	1	16	1	2	yes
57	1	17	1	2	yes
57	1	18	1	2	yes
58	1	1	1	2	yes
58	1	2	1	2	yes
58	1	3	1	2	yes
58	1	4	1	2	yes
58	1	5	1	2	yes
58	1	6	1	2	yes
58	1	7	1	2	yes
58	1	8	1	2	yes
58	1	9	1	2	yes
59	1	1	1	2	yes
59	1	2	1	2	yes
59	1	3	1	2	yes
59	1	4	1	2	yes
59	1	5	1	2	yes
59	1	6	1	2	yes
59	1	7	1	2	yes
59	1	8	1	2	yes
59	1	9	1	2	yes
60	1	1	1	2	yes
60	1	2	1	2	yes
60	1	3	1	2	yes
60	1	4	1	2	yes
60	1	5	1	2	yes
60	1	6	1	2	yes
60	1	7	1	2	yes
60	1	8	1	2	yes
60	1	9	1	2	yes
60	1	10	1	2	yes
60	1	11	1	2	yes
60	1	12	1	2	yes
60	1	13	1	2	yes
60	1	14	1	2	yes
60	1	15	1	2	yes
60	1	16	1	2	yes
60	1	17	1	2	yes
60	1	18	1	2	yes
60	1	19	1	2	yes
60	1	20	1	2	yes
61	1	1	1	2	yes
61	1	2	1	2	yes
61	1	3	1	2	yes
61	1	4	1	2	yes
61	1	5	1	2	yes
61	1	6	1	2	yes
61	1	7	1	2	yes
61	1	8	1	2	yes
61	1	9	1	2	yes
62	1	1	1	2	yes
62	1	2	1	2	yes
62	1	3	1	2	yes
62	1	4	1	2	yes
62	1	5	1	2	yes
62	1	6	1	2	yes
62	1	7	1	2	yes
62	1	8	1	2	yes
62	1	9	1	2	yes
63	1	1	1	2	yes
63	1	2	1	2	yes
63	1	3	1	2	yes
63	1	4	1	2	yes
63	1	5	1	2	yes
63	1	6	1	2	yes
63	1	7	1	2	yes
63	1	8	1	2	yes
63	1	9	1	2	yes
64	1	1	1	2	yes
64	1	2	1	2	yes
64	1	3	1	2	yes
64	1	4	1	2	yes
64	1	5	1	2	yes
64	1	6	1	2	yes
64	1	7	1	2	yes
64	1	8	1	2	yes
64	1	9	1	2	yes
64	1	10	1	2	yes
64	1	11	1	2	yes
64	1	12	1	2	yes
64	1	13	1	2	yes
64	1	14	1	2	yes
64	1	15	1	2	yes
64	1	16	1	2	yes
64	1	17	1	2	yes
64	1	18	1	2	yes
65	1	1	1	2	yes
65	1	2	1	2	yes
65	1	3	1	2	yes
65	1	4	1	2	yes
65	1	5	1	2	yes
65	1	6	1	2	yes
65	1	7	1	2	yes
65	1	8	1	2	yes
65	1	9	1	2	yes
66	1	1	1	2	yes
66	1	2	1	2	yes
66	1	3	1	2	yes
66	1	4	1	2	yes
66	1	5	1	2	yes
66	1	6	1	2	yes
66	1	7	1	2	yes
66	1	8	1	2	yes
66	1	9	1	2	yes
67	1	1	1	2	yes
67	1	2	1	2	yes
67	1	3	1	2	yes
67	1	4	1	2	yes
67	1	5	1	2	yes
67	1	6	1	2	yes
67	1	7	1	2	yes
67	1	8	1	2	yes
67	1	9	1	2	yes
67	1	10	1	2	yes
67	1	11	1	2	yes
67	1	12	1	2	yes
67	1	13	1	2	yes
67	1	14	1	2	yes
67	1	15	1	2	yes
67	1	16	1	2	yes
67	1	17	1	2	yes
67	1	18	1	2	yes
67	1	19	1	2	yes
67	1	20	1	2	yes
68	1	1	1	2	yes
68	1	2	1	2	yes
68	1	3	1	2	yes
68	1	4	1	2	yes
68	1	5	1	2	yes
68	1	6	1	2	yes
68	1	7	1	2	yes
69	1	1	1	2	yes
69	1	2	1	2	yes
69	1	3	1	2	yes
69	1	4	1	2	yes
69	1	5	1	2	yes
69	1	6	1	2	yes
69	1	7	1	2	yes
69	1	8	1	2	yes
69	1	9	1	2	yes
70	1	1	1	2	yes
70	1	2	1	2	yes
70	1	3	1	2	yes
70	1	4	1	2	yes
70	1	5	1	2	yes
70	1	6	1	2	yes
70	1	7	1	2	yes
70	1	8	1	2	yes
70	1	9	1	2	yes
70	1	10	1	2	yes
70	1	11	1	2	yes
70	1	12	1	2	yes
70	1	13	1	2	yes
70	1	14	1	2	yes
70	1	15	1	2	yes
70	1	16	1	2	yes
70	1	17	1	2	yes
70	1	18	1	2	yes
71	1	1	1	2	yes
71	1	2	1	2	yes
71	1	3	1	2	yes
71	1	4	1	2	yes
71	1	5	1	2	yes
71	1	6	1	2	yes
71	1	7	1	2	yes
71	1	8	1	2	yes
71	1	9	1	2	yes
72	1	1	1	2	yes
72	1	2	1	2	yes
72	1	3	1	2	yes
72	1	4	1	2	yes
72	1	5	1	2	yes
72	1	6	1	2	yes
72	1	7	1	2	yes
72	1	8	1	2	yes
72	1	9	1	2	yes
73	1	1	1	2	yes
73	1	2	1	2	yes
73	1	3	1	2	yes
73	1	4	1	2	yes
73	1	5	1	2	yes
73	1	6	1	2	yes
73	1	7	1	2	yes
73	1	8	1	2	yes
73	1	9	1	2	yes
73	1	10	1	2	yes
73	1	11	1	2	yes
73	1	12	1	2	yes
73	1	13	1	2	yes
73	1	14	1	2	yes
73	1	15	1	2	yes
73	1	16	1	2	yes
73	1	17	1	2	yes
73	1	18	1	2	yes
73	1	19	1	2	yes
73	1	20	1	2	yes
74	1	1	1	2	yes
74	1	2	1	2	yes
74	1	3	1	2	yes
74	1	4	1	2	yes
74	1	5	1	2	yes
74	1	6	1	2	yes
74	1	7	1	2	yes
74	1	8	1	2	yes
74	1	9	1	2	yes
75	1	1	1	2	yes
75	1	2	1	2	yes
75	1	3	1	2	yes
75	1	4	1	2	yes
75	1	5	1	2	yes
75	1	6	1	2	yes
75	1	7	1	2	yes
75	1	8	1	2	yes
75	1	9	1	2	yes
75	1	10	1	2	yes
75	1	11	1	2	yes
75	1	12	1	2	yes
75	1	13	1	2	yes
75	1	14	1	2	yes
75	1	15	1	2	yes
75	1	16	1	2	yes
75	1	17	1	2	yes
75	1	18	1	2	yes
76	1	1	1	2	yes
76	1	2	1	2	yes
76	1	3	1	2	yes
76	1	4	1	2	yes
76	1	5	1	2	yes
76	1	6	1	2	yes
76	1	7	1	2	yes
76	1	8	1	2	yes
76	1	9	1	2	yes
77	1	1	1	2	yes
77	1	2	1	2	yes
77	1	3	1	2	yes
77	1	4	1	2	yes
77	1	5	1	2	yes
77	1	6	1	2	yes
77	1	7	1	2	yes
77	1	8	1	2	yes
77	1	9	1	2	yes
78	1	1	1	2	yes
78	1	2	1	2	yes
78	1	3	1	2	yes
78	1	4	1	2	yes
78	1	5	1	2	yes
78	1	6	1	2	yes
78	1	7	1	2	yes
78	1	8	1	2	yes
78	1	9	1	2	yes
78	1	10	1	2	yes
78	1	11	1	2	yes
78	1	12	1	2	yes
78	1	13	1	2	yes
78	1	14	1	2	yes
78	1	15	1	2	yes
78	1	16	1	2	yes
78	1	17	1	2	yes
78	1	18	1	2	yes
78	1	19	1	2	yes
78	1	20	1	2	yes
79	1	1	1	2	yes
79	1	2	1	2	yes
79	1	3	1	2	yes
79	1	4	1	2	yes
79	1	5	1	2	yes
79	1	6	1	2	yes
79	1	7	1	2	yes
79	1	8	1	2	yes
79	1	9	1	2	yes
80	1	1	1	2	yes
80	1	2	1	2	yes
80	1	3	1	2	yes
80	1	4	1	2	yes
80	1	5	1	2	yes
80	1	6	1	2	yes
80	1	7	1	2	yes
80	1	8	1	2	yes
80	1	9	1	2	yes
81	1	1	1	2	yes
81	1	2	1	2	yes
81	1	3	1	2	yes
81	1	4	1	2	yes
81	1	5	1	2	yes
81	1	6	1	2	yes
81	1	7	1	2	yes
81	1	8	1	2	yes
81	1	9	1	2	yes
82	1	1	1	2	yes
82	1	2	1	2	yes
82	1	3	1	2	yes
82	1	4	1	2	yes
82	1	5	1	2	yes
82	1	6	1	2	yes
82	1	7	1	2	yes
82	1	8	1	2	yes
82	1	9	1	2	yes
82	1	10	1	2	yes
82	1	11	1	2	yes
82	1	12	1	2	yes
82	1	13	1	2	yes
82	1	14	1	2	yes
82	1	15	1	2	yes
82	1	16	1	2	yes
82	1	17	1	2	yes
82	1	18	1	2	yes
82	1	19	1	2	yes
82	1	20	1	2	yes
83	1	1	1	2	yes
83	1	2	1	2	yes
83	1	3	1	2	yes
83	1	4	1	2	yes
83	1	5	1	2	yes
83	1	6	1	2	yes
83	1	7	1	2	yes
83	1	8	1	2	yes
83	1	9	1	2	yes
84	1	1	1	2	yes
84	1	2	1	2	yes
84	1	3	1	2	yes
84	1	4	1	2	yes
84	1	5	1	2	yes
84	1	6	1	2	yes
84	1	7	1	2	yes
84	1	8	1	2	yes
84	1	9	1	2	yes
85	1	1	1	2	yes
85	1	2	1	2	yes
85	1	3	1	2	yes
85	1	4	1	2	yes
85	1	5	1	2	yes
85	1	6	1	2	yes
85	1	7	1	2	yes
85	1	8	1	2	yes
85	1	9	1	2	yes
86	1	1	1	2	yes
86	1	2	1	2	yes
86	1	3	1	2	yes
86	1	4	1	2	yes
86	1	5	1	2	yes
86	1	6	1	2	yes
86	1	7	1	2	yes
86	1	8	1	2	yes
86	1	9	1	2	yes
86	1	10	1	2	yes
86	1	11	1	2	yes
86	1	12	1	2	yes
86	1	13	1	2	yes
86	1	14	1	2	yes
86	1	15	1	2	yes
86	1	16	1	2	yes
86	1	17	1	2	yes
86	1	18	1	2	yes
86	1	19	1	2	yes
86	1	20	1	2	yes
87	1	1	1	2	yes
87	1	2	1	2	yes
87	1	3	1	2	yes
87	1	4	1	2	yes
87	1	5	1	2	yes
87	1	6	1	2	yes
87	1	7	1	2	yes
87	1	8	1	2	yes
87	1	9	1	2	yes
88	1	1	1	2	yes
88	1	2	1	2	yes
88	1	3	1	2	yes
88	1	4	1	2	yes
88	1	5	1	2	yes
88	1	6	1	2	yes
88	1	7	1	2	yes
88	1	8	1	2	yes
88	1	9	1	2	yes
89	1	1	1	2	yes
89	1	2	1	2	yes
89	1	3	1	2	yes
89	1	4	1	2	yes
89	1	5	1	2	yes
89	1	6	1	2	yes
89	1	7	1	2	yes
89	1	8	1	2	yes
89	1	9	1	2	yes
90	1	1	1	2	yes
90	1	2	1	2	yes
90	1	3	1	2	yes
90	1	4	1	2	yes
90	1	5	1	2	yes
90	1	6	1	2	yes
90	1	7	1	2	yes
90	1	8	1	2	yes
90	1	9	1	2	yes
90	1	10	1	2	yes
90	1	11	1	2	yes
90	1	12	1	2	yes
90	1	13	1	2	yes
90	1	14	1	2	yes
90	1	15	1	2	yes
90	1	16	1	2	yes
90	1	17	1	2	yes
90	1	18	1	2	yes
90	1	19	1	2	yes
90	1	20	1	2	yes
91	1	1	1	2	yes
91	1	2	1	2	yes
91	1	3	1	2	yes
91	1	4	1	2	yes
91	1	5	1	2	yes
91	1	6	1	2	yes
91	1	7	1	2	yes
91	1	8	1	2	yes
91	1	9	1	2	yes
92	1	1	1	2	yes
92	1	2	1	2	yes
92	1	3	1	2	yes
92	1	4	1	2	yes
92	1	5	1	2	yes
92	1	6	1	2	yes
92	1	7	1	2	yes
92	1	8	1	2	yes
92	1	9	1	2	yes
93	1	1	1	2	yes
93	1	2	1	2	yes
93	1	3	1	2	yes
93	1	4	1	2	yes
93	1	5	1	2	yes
93	1	6	1	2	yes
93	1	7	1	2	yes
93	1	8	1	2	yes
93	1	9	1	2	yes
94	1	1	1	2	yes
94	1	2	1	2	yes
94	1	3	1	2	yes
94	1	4	1	2	yes
94	1	5	1	2	yes
94	1	6	1	2	yes
94	1	7	1	2	yes
94	1	8	1	2	yes
95	1	1	1	2	yes
95	1	2	1	2	yes
95	1	3	1	2	yes
95	1	4	1	2	yes
95	1	5	1	2	yes
95	1	6	1	2	yes
95	1	7	1	2	yes
95	1	8	1	2	yes
95	1	9	1	2	yes
95	1	10	1	2	yes
95	1	11	1	2	yes
95	1	12	1	2	yes
95	1	13	1	2	yes
95	1	14	1	2	yes
95	1	15	1	2	yes
95	1	16	1	2	yes
95	1	17	1	2	yes
95	1	18	1	2	yes
95	1	19	1	2	yes
95	1	20	1	2	yes
96	1	1	1	2	yes
96	1	2	1	2	yes
96	1	3	1	2	yes
96	1	4	1	2	yes
96	1	5	1	2	yes
96	1	6	1	2	yes
96	1	7	1	2	yes
96	1	8	1	2	yes
96	1	9	1	2	yes
97	1	1	1	2	yes
97	1	2	1	2	yes
97	1	3	1	2	yes
97	1	4	1	2	yes
97	1	5	1	2	yes
97	1	6	1	2	yes
98	1	1	1	2	yes
98	1	2	1	2	yes
98	1	3	1	2	yes
98	1	4	1	2	yes
98	1	5	1	2	yes
98	1	6	1	2	yes
98	1	7	1	2	yes
98	1	8	1	2	yes
98	1	9	1	2	yes
99	1	1	1	2	yes
99	1	2	1	2	yes
99	1	3	1	2	yes
99	1	4	1	2	yes
99	1	5	1	2	yes
99	1	6	1	2	yes
99	1	7	1	2	yes
99	1	8	1	2	yes
99	1	9	1	2	yes
100	1	1	1	2	yes
100	1	2	1	2	yes
100	1	3	1	2	yes
100	1	4	1	2	yes
100	1	5	1	2	yes
100	1	6	1	2	yes
100	1	7	1	2	yes
100	1	8	1	2	yes
100	1	9	1	2	yes
100	1	10	1	2	yes
100	1	11	1	2	yes
100	1	12	1	2	yes
100	1	13	1	2	yes
100	1	14	1	2	yes
100	1	15	1	2	yes
100	1	16	1	2	yes
100	1	17	1	2	yes
100	1	18	1	2	yes
100	1	19	1	2	yes
100	1	20	1	2	yes
101	1	1	1	2	yes
101	1	2	1	2	yes
101	1	3	1	2	yes
101	1	4	1	2	yes
101	1	5	1	2	yes
101	1	6	1	2	yes
101	1	7	1	2	yes
101	1	8	1	2	yes
101	1	9	1	2	yes
102	1	1	1	2	yes
102	1	2	1	2	yes
102	1	3	1	2	yes
102	1	4	1	2	yes
102	1	5	1	2	yes
102	1	6	1	2	yes
102	1	7	1	2	yes
102	1	8	1	2	yes
102	1	9	1	2	yes
103	1	1	1	2	yes
103	1	2	1	2	yes
103	1	3	1	2	yes
103	1	4	1	2	yes
103	1	5	1	2	yes
103	1	6	1	2	yes
103	1	7	1	2	yes
103	1	8	1	2	yes
103	1	9	1	2	yes
104	1	1	1	2	yes
104	1	2	1	2	yes
104	1	3	1	2	yes
104	1	4	1	2	yes
104	1	5	1	2	yes
104	1	6	1	2	yes
104	1	7	1	2	yes
104	1	8	1	2	yes
104	1	9	1	2	yes
104	1	10	1	2	yes
104	1	11	1	2	yes
104	1	12	1	2	yes
104	1	13	1	2	yes
104	1	14	1	2	yes
104	1	15	1	2	yes
104	1	16	1	2	yes
104	1	17	1	2	yes
104	1	18	1	2	yes
104	1	19	1	2	yes
104	1	20	1	2	yes
105	1	1	1	2	yes
105	1	2	1	2	yes
105	1	3	1	2	yes
105	1	4	1	2	yes
105	1	5	1	2	yes
105	1	6	1	2	yes
105	1	7	1	2	yes
105	1	8	1	2	yes
105	1	9	1	2	yes
106	1	1	1	2	yes
106	1	2	1	2	yes
106	1	3	1	2	yes
106	1	4	1	2	yes
106	1	5	1	2	yes
106	1	6	1	2	yes
106	1	7	1	2	yes
106	1	8	1	2	yes
106	1	9	1	2	yes
107	1	1	1	2	yes
107	1	2	1	2	yes
107	1	3	1	2	yes
107	1	4	1	2	yes
107	1	5	1	2	yes
107	1	6	1	2	yes
107	1	7	1	2	yes
107	1	8	1	2	yes
107	1	9	1	2	yes
108	1	1	1	2	yes
108	1	2	1	2	yes
108	1	3	1	2	yes
108	1	4	1	2	yes
108	1	5	1	2	yes
108	1	6	1	2	yes
108	1	7	1	2	yes
108	1	8	1	2	yes
108	1	9	1	2	yes
108	1	10	1	2	yes
108	1	11	1	2	yes
108	1	12	1	2	yes
108	1	13	1	2	yes
108	1	14	1	2	yes
108	1	15	1	2	yes
108	1	16	1	2	yes
108	1	17	1	2	yes
108	1	18	1	2	yes
108	1	19	1	2	yes
108	1	20	1	2	yes
109	1	1	1	2	yes
109	1	2	1	2	yes
109	1	3	1	2	yes
109	1	4	1	2	yes
109	1	5	1	2	yes
109	1	6	1	2	yes
109	1	7	1	2	yes
109	1	8	1	2	yes
109	1	9	1	2	yes
110	1	1	1	2	yes
110	1	2	1	2	yes
110	1	3	1	2	yes
110	1	4	1	2	yes
110	1	5	1	2	yes
110	1	6	1	2	yes
110	1	7	1	2	yes
110	1	8	1	2	yes
110	1	9	1	2	yes
111	1	1	1	2	yes
111	1	2	1	2	yes
111	1	3	1	2	yes
111	1	4	1	2	yes
111	1	5	1	2	yes
111	1	6	1	2	yes
111	1	7	1	2	yes
111	1	8	1	2	yes
111	1	9	1	2	yes
112	1	1	1	2	yes
112	1	2	1	2	yes
112	1	3	1	2	yes
112	1	4	1	2	yes
112	1	5	1	2	yes
112	1	6	1	2	yes
112	1	7	1	2	yes
112	1	8	1	2	yes
112	1	9	1	2	yes
112	1	10	1	2	yes
112	1	11	1	2	yes
112	1	12	1	2	yes
112	1	13	1	2	yes
112	1	14	1	2	yes
112	1	15	1	2	yes
112	1	16	1	2	yes
112	1	17	1	2	yes
112	1	18	1	2	yes
112	1	19	1	2	yes
112	1	20	1	2	yes
113	1	1	1	2	yes
113	1	2	1	2	yes
113	1	3	1	2	yes
113	1	4	1	2	yes
113	1	5	1	2	yes
113	1	6	1	2	yes
113	1	7	1	2	yes
113	1	8	1	2	yes
113	1	9	1	2	yes
114	1	1	1	2	yes
114	1	2	1	2	yes
114	1	3	1	2	yes
114	1	4	1	2	yes
114	1	5	1	2	yes
114	1	6	1	2	yes
114	1	7	1	2	yes
114	1	8	1	2	yes
114	1	9	1	2	yes
115	1	1	1	2	yes
115	1	2	1	2	yes
115	1	3	1	2	yes
115	1	4	1	2	yes
115	1	5	1	2	yes
115	1	6	1	2	yes
115	1	7	1	2	yes
115	1	8	1	2	yes
115	1	9	1	2	yes
116	1	1	1	2	yes
116	1	2	1	2	yes
116	1	3	1	2	yes
116	1	4	1	2	yes
116	1	5	1	2	yes
116	1	6	1	2	yes
116	1	7	1	2	yes
116	1	8	1	2	yes
116	1	9	1	2	yes
116	1	10	1	2	yes
116	1	11	1	2	yes
116	1	12	1	2	yes
116	1	13	1	2	yes
116	1	14	1	2	yes
116	1	15	1	2	yes
116	1	16	1	2	yes
116	1	17	1	2	yes
116	1	18	1	2	yes
116	1	19	1	2	yes
116	1	20	1	2	yes
117	1	1	1	2	yes
117	1	2	1	2	yes
117	1	3	1	2	yes
117	1	4	1	2	yes
117	1	5	1	2	yes
117	1	6	1	2	yes
117	1	7	1	2	yes
117	1	8	1	2	yes
117	1	9	1	2	yes
118	1	1	1	2	yes
118	1	2	1	2	yes
118	1	3	1	2	yes
118	1	4	1	2	yes
118	1	5	1	2	yes
118	1	6	1	2	yes
118	1	7	1	2	yes
118	1	8	1	2	yes
118	1	9	1	2	yes
119	1	1	1	2	yes
119	1	2	1	2	yes
119	1	3	1	2	yes
119	1	4	1	2	yes
119	1	5	1	2	yes
119	1	6	1	2	yes
119	1	7	1	2	yes
119	1	8	1	2	yes
119	1	9	1	2	yes
120	1	1	1	2	yes
120	1	2	1	2	yes
120	1	3	1	2	yes
120	1	4	1	2	yes
120	1	5	1	2	yes
120	1	6	1	2	yes
120	1	7	1	2	yes
120	1	8	1	2	yes
120	1	9	1	2	yes
121	1	1	1	2	yes
121	1	2	1	2	yes
121	1	3	1	2	yes
121	1	4	1	2	yes
121	1	5	1	2	yes
121	1	6	1	2	yes
121	1	7	1	2	yes
121	1	8	1	2	yes
121	1	9	1	2	yes
121	1	10	1	2	yes
121	1	11	1	2	yes
121	1	12	1	2	yes
121	1	13	1	2	yes
121	1	14	1	2	yes
121	1	15	1	2	yes
121	1	16	1	2	yes
121	1	17	1	2	yes
121	1	18	1	2	yes
121	1	19	1	2	yes
121	1	20	1	2	yes
122	1	1	1	2	yes
122	1	2	1	2	yes
122	1	3	1	2	yes
122	1	4	1	2	yes
122	1	5	1	2	yes
122	1	6	1	2	yes
122	1	7	1	2	yes
122	1	8	1	2	yes
123	1	1	1	2	yes
123	1	2	1	2	yes
123	1	3	1	2	yes
123	1	4	1	2	yes
123	1	5	1	2	yes
123	1	6	1	2	yes
123	1	7	1	2	yes
123	1	8	1	2	yes
123	1	9	1	2	yes
124	1	1	1	2	yes
124	1	2	1	2	yes
124	1	3	1	2	yes
124	1	4	1	2	yes
124	1	5	1	2	yes
124	1	6	1	2	yes
124	1	7	1	2	yes
124	1	8	1	2	yes
124	1	9	1	2	yes
125	1	1	1	2	yes
125	1	2	1	2	yes
125	1	3	1	2	yes
125	1	4	1	2	yes
125	1	5	1	2	yes
125	1	6	1	2	yes
125	1	7	1	2	yes
125	1	8	1	2	yes
125	1	9	1	2	yes
126	1	1	1	2	yes
126	1	2	1	2	yes
126	1	3	1	2	yes
126	1	4	1	2	yes
126	1	5	1	2	yes
126	1	6	1	2	yes
126	1	7	1	2	yes
126	1	8	1	2	yes
126	1	9	1	2	yes
126	1	10	1	2	yes
126	1	11	1	2	yes
126	1	12	1	2	yes
126	1	13	1	2	yes
126	1	14	1	2	yes
126	1	15	1	2	yes
126	1	16	1	2	yes
126	1	17	1	2	yes
126	1	18	1	2	yes
126	1	19	1	2	yes
126	1	20	1	2	yes
127	1	1	1	2	yes
127	1	2	1	2	yes
127	1	3	1	2	yes
127	1	4	1	2	yes
127	1	5	1	2	yes
127	1	6	1	2	yes
127	1	7	1	2	yes
127	1	8	1	2	yes
127	1	9	1	2	yes
128	1	1	1	2	yes
128	1	2	1	2	yes
128	1	3	1	2	yes
128	1	4	1	2	yes
128	1	5	1	2	yes
128	1	6	1	2	yes
128	1	7	1	2	yes
128	1	8	1	2	yes
128	1	9	1	2	yes
129	1	1	1	2	yes
129	1	2	1	2	yes
129	1	3	1	2	yes
129	1	4	1	2	yes
129	1	5	1	2	yes
129	1	6	1	2	yes
129	1	7	1	2	yes
129	1	8	1	2	yes
129	1	9	1	2	yes
130	1	1	1	2	yes
130	1	2	1	2	yes
130	1	3	1	2	yes
130	1	4	1	2	yes
130	1	5	1	2	yes
130	1	6	1	2	yes
130	1	7	1	2	yes
130	1	8	1	2	yes
130	1	9	1	2	yes
130	1	10	1	2	yes
130	1	11	1	2	yes
130	1	12	1	2	yes
130	1	13	1	2	yes
130	1	14	1	2	yes
130	1	15	1	2	yes
130	1	16	1	2	yes
130	1	17	1	2	yes
130	1	18	1	2	yes
130	1	19	1	2	yes
130	1	20	1	2	yes
131	1	1	1	2	yes
131	1	2	1	2	yes
131	1	3	1	2	yes
131	1	4	1	2	yes
131	1	5	1	2	yes
131	1	6	1	2	yes
131	1	7	1	2	yes
131	1	8	1	2	yes
131	1	9	1	2	yes
132	1	1	1	2	yes
133	1	1	2	2	yes
