context	artifact	sha256
combined	two-run-comparison.tsv	496bffded23b3c35441cb1ce47ea4379cad2e0846f2c93d3f910aa9a2712b627
kiritimati	run-context.txt	901431fc388f6dbffbcd29b0c3b36b031fd2e9aedf434636e246ab5d05487186
kiritimati	raw-manifest.sha256	bdf8561001e48d73c954c34146691436d5000a8c712a52c4daea42c4d159cceb
kiritimati	canonical-manifest.sha256	dc6e477ccd3b38eb0f2965f2091c3004513d3d3d1a2f40b725f34865e26f2c4c
kiritimati	committed-canonical-manifest.sha256	dc6e477ccd3b38eb0f2965f2091c3004513d3d3d1a2f40b725f34865e26f2c4c
kiritimati	canonicalization.tsv	def6334db513dea497295b431c61fa6b78aaa70b46ae6a2bb8e87a58d6715589
kiritimati	candidate-vs-committed.tsv	f5b09c94c451716d6820563b1ec235ac5c88ac243d91f1aebeed485d0b90567e
kiritimati	unpatched-priming.stdout	08c83323be9dc065c0a8fb3b99f4c74ec38249ce0d760952405f1ee005c8b1c0
gmt-minus-12	run-context.txt	e104a6889845aff6eccf7433f37b25091f199ec4573139d411d38148e4e5666b
gmt-minus-12	raw-manifest.sha256	8b792cfc883aa14cba91c62c2598a07e756706447399203df716e2c407383c5d
gmt-minus-12	canonical-manifest.sha256	dc6e477ccd3b38eb0f2965f2091c3004513d3d3d1a2f40b725f34865e26f2c4c
gmt-minus-12	committed-canonical-manifest.sha256	dc6e477ccd3b38eb0f2965f2091c3004513d3d3d1a2f40b725f34865e26f2c4c
gmt-minus-12	canonicalization.tsv	25f692f744c5c8211b6af3a8d584839d7efae8fa937ef1f30a48dea99161255d
gmt-minus-12	candidate-vs-committed.tsv	63bba75eeafaa20d967ca3d449778e14d66b0187748ff4231330aded75cbc6db
gmt-minus-12	unpatched-priming.stdout	991b72ed446581230fff9ffd63d7294730c08aea1aebd73139530da0226f4b4c
