lineage	relative_path	live_sha256	archive_sha256	relation
arndt	ascnum.for	622acf18d8f5127e00a0d82b6017a7c0d011fc9d493a8912cbd7d4c9464f9d23	622acf18d8f5127e00a0d82b6017a7c0d011fc9d493a8912cbd7d4c9464f9d23	exact
arndt	candp.for	b2bd6fe7c1cdc60d94e6a8958229bb6afae4f8d8360f18d41a21ab335c6a9229	b2bd6fe7c1cdc60d94e6a8958229bb6afae4f8d8360f18d41a21ab335c6a9229	exact
arndt	cmpf.for	351165a586a0c51f1a20aa5ddc35f9afaedfe28ec2239a14b6df61d8ffcb0e2a	351165a586a0c51f1a20aa5ddc35f9afaedfe28ec2239a14b6df61d8ffcb0e2a	exact
arndt	crap.f	a1ce52b5dd79ccc9422b4bb4113d97d25cf6495329310331fa0ad63b9fefc93b	a1ce52b5dd79ccc9422b4bb4113d97d25cf6495329310331fa0ad63b9fefc93b	exact
arndt	crap.for	1edf2a8aa22ee5ff98a092a7699fecf701b2343b82e0336fc895604ba9921eb1	1edf2a8aa22ee5ff98a092a7699fecf701b2343b82e0336fc895604ba9921eb1	exact
arndt	dat.f	85d55d5dcd438861df8bbd06dfe18275e3e79d5f2c7946485d0f3ae4772de4f1	85d55d5dcd438861df8bbd06dfe18275e3e79d5f2c7946485d0f3ae4772de4f1	exact
arndt	efield.f	010957b95687daa959ca7a27c45219fe46461d7bfbd08942662b5af5784e91e6	010957b95687daa959ca7a27c45219fe46461d7bfbd08942662b5af5784e91e6	exact
arndt	fit.for	57febffef7c5c6a5ff192a3bcdef6afe90380e840fa605048d4235f2e0cc06b2	57febffef7c5c6a5ff192a3bcdef6afe90380e840fa605048d4235f2e0cc06b2	exact
arndt	gplot/src/aix/getc.c	d4865f7a7cd744202cd5b419c06008f19d1e02af8e02264f6a811774a7546244	d4865f7a7cd744202cd5b419c06008f19d1e02af8e02264f6a811774a7546244	exact
arndt	gplot/src/aix/ibatch.F	bef2e4afaba5d76d47db7df3a7f6a0e2819655e4b60b560f7b5854ac24ee811c	bef2e4afaba5d76d47db7df3a7f6a0e2819655e4b60b560f7b5854ac24ee811c	exact
arndt	gplot/src/aix/perror.c	25980099dde4cee83c1576f010c0a3d40d5cb48c2138509ca6538b53bcce3d03	25980099dde4cee83c1576f010c0a3d40d5cb48c2138509ca6538b53bcce3d03	exact
arndt	gplot/src/aix/put_dwg.F	0a4bfb1bfd02e3f0a8f36b1564dcab4a8bbf2b66a0dae3ae93517c8553ac6e88	0a4bfb1bfd02e3f0a8f36b1564dcab4a8bbf2b66a0dae3ae93517c8553ac6e88	exact
arndt	gplot/src/aix/ran.c	bbfd3d59ef6a730dff8126251edf0ae84b3493b762b8f9b88f8b5774a2084bf6	bbfd3d59ef6a730dff8126251edf0ae84b3493b762b8f9b88f8b5774a2084bf6	exact
arndt	gplot/src/aix/ricon.F	d32fbddf60dadbe0d5d46665565230657bf5af57da46d9ba499e86cfae5e34f0	d32fbddf60dadbe0d5d46665565230657bf5af57da46d9ba499e86cfae5e34f0	exact
arndt	gplot/src/aix/ttynam.F	853c58ff02878a02801a36f409a2e68a7c1a66be7b40755c360434ab0dfbc929	853c58ff02878a02801a36f409a2e68a7c1a66be7b40755c360434ab0dfbc929	exact
arndt	gplot/src/alpha_vms/chreal.F	a1cd837d0d02f0e63be8620384b721abb7dcba2adfcd4b49fda02b1404e15690	a1cd837d0d02f0e63be8620384b721abb7dcba2adfcd4b49fda02b1404e15690	exact
arndt	gplot/src/alpha_vms/do_command.F	2ecbca9089f566ecf6a388e2681777f10619554e57a39122352a392c869730e1	2ecbca9089f566ecf6a388e2681777f10619554e57a39122352a392c869730e1	exact
arndt	gplot/src/alpha_vms/dummy_entries.F	0d52a8282f3959613c9f66a6fe9923611b53f8f9060212a597b7b4a598ff9f3a	0d52a8282f3959613c9f66a6fe9923611b53f8f9060212a597b7b4a598ff9f3a	exact
arndt	gplot/src/alpha_vms/gaxis.F	410f4d2699e8d5e5a9ac561631ca015b0bf927d6ae8ab2801efe13b84be2ab81	410f4d2699e8d5e5a9ac561631ca015b0bf927d6ae8ab2801efe13b84be2ab81	exact
arndt	gplot/src/alpha_vms/gplot_line.F	31acd4686feac7facfecf721acfa106dde102704aba4291280aa101b72333e54	31acd4686feac7facfecf721acfa106dde102704aba4291280aa101b72333e54	exact
arndt	gplot/src/alpha_vms/lok_e_trap.F	89c2c38d1cef6c5dd5b4aa67cc5afc129b0aad0d6835f75c12ea6006fa54b66e	89c2c38d1cef6c5dd5b4aa67cc5afc129b0aad0d6835f75c12ea6006fa54b66e	exact
arndt	gplot/src/alpha_vms/realch.F	13d6f4460eceaa2eeece1eb90956d62b732b6badd2d5da6bda33da6fb1ef7f7b	13d6f4460eceaa2eeece1eb90956d62b732b6badd2d5da6bda33da6fb1ef7f7b	exact
arndt	gplot/src/amsinit.F	e7887356798a061b57ea378e34e5287a5736b9f256834899c7b8ae005dc92070	e7887356798a061b57ea378e34e5287a5736b9f256834899c7b8ae005dc92070	exact
arndt	gplot/src/arc.F	393f06736c06154b9bda688704d2bcac61523f0d3286a3e675ac1109a459fbdf	393f06736c06154b9bda688704d2bcac61523f0d3286a3e675ac1109a459fbdf	exact
arndt	gplot/src/arc_dwg.F	c4c42605278e4843d09158fd442fa9d06ec8690911db207fc78cad79d7e90706	c4c42605278e4843d09158fd442fa9d06ec8690911db207fc78cad79d7e90706	exact
arndt	gplot/src/arcv.F	142f0cf9150d213fd857b6299b22cb2cb5fd68583aedd49dfcfc815a9bdc8e5f	142f0cf9150d213fd857b6299b22cb2cb5fd68583aedd49dfcfc815a9bdc8e5f	exact
arndt	gplot/src/ascebc.F	38b6b0a47e11d7567d7dda83853f1d1cd465f65785c0d0c6f21d81fea739efad	38b6b0a47e11d7567d7dda83853f1d1cd465f65785c0d0c6f21d81fea739efad	exact
arndt	gplot/src/asort.F	d69b195f9d57d0c07392ee18074778dec8095aadd01c56becb5fc3fda249d8d0	d69b195f9d57d0c07392ee18074778dec8095aadd01c56becb5fc3fda249d8d0	exact
arndt	gplot/src/ataridsp.F	aa05fd9c4b43a9471646ece4a3c5a5af852a32f00ba2fb9c9ad6799b6554c82d	aa05fd9c4b43a9471646ece4a3c5a5af852a32f00ba2fb9c9ad6799b6554c82d	exact
arndt	gplot/src/aux_port_out.F	9a972b4d9b3832ccd45a6eb3a59539e7fa7aa2e04033a91f125e675439e12d3f	9a972b4d9b3832ccd45a6eb3a59539e7fa7aa2e04033a91f125e675439e12d3f	exact
arndt	gplot/src/bell.F	526756e16a13d01a64598adb45ceef1e999f4937851f2075cdb8b5990a23e744	526756e16a13d01a64598adb45ceef1e999f4937851f2075cdb8b5990a23e744	exact
arndt	gplot/src/bitmap_free.F	4292150a33b439175b5f00b8ed9a8432678359e98e2049d764149b2768eac4e5	4292150a33b439175b5f00b8ed9a8432678359e98e2049d764149b2768eac4e5	exact
arndt	gplot/src/bitmap_get.F	f1638d8b9b95f68fe85fc9539b5ea3a20582587b4b933221f47ada715849d4f7	f1638d8b9b95f68fe85fc9539b5ea3a20582587b4b933221f47ada715849d4f7	exact
arndt	gplot/src/btd.F	8ca206a6cc453badb1b37346804ee05a5f3cdfcef642996121ae90fb9f503281	8ca206a6cc453badb1b37346804ee05a5f3cdfcef642996121ae90fb9f503281	exact
arndt	gplot/src/calculator.F	17d9bedd4c8cdab69da2e9aaf47126ef77629401eb050e33cb1fb93a74aef050	17d9bedd4c8cdab69da2e9aaf47126ef77629401eb050e33cb1fb93a74aef050	exact
arndt	gplot/src/cft.F	90a123dbca3e5b8425d2d408058c2c8d571fbb8a72a0ba0a5489bca61df723ea	90a123dbca3e5b8425d2d408058c2c8d571fbb8a72a0ba0a5489bca61df723ea	exact
arndt	gplot/src/ch_real.F	85d10ccfdfc3400f94b71e32f59a611b7401d6f5213bc50db9eaa87747e496fc	85d10ccfdfc3400f94b71e32f59a611b7401d6f5213bc50db9eaa87747e496fc	exact
arndt	gplot/src/check_buff.F	9178760e0e83cdbd78fc80314b2c5d6c5b08eb4f137b9f0cfdb58234b741b144	9178760e0e83cdbd78fc80314b2c5d6c5b08eb4f137b9f0cfdb58234b741b144	exact
arndt	gplot/src/check_buff2.F	6207f48904ebf75ccbba8d577eb8ad92166def201da4fc278ade25d783ab6363	6207f48904ebf75ccbba8d577eb8ad92166def201da4fc278ade25d783ab6363	exact
arndt	gplot/src/chreal.F	8df8841be4e99a2fc6c3529c551fbfff83d258d229b0a62adeb641b7271c4c87	8df8841be4e99a2fc6c3529c551fbfff83d258d229b0a62adeb641b7271c4c87	exact
arndt	gplot/src/chsize.F	17806e15e56eec5a912f9ac299645fc74aeda997a9130020658215ced32419fc	17806e15e56eec5a912f9ac299645fc74aeda997a9130020658215ced32419fc	exact
arndt	gplot/src/cils2.F	ff7fc76ed71ad7cdedd34ff77803cddbb5dd621d5d1dc92f4c3bb06104c36f4e	ff7fc76ed71ad7cdedd34ff77803cddbb5dd621d5d1dc92f4c3bb06104c36f4e	exact
arndt	gplot/src/clear_plot.F	93f98662384cc33e4dd3d003546a8160f52c23bf62a3649983fcb68891c9d2d3	93f98662384cc33e4dd3d003546a8160f52c23bf62a3649983fcb68891c9d2d3	exact
arndt	gplot/src/cltrans.F	2a47c9203015bbc932411f9b867617a9f31c96cd4ab2b7b6f977b7f0027a9f71	2a47c9203015bbc932411f9b867617a9f31c96cd4ab2b7b6f977b7f0027a9f71	exact
arndt	gplot/src/conv_r_to_ch.F	2766389540684f77993cd614850f44e4cb232a8457ac4b16e9d1b4d4e1b9a6c9	2766389540684f77993cd614850f44e4cb232a8457ac4b16e9d1b4d4e1b9a6c9	exact
arndt	gplot/src/conv_to_ch.F	765b7e9e0eb9e9b824c46f21db472758f8f3386f46d1d12841e0628401fe8b45	765b7e9e0eb9e9b824c46f21db472758f8f3386f46d1d12841e0628401fe8b45	exact
arndt	gplot/src/conv_to_uc.F	d3f777d7122086f21a354dcfe69642829087591b1872c19e251e0e76dda81da3	d3f777d7122086f21a354dcfe69642829087591b1872c19e251e0e76dda81da3	exact
arndt	gplot/src/convlc_to_uc.F	bc5999763bc9ca8cc3d218eb5347550851a57adb6333197e655bd3a9209848dd	bc5999763bc9ca8cc3d218eb5347550851a57adb6333197e655bd3a9209848dd	exact
arndt	gplot/src/copy_array.F	e88b4902b5c7d89c6849d1a646f5edd0c10ec5c2bce4a2c516528b7aa80e36e6	e88b4902b5c7d89c6849d1a646f5edd0c10ec5c2bce4a2c516528b7aa80e36e6	exact
arndt	gplot/src/cpu_limit.F	771f44f74edf7e7051ead11f40bc0e6aa3bf7e0814e6221a5cd5d78004fa30a6	771f44f74edf7e7051ead11f40bc0e6aa3bf7e0814e6221a5cd5d78004fa30a6	exact
arndt	gplot/src/cpu_time.F	b473571b289306dc5425cd35c44ae75726c8d3d925a506f760e995f490e5fe91	b473571b289306dc5425cd35c44ae75726c8d3d925a506f760e995f490e5fe91	exact
arndt	gplot/src/crosshair_f.F	b23c1de46032d2e9e37dc891a654700f59ec49121d309af2e087b63fdea61717	b23c1de46032d2e9e37dc891a654700f59ec49121d309af2e087b63fdea61717	exact
arndt	gplot/src/crosshair_r.F	cd7df0fe47d4b18422e68b9c38460f554b680e8166ba1cdc1f521caf608cd087	cd7df0fe47d4b18422e68b9c38460f554b680e8166ba1cdc1f521caf608cd087	exact
arndt	gplot/src/ctrlc_trap.F	521edf421113707e1af635d0f4e568cc943520f5ec19a4aa723dd1c0115bf585	521edf421113707e1af635d0f4e568cc943520f5ec19a4aa723dd1c0115bf585	exact
arndt	gplot/src/datetime.F	85269dbe19dfb529507f835f44d499ee1dd22e956898ec8fb86cfe72dcd7b7df	85269dbe19dfb529507f835f44d499ee1dd22e956898ec8fb86cfe72dcd7b7df	exact
arndt	gplot/src/del_array.F	4f0499d6f29efc975c5e040f54964fca1babdabd2c6f1c198ca5358e72435414	4f0499d6f29efc975c5e040f54964fca1babdabd2c6f1c198ca5358e72435414	exact
arndt	gplot/src/deriv3.F	2a4f704b30e354782dc1891a3919e1c4ef1b5553a7091c90425bb3edd73d998a	2a4f704b30e354782dc1891a3919e1c4ef1b5553a7091c90425bb3edd73d998a	exact
arndt	gplot/src/dexp10.F	e618d4b7d6f8787c1cd8a84106eecb681574c7b2d348b8a80c63289b81aba36d	e618d4b7d6f8787c1cd8a84106eecb681574c7b2d348b8a80c63289b81aba36d	exact
arndt	gplot/src/dither.F	af4ce4668e17dfa2c11fc303e5153c2b5372cbbc4e5865a2aaf1abde6dcc0351	af4ce4668e17dfa2c11fc303e5153c2b5372cbbc4e5865a2aaf1abde6dcc0351	exact
arndt	gplot/src/dline.F	471b935677ced3cec1b4398ba343db989bbc5e109f2eeb65817e806c77e8b473	471b935677ced3cec1b4398ba343db989bbc5e109f2eeb65817e806c77e8b473	exact
arndt	gplot/src/dspl11.F	28ea44d16db3b873a40f85a7d9f43e138cb7cf830a937eee45ee4a6155a67f0f	28ea44d16db3b873a40f85a7d9f43e138cb7cf830a937eee45ee4a6155a67f0f	exact
arndt	gplot/src/dsplft.F	ecad2ebe561fa1dde4f78966350f93a25828ba52410efe031819902d015ecc00	ecad2ebe561fa1dde4f78966350f93a25828ba52410efe031819902d015ecc00	exact
arndt	gplot/src/dsplxy.F	31c5dad51b3d66a50c3a00ecc19ae8d5b89f5125cae6ba0f38d91690630ac3ed	31c5dad51b3d66a50c3a00ecc19ae8d5b89f5125cae6ba0f38d91690630ac3ed	exact
arndt	gplot/src/dspxys.F	3cde4ed81c9842c4fc8104d72ee9ceb8a8e52c6ec4adc15b5a6b191e803cb8fc	3cde4ed81c9842c4fc8104d72ee9ceb8a8e52c6ec4adc15b5a6b191e803cb8fc	exact
arndt	gplot/src/dtb.F	4cbe1e194999c2c043bb3e171ee29cb7ab628b3b06c8afbe77f28fa1c42b939b	4cbe1e194999c2c043bb3e171ee29cb7ab628b3b06c8afbe77f28fa1c42b939b	exact
arndt	gplot/src/dwg.F	bfc0ad85a30f2f8425c324ab52743d63083fe56594432ce9c4c31a71e786a489	bfc0ad85a30f2f8425c324ab52743d63083fe56594432ce9c4c31a71e786a489	exact
arndt	gplot/src/dwg_batch.F	245ba5988ce50adc57a70b6917d3d05f03253985d6312db7dd2ccde6a3e3b4d6	245ba5988ce50adc57a70b6917d3d05f03253985d6312db7dd2ccde6a3e3b4d6	exact
arndt	gplot/src/dwg_batch_cl.F	28f12d683323cf31a0254ebdb5d9ccec0cc3883ed139e66ee82c97360334b5bd	28f12d683323cf31a0254ebdb5d9ccec0cc3883ed139e66ee82c97360334b5bd	exact
arndt	gplot/src/dwg_close.F	50f0cabf5a3539f7739cdba53da128bd6b02abbfc13432219a74ae7579516a12	50f0cabf5a3539f7739cdba53da128bd6b02abbfc13432219a74ae7579516a12	exact
arndt	gplot/src/dwg_format.F	7e92d32392c1c2afe1584b9973fa3ad59760aeb2118105cc76b1c34ea3700936	7e92d32392c1c2afe1584b9973fa3ad59760aeb2118105cc76b1c34ea3700936	exact
arndt	gplot/src/dwg_list.F	e126b088f8862a046c27bb537fcea468a28214451ab87688e5c2763de9bd9b66	e126b088f8862a046c27bb537fcea468a28214451ab87688e5c2763de9bd9b66	exact
arndt	gplot/src/dwg_next.F	a531361321b294e1611c6d8bc5314dc1c9797a4f2924da0abf8f057547508cd1	a531361321b294e1611c6d8bc5314dc1c9797a4f2924da0abf8f057547508cd1	exact
arndt	gplot/src/dwg_open.F	48e4162fd2a000b02aca179028936e1449dbecdbe32cb9420056ad90a10c2e87	48e4162fd2a000b02aca179028936e1449dbecdbe32cb9420056ad90a10c2e87	exact
arndt	gplot/src/dwg_output.F	0ae65c1a4f7bf28f7091c34181e0df4c9214122d3a439e6195f3cf249d10a349	0ae65c1a4f7bf28f7091c34181e0df4c9214122d3a439e6195f3cf249d10a349	exact
arndt	gplot/src/dwg_stroke.F	ed0cf7d528e3ded6efd5e7ea020fa9db453a931d390dc5ad9ccaf994be12e5b5	ed0cf7d528e3ded6efd5e7ea020fa9db453a931d390dc5ad9ccaf994be12e5b5	exact
arndt	gplot/src/ellcon.F	2578b716d771e3f5860b4fdb05cf6338d81578b8a27925e750117b124b8c4eaa	2578b716d771e3f5860b4fdb05cf6338d81578b8a27925e750117b124b8c4eaa	exact
arndt	gplot/src/ellfit.F	7961e8b4324d56a6e8fd8b9934bd7088a94520a8d3e5ed1a0ab4512a86d6dbc2	7961e8b4324d56a6e8fd8b9934bd7088a94520a8d3e5ed1a0ab4512a86d6dbc2	exact
arndt	gplot/src/ellips.F	92fe0b37df4e5459504a77efad6c4d43c43637b7e01412de977048c143eed797	92fe0b37df4e5459504a77efad6c4d43c43637b7e01412de977048c143eed797	exact
arndt	gplot/src/end_plot.F	14df16e01fa814c17ceb0338b3bce5080122483cf91a8ab2fda9400d1206ddc1	14df16e01fa814c17ceb0338b3bce5080122483cf91a8ab2fda9400d1206ddc1	exact
arndt	gplot/src/eqcmp.F	7cccf83770ec693ecc7fdd8ac42c4e8ebfdf5f2a2c97dfe08f2c3ea323c6a5bc	7cccf83770ec693ecc7fdd8ac42c4e8ebfdf5f2a2c97dfe08f2c3ea323c6a5bc	exact
arndt	gplot/src/equc.F	40198c0f86106ca4dd36c018fe0e6cd96a54ecd2f2abb947fe87c5313131e221	40198c0f86106ca4dd36c018fe0e6cd96a54ecd2f2abb947fe87c5313131e221	exact
arndt	gplot/src/erase_recta.F	53f4e11dd1474dc8e053e22b16d81944320a451aa1299256f433105817fba868	53f4e11dd1474dc8e053e22b16d81944320a451aa1299256f433105817fba868	exact
arndt	gplot/src/find_unit.F	af739d6bbedf6553b38b503577cc0271ff58f0bd1ca39fd2f6122bd07e4ed674	af739d6bbedf6553b38b503577cc0271ff58f0bd1ca39fd2f6122bd07e4ed674	exact
arndt	gplot/src/findc.F	07429932347604d967049154951b765c84b5f8ae88544b995eb7c1a020da6519	07429932347604d967049154951b765c84b5f8ae88544b995eb7c1a020da6519	exact
arndt	gplot/src/findst.F	661cd7e2dad109b7590f0aa9f5df9a771e2b873e135aac797a2f191db4b7cd8a	661cd7e2dad109b7590f0aa9f5df9a771e2b873e135aac797a2f191db4b7cd8a	exact
arndt	gplot/src/flush_plot.F	e5592e50abd3509d5dd9fd46873428cf27f69f5f5d97288c7d3470ec85003003	e5592e50abd3509d5dd9fd46873428cf27f69f5f5d97288c7d3470ec85003003	exact
arndt	gplot/src/fnice.F	7b5fedd800ea510fd2faf0a016792fb356539c2fcd15038be3e420fd1ce5959d	7b5fedd800ea510fd2faf0a016792fb356539c2fcd15038be3e420fd1ce5959d	exact
arndt	gplot/src/formsg.F	cd12c2aa3f671e364181237b1bb573861e22952594270e2178deb5fa4cee98b7	cd12c2aa3f671e364181237b1bb573861e22952594270e2178deb5fa4cee98b7	exact
arndt	gplot/src/fourt.F	466db261d0405d8856ee40b8122a41a2ee8a18b12a877d774958fd85bf11e753	466db261d0405d8856ee40b8122a41a2ee8a18b12a877d774958fd85bf11e753	exact
arndt	gplot/src/free_space.F	42fb8fef8af8171744a8d0ecbabbc33e68bb919356f6da437e15e1a413906987	42fb8fef8af8171744a8d0ecbabbc33e68bb919356f6da437e15e1a413906987	exact
arndt	gplot/src/g77/getc.c	e3bb6b1c7d87eacddc5f0258d36d63a5dbcd257f21b5edec8a0f91ce13e38852	e3bb6b1c7d87eacddc5f0258d36d63a5dbcd257f21b5edec8a0f91ce13e38852	exact
arndt	gplot/src/g77/getpid.c	7043ec28245191be531ee7b12177ba297e499b5210c4d666dcb34b42c22c1e7d	7043ec28245191be531ee7b12177ba297e499b5210c4d666dcb34b42c22c1e7d	exact
arndt	gplot/src/g77/malloc.c	101db2c73d8c377bf9dc2cfa42687f5e7a32cd0063047c07dd1070a907728288	101db2c73d8c377bf9dc2cfa42687f5e7a32cd0063047c07dd1070a907728288	exact
arndt	gplot/src/g77/perror.c	25980099dde4cee83c1576f010c0a3d40d5cb48c2138509ca6538b53bcce3d03	25980099dde4cee83c1576f010c0a3d40d5cb48c2138509ca6538b53bcce3d03	exact
arndt	gplot/src/g77/sleep.c	e758350d3675f959c87c908198f5b572de021d46bb0d48ce2c2d9b3bc01f6fa4	e758350d3675f959c87c908198f5b572de021d46bb0d48ce2c2d9b3bc01f6fa4	exact
arndt	gplot/src/g77/trigd.F	49bc3681efaef176a0eaace05d436af6e65cef90aa3d8a06e0a2bf9353584b0a	49bc3681efaef176a0eaace05d436af6e65cef90aa3d8a06e0a2bf9353584b0a	exact
arndt	gplot/src/gd.h	b91c565d20c33b1466be77f45bd355c7ebd1975dc744648aa0150a4f3bf47e85	b91c565d20c33b1466be77f45bd355c7ebd1975dc744648aa0150a4f3bf47e85	exact
arndt	gplot/src/gd_io.h	c47b3e9b709f42ab8d626cb230e1a0b9824a07433a33a71b721792137f9c4d3f	c47b3e9b709f42ab8d626cb230e1a0b9824a07433a33a71b721792137f9c4d3f	exact
arndt	gplot/src/generic_term.F	a9c9bcb50dff1ddc4f93c23ba9a10c1aedbab977a0b6863bbb83672c741d4d8c	a9c9bcb50dff1ddc4f93c23ba9a10c1aedbab977a0b6863bbb83672c741d4d8c	exact
arndt	gplot/src/get_array.F	17d6863b9d8a59e5d81a31c1fa0e2861fdab332ba309a57bc594672c72efde44	17d6863b9d8a59e5d81a31c1fa0e2861fdab332ba309a57bc594672c72efde44	exact
arndt	gplot/src/get_hardtype.F	2bf590de086912dde820882226a0c650247512449176a8e5e8e64e827d227baa	2bf590de086912dde820882226a0c650247512449176a8e5e8e64e827d227baa	exact
arndt	gplot/src/get_plot_dev.F	4d9cdff5011fe066bed67a3e2b2c5064bf3177df2a9f576e63cf1f60325a3347	4d9cdff5011fe066bed67a3e2b2c5064bf3177df2a9f576e63cf1f60325a3347	exact
arndt	gplot/src/get_pltype.F	179da98327a909b1f5be0ea54549ad7696c9a0d1a8b1f9bd0116ebb01ddc0c05	179da98327a909b1f5be0ea54549ad7696c9a0d1a8b1f9bd0116ebb01ddc0c05	exact
arndt	gplot/src/get_prcnam.F	4b7d8b29e9a88ed8794306ced7fd16d66d96a2b98d2315a1151be10241adc731	4b7d8b29e9a88ed8794306ced7fd16d66d96a2b98d2315a1151be10241adc731	exact
arndt	gplot/src/get_space.F	8ac2d6639c4063b6563489afe665fd8797d2f5cd35141c25db1c053606a26d7f	8ac2d6639c4063b6563489afe665fd8797d2f5cd35141c25db1c053606a26d7f	exact
arndt	gplot/src/get_termtype.F	ee7d49c4a56baee8fb6c00743bb4278f3c398da5957a984ec84a52e475c80f09	ee7d49c4a56baee8fb6c00743bb4278f3c398da5957a984ec84a52e475c80f09	exact
arndt	gplot/src/get_username.F	f5021b55461f23d8435edb39dbaf62ee9ccc1ff86261e2bf3560dfa36afbe203	f5021b55461f23d8435edb39dbaf62ee9ccc1ff86261e2bf3560dfa36afbe203	exact
arndt	gplot/src/gks_plot.F	ba99f8187b90ee72261a8435d5624de71c942d12d97ef6f911a2e9bd9fd62407	ba99f8187b90ee72261a8435d5624de71c942d12d97ef6f911a2e9bd9fd62407	exact
arndt	gplot/src/gksdum.F	41267a1c46662a6b3644b7ce64869f30817b20ffad7784e6b69ff1c4a070f663	41267a1c46662a6b3644b7ce64869f30817b20ffad7784e6b69ff1c4a070f663	exact
arndt	gplot/src/gplot/atari_hist.F	e3e8a7481b150899c9e05019daa2801ece9bf597c52154c803175b251e71b026	e3e8a7481b150899c9e05019daa2801ece9bf597c52154c803175b251e71b026	exact
arndt	gplot/src/gplot/atari_matrix.F	cc8deb044eaa41cf1240ad0e696a212c2fc9a568065e5a2b4521c6ae6930cdb3	cc8deb044eaa41cf1240ad0e696a212c2fc9a568065e5a2b4521c6ae6930cdb3	exact
arndt	gplot/src/gplot/auto_scale.F	5a8626a9610c7129068d45192e2339da69071fb9f34cb832766c062f51da0821	5a8626a9610c7129068d45192e2339da69071fb9f34cb832766c062f51da0821	exact
arndt	gplot/src/gplot/axline.F	bb7038167a8f77d58378d0f3b4d7516ef87d77415f56791e788817e82f9be72c	bb7038167a8f77d58378d0f3b4d7516ef87d77415f56791e788817e82f9be72c	exact
arndt	gplot/src/gplot/axlog.F	e23be2c92ff5088873ac5a50f5af385ea223fe26742689633ed3a6d2f9aae02a	e23be2c92ff5088873ac5a50f5af385ea223fe26742689633ed3a6d2f9aae02a	exact
arndt	gplot/src/gplot/do_command.F	a10b734733c0122f2d7f6976efd5de0cc9ee3de34bef639b21926f1c70401cbc	a10b734733c0122f2d7f6976efd5de0cc9ee3de34bef639b21926f1c70401cbc	exact
arndt	gplot/src/gplot/gauto.F	0e5beb698b1c74736ff3b5b88ecd22cf0d4903947d2871cc5fdbf0ed0ec11550	0e5beb698b1c74736ff3b5b88ecd22cf0d4903947d2871cc5fdbf0ed0ec11550	exact
arndt	gplot/src/gplot/gaxis.F	ec36271e6bbaf1ec628e4d7ddfa418e13a62fbd9fc97046a77a98ceb310f2b3d	ec36271e6bbaf1ec628e4d7ddfa418e13a62fbd9fc97046a77a98ceb310f2b3d	exact
arndt	gplot/src/gplot/get_item.F	e1af8ff9b29c6892940da652f68fb68551b0a81983a751625f62026df5e3aacc	e1af8ff9b29c6892940da652f68fb68551b0a81983a751625f62026df5e3aacc	exact
arndt	gplot/src/gplot/getdyn.F	f99c01492c34cc067536eec4b4332ad08fb52e4c26db85bd3c101df56b8a1e6e	f99c01492c34cc067536eec4b4332ad08fb52e4c26db85bd3c101df56b8a1e6e	exact
arndt	gplot/src/gplot/getlab.F	53e1a47a59d064a6932459ba2d6320b0acc913a2ad808f588173f238671e17a6	53e1a47a59d064a6932459ba2d6320b0acc913a2ad808f588173f238671e17a6	exact
arndt	gplot/src/gplot/getnam.F	aeb9f09a9106cd794801055f2039130c241f48c84504b46c4e8c7c93a74cde66	aeb9f09a9106cd794801055f2039130c241f48c84504b46c4e8c7c93a74cde66	exact
arndt	gplot/src/gplot/getpcnt.F	3dd9d6667fa823115154f578b8035c50611f7fb6fc3a4207157f762d96779ea2	3dd9d6667fa823115154f578b8035c50611f7fb6fc3a4207157f762d96779ea2	exact
arndt	gplot/src/gplot/gline_sub.F	b66c352e4f31ed57aab5c719f249521a636bcb972aebc7f0f24065be1e980a7f	b66c352e4f31ed57aab5c719f249521a636bcb972aebc7f0f24065be1e980a7f	exact
arndt	gplot/src/gplot/gplot.F	0c73f8dc49d14b6f50595c4bc3e8e7cb32cc8dcdbf28885af8ce141eef1ecf77	0c73f8dc49d14b6f50595c4bc3e8e7cb32cc8dcdbf28885af8ce141eef1ecf77	exact
arndt	gplot/src/gplot/gplot_cont.F	50b248f2860a49a79d8eaa11be1369094c41569247b1441740c63b8f8966a8ec	50b248f2860a49a79d8eaa11be1369094c41569247b1441740c63b8f8966a8ec	exact
arndt	gplot/src/gplot/gplot_conv.F	9796b44578f0c3fe4d88084490f9248c398a37665f88117fda19956342425014	9796b44578f0c3fe4d88084490f9248c398a37665f88117fda19956342425014	exact
arndt	gplot/src/gplot/gplot_disp_n.F	c7e0fc6c5eed59b51702f46c6f2b124051ccda2d1d9f12256bf2c0ef63effef7	c7e0fc6c5eed59b51702f46c6f2b124051ccda2d1d9f12256bf2c0ef63effef7	exact
arndt	gplot/src/gplot/gplot_line.F	97b5c0d8a07672903a9778ea10683336d32809906f9e670dbdda1df3ca4675af	97b5c0d8a07672903a9778ea10683336d32809906f9e670dbdda1df3ca4675af	exact
arndt	gplot/src/gplot/gplot_menu.F	c9bceabb43f0b56de6a4eea7b8c84301ba3e81babfd1565951c506100d0dfedb	c9bceabb43f0b56de6a4eea7b8c84301ba3e81babfd1565951c506100d0dfedb	exact
arndt	gplot/src/gplot/gplot_number.F	12979ee54287144e5a2c250b937600f81778ba32c08a554c8f91f5c069771c03	12979ee54287144e5a2c250b937600f81778ba32c08a554c8f91f5c069771c03	exact
arndt	gplot/src/gplot/gplot_r.F	514fd2ffe691b7c7a33c75369c0f84e0ce410685ddc90c92eded0e0f9d11c9ff	514fd2ffe691b7c7a33c75369c0f84e0ce410685ddc90c92eded0e0f9d11c9ff	exact
arndt	gplot/src/gplot/gplot_r_init.F	0eb4b3f73b854a3c3c944b5b2df79f5fe91c1f3c7b81b23f13954d98e825a4c8	0eb4b3f73b854a3c3c944b5b2df79f5fe91c1f3c7b81b23f13954d98e825a4c8	exact
arndt	gplot/src/gplot/gplot_rest.F	c20f8c17cc31b281c2c7927ffa7e265250f5380ac31ac84df2015ec4e7393eb9	c20f8c17cc31b281c2c7927ffa7e265250f5380ac31ac84df2015ec4e7393eb9	exact
arndt	gplot/src/gplot/gplot_rest_f.F	16ea76920df09fbc8d92f53cf0fab5f8e4dd068dcd29f2735af5ce04c0c97321	16ea76920df09fbc8d92f53cf0fab5f8e4dd068dcd29f2735af5ce04c0c97321	exact
arndt	gplot/src/gplot/gplot_save.F	e4057f4343726621c79aacd75eeb1d80669ad27ac4f010a45feb0095bc8a442b	e4057f4343726621c79aacd75eeb1d80669ad27ac4f010a45feb0095bc8a442b	exact
arndt	gplot/src/gplot/gplot_save_f.F	55bcb540ad78b749788aa1d98573960144226575099c28618cdc730576ce16a5	55bcb540ad78b749788aa1d98573960144226575099c28618cdc730576ce16a5	exact
arndt	gplot/src/gplot/gplot_setup.F	2b988985e021d3b67895b6768970fa24c96251e311d817bbc438efd86db95bc6	2b988985e021d3b67895b6768970fa24c96251e311d817bbc438efd86db95bc6	exact
arndt	gplot/src/gplot/gplot_short.F	3ffa35da2a709d8d78818eb784a3c2515f15bd66bed1d84f61b5ad56fedb04e5	3ffa35da2a709d8d78818eb784a3c2515f15bd66bed1d84f61b5ad56fedb04e5	exact
arndt	gplot/src/gplot/gplot_symbol.F	d2bd4e71d527e59c6c0b04fba3cba2eeeb056f32de6371fe03af9d0aca1e7720	d2bd4e71d527e59c6c0b04fba3cba2eeeb056f32de6371fe03af9d0aca1e7720	exact
arndt	gplot/src/gplot/gplot_txt.F	6f895eb36b265659b041ea7ad48ef83a0360dea131d10159f05be3ebf31c397f	6f895eb36b265659b041ea7ad48ef83a0360dea131d10159f05be3ebf31c397f	exact
arndt	gplot/src/gplot/gploti.F	81ec524e44a360fdf24af9d0d8b5e2d05278567401f41c8bdadbf453179d9584	81ec524e44a360fdf24af9d0d8b5e2d05278567401f41c8bdadbf453179d9584	exact
arndt	gplot/src/gplot/gplt.F	7e43503bc31a0f6abf2e1a90e88a3595660ce2504d8d4c2d6dc232ca7ba1ca3f	7e43503bc31a0f6abf2e1a90e88a3595660ce2504d8d4c2d6dc232ca7ba1ca3f	exact
arndt	gplot/src/gplot/hcopydev.F	bdfd1090294732da41f70590c850f6cc76079833f32c040870c51be0c1c82119	bdfd1090294732da41f70590c850f6cc76079833f32c040870c51be0c1c82119	exact
arndt	gplot/src/gplot/is_it_dynam.F	809bc9ea7c435eb668b1b5d45020c1019bfc1821ae4316337858138f759f97e6	809bc9ea7c435eb668b1b5d45020c1019bfc1821ae4316337858138f759f97e6	exact
arndt	gplot/src/gplot/labxy.F	cd62ba6ec1fe2e7e57f3d5ad3658b0ef7310316753480f9c94761f7e5681c5c5	cd62ba6ec1fe2e7e57f3d5ad3658b0ef7310316753480f9c94761f7e5681c5c5	exact
arndt	gplot/src/gplot/mondev.F	a269116cfeecb92c27ea2f026321a41722743007da1c33e39ebf752604cf3d7a	a269116cfeecb92c27ea2f026321a41722743007da1c33e39ebf752604cf3d7a	exact
arndt	gplot/src/gplot/name_in_hex.F	d3d0871432fc8ce0bd3d70e63ec8ad872f4ee7fb98c93703420068f2d417e630	d3d0871432fc8ce0bd3d70e63ec8ad872f4ee7fb98c93703420068f2d417e630	exact
arndt	gplot/src/gplot/setlab.F	1b85f72d8c4d46c239331ad5257810ee88d61ef077c22c9cc98d6e00b222d18e	1b85f72d8c4d46c239331ad5257810ee88d61ef077c22c9cc98d6e00b222d18e	exact
arndt	gplot/src/gplot/setnam.F	b22fbed0aa44c2180f4b80fda53ffe65f4a41b6a0b3b9c99f11db052c86cd65a	b22fbed0aa44c2180f4b80fda53ffe65f4a41b6a0b3b9c99f11db052c86cd65a	exact
arndt	gplot/src/gplot/symbol2.F	dce0b9b2df0ed1bc12bdfebd83fcecb2dffdb69de58db52468628b2f3413421f	dce0b9b2df0ed1bc12bdfebd83fcecb2dffdb69de58db52468628b2f3413421f	exact
arndt	gplot/src/graphics_hc.F	2622ff570f07daf20a3bc2cce34cb36904dbf91cdc2d3efdc5fe1dba51c93a7a	2622ff570f07daf20a3bc2cce34cb36904dbf91cdc2d3efdc5fe1dba51c93a7a	exact
arndt	gplot/src/hardcopy_rng.F	3007f40a9d55046cabd3f4abb59b28e5f71c069ae2acddb34f6a566a1f9fc667	3007f40a9d55046cabd3f4abb59b28e5f71c069ae2acddb34f6a566a1f9fc667	exact
arndt	gplot/src/hatch.F	dc4b8af3419d11aa8ac5576195fd2e8ab2fe44f3a45c4a0a04d4b3e7cd3a78b3	dc4b8af3419d11aa8ac5576195fd2e8ab2fe44f3a45c4a0a04d4b3e7cd3a78b3	exact
arndt	gplot/src/hex_to_ascii.F	79c4e55f434eed688fd94aed3904f8ac04e1905a212755e4df6c71a5080325cd	79c4e55f434eed688fd94aed3904f8ac04e1905a212755e4df6c71a5080325cd	exact
arndt	gplot/src/houston_plot.F	723d91336e3699e83c380eaffdd9c7711bd925dc7f81a803870878b9adb3cc2b	723d91336e3699e83c380eaffdd9c7711bd925dc7f81a803870878b9adb3cc2b	exact
arndt	gplot/src/hpsub.F	354117927105f32b02324b26ef42f135f684d1f960892b415b3653b300123991	354117927105f32b02324b26ef42f135f684d1f960892b415b3653b300123991	exact
arndt	gplot/src/hpux/crosshair_r.F	f5e6874f79220507094037e7911b2a60593d251dbf7efca5fb6c68b2f911ca1c	f5e6874f79220507094037e7911b2a60593d251dbf7efca5fb6c68b2f911ca1c	exact
arndt	gplot/src/hpux/ricon.F	dab6665b952ddf5e4f0ddc2b5f702f75283808c6c2205316c67b56cfafdb25f4	dab6665b952ddf5e4f0ddc2b5f702f75283808c6c2205316c67b56cfafdb25f4	exact
arndt	gplot/src/igc.F	c713a4eff0d55946b22cf7060f2d7ec1dd5ac3b63cc709eea1ac9835f45428a3	c713a4eff0d55946b22cf7060f2d7ec1dd5ac3b63cc709eea1ac9835f45428a3	exact
arndt	gplot/src/impress_plot.F	1e4bae4c5c22b5f7d1976b2e5ede8f9d3c1ec24a4efce35ac14f5f8b3632dde2	1e4bae4c5c22b5f7d1976b2e5ede8f9d3c1ec24a4efce35ac14f5f8b3632dde2	exact
arndt	gplot/src/iplot.F	f78fdc281704592b423312e5314b228330abce7f5d14ff8e66e53b184d4e1a8b	f78fdc281704592b423312e5314b228330abce7f5d14ff8e66e53b184d4e1a8b	exact
arndt	gplot/src/it_is.F	d2a8cdff5a2cee779a774fdea3511cf272035d84f4eab913e86d7254d41cb0ef	d2a8cdff5a2cee779a774fdea3511cf272035d84f4eab913e86d7254d41cb0ef	exact
arndt	gplot/src/jplot.F	e564485416571094361cf9cd5b7449f8a0e043f0e3e45cb7815b76d9b5657515	e564485416571094361cf9cd5b7449f8a0e043f0e3e45cb7815b76d9b5657515	exact
arndt	gplot/src/keypress.c	5f449c71a7a3880cd200159b70b04c16dc096f7851a98f7adfab114502bf30d0	5f449c71a7a3880cd200159b70b04c16dc096f7851a98f7adfab114502bf30d0	exact
arndt	gplot/src/left_justify.F	52b6bcf762655a2a8d42f1a00d5abee9a45b35bdee61eb55a43dc0e92667bd73	52b6bcf762655a2a8d42f1a00d5abee9a45b35bdee61eb55a43dc0e92667bd73	exact
arndt	gplot/src/lensig.F	3496db8f95b53332dbb951cf2a7bb27fc1de888d9a9cac5a6a1afce705c0c80c	3496db8f95b53332dbb951cf2a7bb27fc1de888d9a9cac5a6a1afce705c0c80c	exact
arndt	gplot/src/lib_free_vm.F	02f4b625102ef4983f72fc789fe90e74ac55b5d11fdff6e08acaf2bb0e191d7e	02f4b625102ef4983f72fc789fe90e74ac55b5d11fdff6e08acaf2bb0e191d7e	exact
arndt	gplot/src/lib_get_vm.F	4f1ad79fdc4cef2ab1430eb47d8da4d1fc6026aeadd7b3b918c6b0dbd18da360	4f1ad79fdc4cef2ab1430eb47d8da4d1fc6026aeadd7b3b918c6b0dbd18da360	exact
arndt	gplot/src/lib_out.F	5cafb9aa24c2cb28dc797cc3525c02e0c6b8738828be4414f5a20ba925edd0a6	5cafb9aa24c2cb28dc797cc3525c02e0c6b8738828be4414f5a20ba925edd0a6	exact
arndt	gplot/src/line_thick.F	2a6e68e1b6deff2600677d34dc1a30ab85eb21f61ce5e1a83e3c0ca80c82c373	2a6e68e1b6deff2600677d34dc1a30ab85eb21f61ce5e1a83e3c0ca80c82c373	exact
arndt	gplot/src/list_fnames.F	e9e16e4ba705c82accad547fba67ce14d79ae9022343600fa94ecd97e9eece62	e9e16e4ba705c82accad547fba67ce14d79ae9022343600fa94ecd97e9eece62	exact
arndt	gplot/src/lower_case.F	d60c8b3982417ee36bbc2d1e36295e8551ef1525da628ec0102c18427aec1128	d60c8b3982417ee36bbc2d1e36295e8551ef1525da628ec0102c18427aec1128	exact
arndt	gplot/src/lqline.F	a4466598224037558cacf62298e43be6f318aff1ead2d21a739c8ffbb0145878	a4466598224037558cacf62298e43be6f318aff1ead2d21a739c8ffbb0145878	exact
arndt	gplot/src/lswap.F	ecc3fe1ef52ff41b47f79a4d4327aa9dd9a3127672f625082d99d6e4610f4189	ecc3fe1ef52ff41b47f79a4d4327aa9dd9a3127672f625082d99d6e4610f4189	exact
arndt	gplot/src/lwrcase.F	60266a3a0ef45df63b6585df2f3d8e6eb50bc591d3076aa97fd294021bf3ef38	60266a3a0ef45df63b6585df2f3d8e6eb50bc591d3076aa97fd294021bf3ef38	exact
arndt	gplot/src/minmax.F	ddf26ad588d0e37e39b1b6e0606446f1594d5496801ada2e3ae8df31b42b75b8	ddf26ad588d0e37e39b1b6e0606446f1594d5496801ada2e3ae8df31b42b75b8	exact
arndt	gplot/src/mod2.F	3d2db0712089ec0bfaf3f48d15a2cabe9d65e265ffcb1c0d74d3dfba25896c2e	3d2db0712089ec0bfaf3f48d15a2cabe9d65e265ffcb1c0d74d3dfba25896c2e	exact
arndt	gplot/src/monitor2_rng.F	3add2e704cd384281474cf513d571189d128fc2d9fc702a58908cb7e5bc7731d	3add2e704cd384281474cf513d571189d128fc2d9fc702a58908cb7e5bc7731d	exact
arndt	gplot/src/monitor_rng.F	e6215761a3bd9e2007e7aebb7bb816ad28dbd5d04a24b902383836057915f574	e6215761a3bd9e2007e7aebb7bb816ad28dbd5d04a24b902383836057915f574	exact
arndt	gplot/src/movec.F	ac61edae972d51c7c753a1d788f1db20f2b5022efdc6b0aba96aa3248ecdbd36	ac61edae972d51c7c753a1d788f1db20f2b5022efdc6b0aba96aa3248ecdbd36	exact
arndt	gplot/src/mplot.F	94a8c7e67e45d4ccfd95f5459720d475bdec8fb8538c9fb05a62b2e2efada500	94a8c7e67e45d4ccfd95f5459720d475bdec8fb8538c9fb05a62b2e2efada500	exact
arndt	gplot/src/mxhelp.F	af522b99d1db8d62c1080e0aa9428c787a94741f44b30a1ea5eb044aa0a3c00e	af522b99d1db8d62c1080e0aa9428c787a94741f44b30a1ea5eb044aa0a3c00e	exact
arndt	gplot/src/nargs.F	e7aa65bba2efb80e33958483c5272d34cb14cfc1791307080b86e3b3fb414b02	e7aa65bba2efb80e33958483c5272d34cb14cfc1791307080b86e3b3fb414b02	exact
arndt	gplot/src/node_name.F	4ae4fd8b00d45f876236284e45aadf443705f8625ecd54937ac26b816605992d	4ae4fd8b00d45f876236284e45aadf443705f8625ecd54937ac26b816605992d	exact
arndt	gplot/src/pack_buffer.F	a69ce1e3b07fad9cec5ecb2c9cba9b40031bd30415370d4d2032c928c23aad84	a69ce1e3b07fad9cec5ecb2c9cba9b40031bd30415370d4d2032c928c23aad84	exact
arndt	gplot/src/pack_buffer2.F	0c15fba878b2c1c725affdf1e5802d03e28b75ec7ae09747f87c8d4de6ca4db0	0c15fba878b2c1c725affdf1e5802d03e28b75ec7ae09747f87c8d4de6ca4db0	exact
arndt	gplot/src/pascebc.F	d228abde3aa110d709d757994d1d63e7712b775a8d45c3f148c2709b01298903	d228abde3aa110d709d757994d1d63e7712b775a8d45c3f148c2709b01298903	exact
arndt	gplot/src/pause2.F	f56207da08fa653942d5ec66e2bf31bc7661347598da8d96dcd6c59235392f9e	f56207da08fa653942d5ec66e2bf31bc7661347598da8d96dcd6c59235392f9e	exact
arndt	gplot/src/pebcasc.F	fd57a0744ead019df4f2854664a9a39b95a3e778e0b706d1ae7e311629b28ddd	fd57a0744ead019df4f2854664a9a39b95a3e778e0b706d1ae7e311629b28ddd	exact
arndt	gplot/src/pen_down.F	bfcbbe9b1b9c90cbdf4308ca305ed0a3e0b192797a80a92d92da9691c29212b5	bfcbbe9b1b9c90cbdf4308ca305ed0a3e0b192797a80a92d92da9691c29212b5	exact
arndt	gplot/src/pen_up.F	35ddfe6ed7ac4dd6e805e4dba9e83c6444902e22489400cbc15cec465c88f18a	35ddfe6ed7ac4dd6e805e4dba9e83c6444902e22489400cbc15cec465c88f18a	exact
arndt	gplot/src/pfont.F	cc922dd60b073a93a62b6fb52a5e59843ced746e62cf35521b2a593c70398021	cc922dd60b073a93a62b6fb52a5e59843ced746e62cf35521b2a593c70398021	exact
arndt	gplot/src/pixel_extent.F	d1cbd2c5de53c7fb5ae6789c5c1c9d54f2bc3c46a060178f8de3eaf8b3fdc53a	d1cbd2c5de53c7fb5ae6789c5c1c9d54f2bc3c46a060178f8de3eaf8b3fdc53a	exact
arndt	gplot/src/plot_color.F	ef838b9ad55212a961898af24707dd134f9878a6f067dd45787a6fc0a509d42a	ef838b9ad55212a961898af24707dd134f9878a6f067dd45787a6fc0a509d42a	exact
arndt	gplot/src/plot_device.F	acbefc1e3d5047b763d10222f7b41812468c21015c990caf05cf270a673cc220	acbefc1e3d5047b763d10222f7b41812468c21015c990caf05cf270a673cc220	exact
arndt	gplot/src/plot_device2.F	30825f053b28e8a5197303b38ae44050208d0fb96d6627920c4663cde8d668cb	30825f053b28e8a5197303b38ae44050208d0fb96d6627920c4663cde8d668cb	exact
arndt	gplot/src/plot_end.F	9021e7034f53e987bd37b2f1fca034f2058ee61920fc409916819e40597ba34d	9021e7034f53e987bd37b2f1fca034f2058ee61920fc409916819e40597ba34d	exact
arndt	gplot/src/plot_hardc.F	1144d861d544f3cc9adc69f05dc5d1f3e8af5ae90455f427e101ca4f7995e087	1144d861d544f3cc9adc69f05dc5d1f3e8af5ae90455f427e101ca4f7995e087	exact
arndt	gplot/src/plot_level.F	ccbf0720e6893017761a9610be9c12d000b7d0d12b65e83c98ca81f701f0d6f0	ccbf0720e6893017761a9610be9c12d000b7d0d12b65e83c98ca81f701f0d6f0	exact
arndt	gplot/src/plot_level2.F	86cad4eb1af0547a7bf49c6d7898b946d26cb33ce568e696c2a3b07f595ab01e	86cad4eb1af0547a7bf49c6d7898b946d26cb33ce568e696c2a3b07f595ab01e	exact
arndt	gplot/src/plot_mode.F	07d88d800bf731c005f10d046a790ce873a9da34ac96bf54a1b684c57b1c2898	07d88d800bf731c005f10d046a790ce873a9da34ac96bf54a1b684c57b1c2898	exact
arndt	gplot/src/plot_mode2.F	1ffb230e6411521fd02e767f1282286071cf0525860a14a028eebec306a5480e	1ffb230e6411521fd02e767f1282286071cf0525860a14a028eebec306a5480e	exact
arndt	gplot/src/plot_mon.F	ea36fd3459e092cca859d01b67ed5ed6046232ec280a51ad2babe6667d317a49	ea36fd3459e092cca859d01b67ed5ed6046232ec280a51ad2babe6667d317a49	exact
arndt	gplot/src/plot_mon2.F	6ea4883634091376c5d58d56ba5833919f533dfdfb6da0013234744d38a14e6b	6ea4883634091376c5d58d56ba5833919f533dfdfb6da0013234744d38a14e6b	exact
arndt	gplot/src/plot_point.F	f09a4ee7ce5f7af94fa07f7649724feb8ee47c23d362f1f3d06e2bc60e061431	f09a4ee7ce5f7af94fa07f7649724feb8ee47c23d362f1f3d06e2bc60e061431	exact
arndt	gplot/src/plot_r.F	4265b88249ff9943f69d189f38243d802333cdd60036229166441236baafa2d2	4265b88249ff9943f69d189f38243d802333cdd60036229166441236baafa2d2	exact
arndt	gplot/src/plot_x.F	f30958d171dd87eaa3028bea0bb4c26e9eed9abe03f899c1308c550ca02d50c1	f30958d171dd87eaa3028bea0bb4c26e9eed9abe03f899c1308c550ca02d50c1	exact
arndt	gplot/src/plots.F	ac29cd52e3db2f84ac445c5b9e98c8f743aead6eebfcba303fedd0c784552fb3	ac29cd52e3db2f84ac445c5b9e98c8f743aead6eebfcba303fedd0c784552fb3	exact
arndt	gplot/src/plottplt.F	2e1636ebbd0d5023c0253ac71c17ea9027eac65f197df1750447ed10031de510	2e1636ebbd0d5023c0253ac71c17ea9027eac65f197df1750447ed10031de510	exact
arndt	gplot/src/png.h	f0d75018799ff2ed8616ff317e0393380a874ed739f4fa19c27704fc7a7a2bca	f0d75018799ff2ed8616ff317e0393380a874ed739f4fa19c27704fc7a7a2bca	exact
arndt	gplot/src/png_setup.c	3bd81a74f9914670188c7fc7eb2a98f713ede969a58b36a785a4fc094e7287d6	3bd81a74f9914670188c7fc7eb2a98f713ede969a58b36a785a4fc094e7287d6	exact
arndt	gplot/src/pngconf.h	0e6d6765423cf2953f208cb25eb4ac8033a8a96f87ec1848e3c02f20428de47e	0e6d6765423cf2953f208cb25eb4ac8033a8a96f87ec1848e3c02f20428de47e	exact
arndt	gplot/src/print_buff.F	278f9d36a66573f04b27c2450884be606e209878de0e139f3d0e9905ce389147	278f9d36a66573f04b27c2450884be606e209878de0e139f3d0e9905ce389147	exact
arndt	gplot/src/print_buff2.F	2b531cff6f20d453cb043f79b874d23efc2e2f52a120cc99c24b5eb4747fc886	2b531cff6f20d453cb043f79b874d23efc2e2f52a120cc99c24b5eb4747fc886	exact
arndt	gplot/src/ps_plot.F	259b2851f3aa7d139e91ee099378998c54bcdbb607bebc150130e335104266b1	259b2851f3aa7d139e91ee099378998c54bcdbb607bebc150130e335104266b1	exact
arndt	gplot/src/psym.F	e73ac20d63455957e15fcc6a498fcab7a33e3845bb722306f6080dccfda60ec4	e73ac20d63455957e15fcc6a498fcab7a33e3845bb722306f6080dccfda60ec4	exact
arndt	gplot/src/psym_dwg.F	b72254c6a770dc4044babbca81251d85e21b2de9e2cc3168e67b3a079c9509ec	b72254c6a770dc4044babbca81251d85e21b2de9e2cc3168e67b3a079c9509ec	exact
arndt	gplot/src/psymbold.F	6090003fc18b91339fd9f8b561319a04240edbcc1f6ae247d1e832e6c9736a21	6090003fc18b91339fd9f8b561319a04240edbcc1f6ae247d1e832e6c9736a21	exact
arndt	gplot/src/put_dwg.F	9fe0bef80c99805384edecd166caa1f0476d1c8e64e47bbe402f5326d8c9e5ce	9fe0bef80c99805384edecd166caa1f0476d1c8e64e47bbe402f5326d8c9e5ce	exact
arndt	gplot/src/put_formsg.F	8b6846d50fe3074866b1d0718a89bb8f9b93584435550eca5cb4cab922d3b926	8b6846d50fe3074866b1d0718a89bb8f9b93584435550eca5cb4cab922d3b926	exact
arndt	gplot/src/put_sysmsg.F	d9fb60b5b1fe1c21a81115b9adf110704bfb594db7954d3c77fb894b77010259	d9fb60b5b1fe1c21a81115b9adf110704bfb594db7954d3c77fb894b77010259	exact
arndt	gplot/src/r_plot.F	c30c182620c202a1149db3f1bf77603d022bea0e5ff0df35a4cab313d62a9fd0	c30c182620c202a1149db3f1bf77603d022bea0e5ff0df35a4cab313d62a9fd0	exact
arndt	gplot/src/rdgl.F	a4cbc5e9b8d1ac5c5887ede68d2ef156280a52e448f13f411da5d2ad1bea0abc	a4cbc5e9b8d1ac5c5887ede68d2ef156280a52e448f13f411da5d2ad1bea0abc	exact
arndt	gplot/src/read_key.F	1d197ed6b5656f7804f5ade39fa773d35e40539c1eecf8d28aa8a66ea7ba89ec	1d197ed6b5656f7804f5ade39fa773d35e40539c1eecf8d28aa8a66ea7ba89ec	exact
arndt	gplot/src/read_plot.F	4bb27265a2c99f2077ad055c7a892f0db06aa9850ef9762d5da01a543c6a3d98	4bb27265a2c99f2077ad055c7a892f0db06aa9850ef9762d5da01a543c6a3d98	exact
arndt	gplot/src/readline.F	e76aa53fec63ca831706544166a1f0fc81bc5b02d8504c22f0f86495fcab7461	e76aa53fec63ca831706544166a1f0fc81bc5b02d8504c22f0f86495fcab7461	exact
arndt	gplot/src/readln.F	9896585ca0fc3db9d9161cc51684e82eb5e6faf6fef90af3a5028b434ddbba22	9896585ca0fc3db9d9161cc51684e82eb5e6faf6fef90af3a5028b434ddbba22	exact
arndt	gplot/src/readpng.c	9b48f2332d19965c1381516abc473fce09a289575b684cb96660b79441cb7ac8	9b48f2332d19965c1381516abc473fce09a289575b684cb96660b79441cb7ac8	exact
arndt	gplot/src/readpng.h	cb72cc8080f2f2fb046f064588117de39e50e713103a9cc8435f1b5244fe3c2c	cb72cc8080f2f2fb046f064588117de39e50e713103a9cc8435f1b5244fe3c2c	exact
arndt	gplot/src/realch.F	e34e595620bb6e245240e99d2487bd872bbf7d525f7fdb907285abac7b0ad1b7	e34e595620bb6e245240e99d2487bd872bbf7d525f7fdb907285abac7b0ad1b7	exact
arndt	gplot/src/regis_mode.F	09150dd12e7bf6df4be0b24071297c2575ec0b3bf069e6ad2db20600cec6fddf	09150dd12e7bf6df4be0b24071297c2575ec0b3bf069e6ad2db20600cec6fddf	exact
arndt	gplot/src/regis_mode2.F	efc056559a45e497514d7b5b5a8f9577315c390bc32adbab22607571b4def765	efc056559a45e497514d7b5b5a8f9577315c390bc32adbab22607571b4def765	exact
arndt	gplot/src/resize_act.c	90f96481dfd4d06cc2dcbb39eff43c534f4cf880c5ae7b3c94fe9533057c3eb3	90f96481dfd4d06cc2dcbb39eff43c534f4cf880c5ae7b3c94fe9533057c3eb3	exact
arndt	gplot/src/ricon.F	b0ea98a050446bdbcc35a05e5758d9ae33832158b9ce7c2a7e6607ad7aef3edb	b0ea98a050446bdbcc35a05e5758d9ae33832158b9ce7c2a7e6607ad7aef3edb	exact
arndt	gplot/src/rpng-x.c	3bf67c5ddaf36beabc84aa08aa6ac269bbcf13f7604037bc7e62d4cc545a315f	3bf67c5ddaf36beabc84aa08aa6ac269bbcf13f7604037bc7e62d4cc545a315f	exact
arndt	gplot/src/scale1.F	6a333d79541ea75cae29633040b26a27275a407367ff0616230642f960450d62	6a333d79541ea75cae29633040b26a27275a407367ff0616230642f960450d62	exact
arndt	gplot/src/scale2.F	a60c61b291e14ca6f63ee342d10b9fbd05de7582d844f703101ccc07e3260b15	a60c61b291e14ca6f63ee342d10b9fbd05de7582d844f703101ccc07e3260b15	exact
arndt	gplot/src/segment_cr.F	4ae1500a66fcb7dc7863bf982f047e7aabf812dc6a7a3640e956cef6f7847e7f	4ae1500a66fcb7dc7863bf982f047e7aabf812dc6a7a3640e956cef6f7847e7f	exact
arndt	gplot/src/segment_crh.F	bb88834785ad9c129720dafa3e116131f428043a34078dad972294e1076ee460	bb88834785ad9c129720dafa3e116131f428043a34078dad972294e1076ee460	exact
arndt	gplot/src/seiko_plot.F	d67f11b6a0371c896cbf8500d91736decaaa466b7814285be53463004d70361e	d67f11b6a0371c896cbf8500d91736decaaa466b7814285be53463004d70361e	exact
arndt	gplot/src/seiko_plot2.F	86d5fbef78874f8f8233985853213d4b94864a8b0d65b023efad520288533695	86d5fbef78874f8f8233985853213d4b94864a8b0d65b023efad520288533695	exact
arndt	gplot/src/set_plot_dev.F	67a66c6aa5972218e33d59742b63a99e1d9dbe07ee890aded73c255aa30696b9	67a66c6aa5972218e33d59742b63a99e1d9dbe07ee890aded73c255aa30696b9	exact
arndt	gplot/src/setc.F	002c7852e700307a769bed46817f98aaf3ab09bda0342fb0ece8571befa63ccd	002c7852e700307a769bed46817f98aaf3ab09bda0342fb0ece8571befa63ccd	exact
arndt	gplot/src/sig_off_on.c	fe33e58686b7b795106b67e60f1cd5cdb8e066ed6be492205f99a00bafc44279	fe33e58686b7b795106b67e60f1cd5cdb8e066ed6be492205f99a00bafc44279	exact
arndt	gplot/src/simq.F	6ad2ad461253bcac176fcc4e9723b712f669d6e8d727b6697cf1107993fe6728	6ad2ad461253bcac176fcc4e9723b712f669d6e8d727b6697cf1107993fe6728	exact
arndt	gplot/src/sinter.F	3d709ebe356e3ff176543f2fcabf52c808fd8b6edb6532e192328e8390c17642	3d709ebe356e3ff176543f2fcabf52c808fd8b6edb6532e192328e8390c17642	exact
arndt	gplot/src/sleep2.F	c5554c5529a37170bb25bffdeaf5994c9a0815c0a65ae5cf77e9f5c40496a232	c5554c5529a37170bb25bffdeaf5994c9a0815c0a65ae5cf77e9f5c40496a232	exact
arndt	gplot/src/status.F	d10a2d7dbf423df31f1c63e902919973fe6bff65585c80652b48e48830c04feb	d10a2d7dbf423df31f1c63e902919973fe6bff65585c80652b48e48830c04feb	exact
arndt	gplot/src/sun/date_time.F	26abb4f9b66991816db57dc768c28e32b25b9bd3be98dbe9a02472b48632e27e	26abb4f9b66991816db57dc768c28e32b25b9bd3be98dbe9a02472b48632e27e	exact
arndt	gplot/src/sun/mvbits_dum.F	f0d1e19cb70733ded6459192a30675997a880b2656876893ed7c92f2a9ad9a08	f0d1e19cb70733ded6459192a30675997a880b2656876893ed7c92f2a9ad9a08	exact
arndt	gplot/src/symbol.F	9748e9d4698383ba9e8ce8ee498dedefe6c566fba8c53f3d63d7599b93e06c6b	9748e9d4698383ba9e8ce8ee498dedefe6c566fba8c53f3d63d7599b93e06c6b	exact
arndt	gplot/src/sysmsg.F	0e827f8d860c943d6c0ec80f7c84a89526298ea53a25c48b358aface2fad0e11	0e827f8d860c943d6c0ec80f7c84a89526298ea53a25c48b358aface2fad0e11	exact
arndt	gplot/src/term_width.F	b9baf010947d94140906b3a46ddd07d8964b671987b2f0f70c541d121bfd3a8c	b9baf010947d94140906b3a46ddd07d8964b671987b2f0f70c541d121bfd3a8c	exact
arndt	gplot/src/tiprull.F	969f5f45ec9a98a2217173e9edb24d8f3ecc387b08544a751b48255cbea1a455	969f5f45ec9a98a2217173e9edb24d8f3ecc387b08544a751b48255cbea1a455	exact
arndt	gplot/src/transparent.F	e86a70a8bf472026d1e7a07a63f9d13f4bad9a34be5f5d02b8327f630f861512	e86a70a8bf472026d1e7a07a63f9d13f4bad9a34be5f5d02b8327f630f861512	exact
arndt	gplot/src/tt_get_input.F	f57c01b1cc746e940c006745d5137623d306f033a2e9d07c416cbbf317d0dea3	f57c01b1cc746e940c006745d5137623d306f033a2e9d07c416cbbf317d0dea3	exact
arndt	gplot/src/tt_input.F	a878f201c08267875b030c5e9c736b0df2d90194d8d044b19b3e114255f4dc43	a878f201c08267875b030c5e9c736b0df2d90194d8d044b19b3e114255f4dc43	exact
arndt	gplot/src/unix/ctrlc_hand.F	2568a153a7c1bd590f12a4587554e8f20b348a04cc9792c1cd640c545f017b72	2568a153a7c1bd590f12a4587554e8f20b348a04cc9792c1cd640c545f017b72	exact
arndt	gplot/src/unix/evaluate.F	19de5367629908e431b34226aef58f03b226dae26a8649ef35534fac6284053a	19de5367629908e431b34226aef58f03b226dae26a8649ef35534fac6284053a	exact
arndt	gplot/src/unix/fgetcpulimit.c	f5418b223fad5dd0af1bc47df24f1b37c2b6f819a474bf24629942a1b9041dc5	f5418b223fad5dd0af1bc47df24f1b37c2b6f819a474bf24629942a1b9041dc5	exact
arndt	gplot/src/unix/fitof.c	f1192a5ed7ac9f216b128297d77c2bc0e29af565259b130ed445fbc4cf764d6e	f1192a5ed7ac9f216b128297d77c2bc0e29af565259b130ed445fbc4cf764d6e	exact
arndt	gplot/src/unix/ibatch.F	0b2190167160ca06088187008c9ec1ebfd99ade354ae8841b7e65888fe1d7c29	0b2190167160ca06088187008c9ec1ebfd99ade354ae8841b7e65888fe1d7c29	exact
arndt	gplot/src/unix/lok_e_trap.F	89c2c38d1cef6c5dd5b4aa67cc5afc129b0aad0d6835f75c12ea6006fa54b66e	89c2c38d1cef6c5dd5b4aa67cc5afc129b0aad0d6835f75c12ea6006fa54b66e	exact
arndt	gplot/src/unix/read_key_res.F	a732ae5faeea44baf13506866055763cec0f8b8a73101242ca27662e53d8fc4e	a732ae5faeea44baf13506866055763cec0f8b8a73101242ca27662e53d8fc4e	exact
arndt	gplot/src/unix/read_key_trp.c	b2108ab1ad1d8828d5cdd14e86d6648053ad153dd350a9bdc14b9c894e039c6e	b2108ab1ad1d8828d5cdd14e86d6648053ad153dd350a9bdc14b9c894e039c6e	exact
arndt	gplot/src/unix/tcgeta.c	bc7604244ee5e4cc6567c4f75389eaff8674eac6e3459c6eda9f75d6461887c8	bc7604244ee5e4cc6567c4f75389eaff8674eac6e3459c6eda9f75d6461887c8	exact
arndt	gplot/src/unix/tcseta.c	336fb7602ab27b334b4f7da42b39000364913ecaa2e4581403558811ba4cba1d	336fb7602ab27b334b4f7da42b39000364913ecaa2e4581403558811ba4cba1d	exact
arndt	gplot/src/unix/tcsetaf.c	eecf8a209f7e40ff87f0840624920ba4f6324e62b251506983774906ef3dcdef	eecf8a209f7e40ff87f0840624920ba4f6324e62b251506983774906ef3dcdef	exact
arndt	gplot/src/unix/tistor_put.c	1c9a5ad42458067b2bd85401cde46543440659b0c456490665e880b39aba66b7	1c9a5ad42458067b2bd85401cde46543440659b0c456490665e880b39aba66b7	exact
arndt	gplot/src/upper_case.F	9138c24e7080f49e22b04655524c585bc09de51233dbc8109b9896b6c08e1609	9138c24e7080f49e22b04655524c585bc09de51233dbc8109b9896b6c08e1609	exact
arndt	gplot/src/uprcase.F	92bbcb64a962a84c2bb4c08cd8c82f077c7442a15c03fcf6a5eff0ac618aae89	92bbcb64a962a84c2bb4c08cd8c82f077c7442a15c03fcf6a5eff0ac618aae89	exact
arndt	gplot/src/uprcasel.F	08257adc38682489dfb8a400c53517bc89a4fa636847c48132658096a4c77a87	08257adc38682489dfb8a400c53517bc89a4fa636847c48132658096a4c77a87	exact
arndt	gplot/src/vbuff.F	3630c48b39bb0ab1a71fa27b64c8a4620a3573cf5ccd3afc448cd1b9f4347fcb	3630c48b39bb0ab1a71fa27b64c8a4620a3573cf5ccd3afc448cd1b9f4347fcb	exact
arndt	gplot/src/vdt_cursor.F	842b5e5dfbab8f707a39798adaec4f4353ff449357bfc88d4a131a9eb5bbbd2b	842b5e5dfbab8f707a39798adaec4f4353ff449357bfc88d4a131a9eb5bbbd2b	exact
arndt	gplot/src/vhelp.F	0a34cd6ae256fb6ee9aa2b10f5dab5e8b59a57d19323dcbf65d87115156ed8b5	0a34cd6ae256fb6ee9aa2b10f5dab5e8b59a57d19323dcbf65d87115156ed8b5	exact
arndt	gplot/src/video_off.F	08d3c364a0221a2b30ce6c0565346358d84bcf29cc7cd385e058c50afe986898	08d3c364a0221a2b30ce6c0565346358d84bcf29cc7cd385e058c50afe986898	exact
arndt	gplot/src/vms/dcl_cmd.F	c4d949dd6df9b60d40809a2178fc416924566d2106117adc45bb811423169211	c4d949dd6df9b60d40809a2178fc416924566d2106117adc45bb811423169211	exact
arndt	gplot/src/vms/find_unit_iofast.F	bea88ed7d597bb73b0cce13f38f58cd801b1f5e172fdfd3e98d36476f48151fd	bea88ed7d597bb73b0cce13f38f58cd801b1f5e172fdfd3e98d36476f48151fd	exact
arndt	gplot/src/vms/group_mem.F	95814a76cf267fae1024f9412359f808639f5ff822860c2ddbd322f559957034	95814a76cf267fae1024f9412359f808639f5ff822860c2ddbd322f559957034	exact
arndt	gplot/src/vms/handler_foroutconerr.F	9cea7b18ceb470aadb421446b6a5189bab8c5bfeaac071a28634dc16170987b1	9cea7b18ceb470aadb421446b6a5189bab8c5bfeaac071a28634dc16170987b1	exact
arndt	gplot/src/vms/link.F	a39d1efda96d8f0eaacab5218a848a562eff6c20fa77ffb7859dc3d6250968e4	a39d1efda96d8f0eaacab5218a848a562eff6c20fa77ffb7859dc3d6250968e4	exact
arndt	gplot/src/vms/linkload.F	f6ec1e72df7d8b72873aeaba9ae97d8562a3df9784f23b750fc0e04abb4821e4	f6ec1e72df7d8b72873aeaba9ae97d8562a3df9784f23b750fc0e04abb4821e4	exact
arndt	gplot/src/vms/lload1.F	b52a2b55dc0630e5df1da5da98d00cc810a7dc965527f22d5c7da90c03cd2a44	b52a2b55dc0630e5df1da5da98d00cc810a7dc965527f22d5c7da90c03cd2a44	exact
arndt	gplot/src/vms/load.F	c9889a402bd0665048924b8ad95df9de24b8e39b7a1fa84ebc93e25cedf377cd	c9889a402bd0665048924b8ad95df9de24b8e39b7a1fa84ebc93e25cedf377cd	exact
arndt	gplot/src/vms/put_dcl.F	ad35840a30c32cfaacc68463906706ee17047e355293d2feda8551e86270ebc1	ad35840a30c32cfaacc68463906706ee17047e355293d2feda8551e86270ebc1	exact
arndt	gplot/src/vms/queue_plot.F	d613e79b15798fb1f9faec171771c2dade42a5ec5c6002fea06131caa87902c4	d613e79b15798fb1f9faec171771c2dade42a5ec5c6002fea06131caa87902c4	exact
arndt	gplot/src/vms/set_broadcast.F	d65f55bb81799b7c3a3cfdc245cc161202779e9851ebeb1d6a67caeac1de9792	d65f55bb81799b7c3a3cfdc245cc161202779e9851ebeb1d6a67caeac1de9792	exact
arndt	gplot/src/vms/set_speed.F	7dd38267ed5f1e0924951846ea0fe523dc6bb13d5547dca796c290a41bb6d751	7dd38267ed5f1e0924951846ea0fe523dc6bb13d5547dca796c290a41bb6d751	exact
arndt	gplot/src/vms/terminal.F	62e1d68fff7006a0e5fb5751825d8d1251201af9b75987cdb250bc171076fac9	62e1d68fff7006a0e5fb5751825d8d1251201af9b75987cdb250bc171076fac9	exact
arndt	gplot/src/vms/user_name.F	03176e46732b520baff054e9f363bbbc690b4a681be240829c1be80a027985a3	03176e46732b520baff054e9f363bbbc690b4a681be240829c1be80a027985a3	exact
arndt	gplot/src/window_clip.F	7dcdc83446deefea83d6dcdacd99f083b81bf8ed5c7422bedc83e8cb0948b7e7	7dcdc83446deefea83d6dcdacd99f083b81bf8ed5c7422bedc83e8cb0948b7e7	exact
arndt	gplot/src/write_gks.F	7ae39ea7c8c58429129231973295fa730d65fdd174b7ac117128df81660714bb	7ae39ea7c8c58429129231973295fa730d65fdd174b7ac117128df81660714bb	exact
arndt	gplot/src/write_houst.F	90bbc511812978b40acf2fbaaab23e82a1144eb1b4f040620c7b5706426b010e	90bbc511812978b40acf2fbaaab23e82a1144eb1b4f040620c7b5706426b010e	exact
arndt	gplot/src/write_hp300.F	9b06ecc3824525f55ac57a6fa615c8fa07450ad4ec9ea24664829cc6c7aa5654	9b06ecc3824525f55ac57a6fa615c8fa07450ad4ec9ea24664829cc6c7aa5654	exact
arndt	gplot/src/write_hp300c.F	dc137ce7c230e40d42417d0c82e76223beef6230b5496bf8b9f4efb0e7448d0a	dc137ce7c230e40d42417d0c82e76223beef6230b5496bf8b9f4efb0e7448d0a	exact
arndt	gplot/src/write_hpjet.F	7351a3217cfdb832f686573b37f95a0464baab6939071e9b1e3b3a67d8f7bd31	7351a3217cfdb832f686573b37f95a0464baab6939071e9b1e3b3a67d8f7bd31	exact
arndt	gplot/src/write_hpjetc.F	45f4de857abcd635869fe72127375166cd8b9b95147aafa3933deee66485db96	45f4de857abcd635869fe72127375166cd8b9b95147aafa3933deee66485db96	exact
arndt	gplot/src/write_hpp.F	dd5458906adab2cd0206f2ea1502b234b546368956c21df164c8dbec974ab4d6	dd5458906adab2cd0206f2ea1502b234b546368956c21df164c8dbec974ab4d6	exact
arndt	gplot/src/write_hppai.F	bc1ac5c678dc4d6e07f68bf246b3f3e13cd675f8be76acdeb50d608480176a78	bc1ac5c678dc4d6e07f68bf246b3f3e13cd675f8be76acdeb50d608480176a78	exact
arndt	gplot/src/write_impr.F	773908f4f5728389c25c313c42b060143356e268bbb365b5b63f9354c3db167c	773908f4f5728389c25c313c42b060143356e268bbb365b5b63f9354c3db167c	exact
arndt	gplot/src/write_la100.F	a7095d2bea8bbfd7a89ed3043a490b5c2d1becebf5b4d1e20a835fb6bf77a46c	a7095d2bea8bbfd7a89ed3043a490b5c2d1becebf5b4d1e20a835fb6bf77a46c	exact
arndt	gplot/src/write_ln03.F	4086291774e1778de2213b50f0a71cd5d266f1edd21938f3b4fdfd1f876cc659	4086291774e1778de2213b50f0a71cd5d266f1edd21938f3b4fdfd1f876cc659	exact
arndt	gplot/src/write_ps.F	d6680d6b7cddf742d25f8efe1fc94f3c1480a122abb9dcad06a1824a5f0a2160	d6680d6b7cddf742d25f8efe1fc94f3c1480a122abb9dcad06a1824a5f0a2160	exact
arndt	gplot/src/write_pt.F	adc5cbb011befb798ecc413554915020fb398238306d4494591b4d0c52639632	adc5cbb011befb798ecc413554915020fb398238306d4494591b4d0c52639632	exact
arndt	gplot/src/write_px.F	29f81c0ea62683d66deebc8a8afe0a743a76ab1fd6145a3ee737e6badd1e424d	29f81c0ea62683d66deebc8a8afe0a743a76ab1fd6145a3ee737e6badd1e424d	exact
arndt	gplot/src/write_rdgl.F	1bb9f889209782072a6c11c10011f27064d24948968dd5f9dfc44cd4b59ddcbd	1bb9f889209782072a6c11c10011f27064d24948968dd5f9dfc44cd4b59ddcbd	exact
arndt	gplot/src/x_alpha.c	5b12953d488781a1aec7b224d75839c204062869fb97fe61aa7aa99d07f3d8bc	5b12953d488781a1aec7b224d75839c204062869fb97fe61aa7aa99d07f3d8bc	exact
arndt	gplot/src/x_close_z.c	a1d58c4a13c3c42fa24c3207c7d5d83e8df267c978cd33619ad97549d744882a	a1d58c4a13c3c42fa24c3207c7d5d83e8df267c978cd33619ad97549d744882a	exact
arndt	gplot/src/x_create_z.c	9b74e9366c141837b1ffe887129c865733cc69aa081fcb891c2a598236d519c6	9b74e9366c141837b1ffe887129c865733cc69aa081fcb891c2a598236d519c6	exact
arndt	gplot/src/x_crosshair.c	15389d69ab7f3695119a0cdba65eaf3f6c9518137e562ff313d5a0ab7940a699	15389d69ab7f3695119a0cdba65eaf3f6c9518137e562ff313d5a0ab7940a699	exact
arndt	gplot/src/x_define_col.c	d0c3c808438100b74cec7f13cddd0968bacfe79417f812ddd0ecd0caa4062c8f	d0c3c808438100b74cec7f13cddd0968bacfe79417f812ddd0ecd0caa4062c8f	exact
arndt	gplot/src/x_draw_fsc.c	74719efd921085f424a7fe9f9351a4037fc373a2497322eb797ebbcb59f0b426	74719efd921085f424a7fe9f9351a4037fc373a2497322eb797ebbcb59f0b426	exact
arndt	gplot/src/x_draw_zb.c	7f498b4f875a095262e29b106aba1d02a20db7a5d9997c02a21e7d41f01c65df	7f498b4f875a095262e29b106aba1d02a20db7a5d9997c02a21e7d41f01c65df	exact
arndt	gplot/src/x_error.c	8d6ffe8a88ce1da6ec941b3aea1a6874f937f93a3161621f4cbf1b02ae3e100f	8d6ffe8a88ce1da6ec941b3aea1a6874f937f93a3161621f4cbf1b02ae3e100f	exact
arndt	gplot/src/x_event.c	bd8e1a53a5f218713674179f098807ab9c3c25778794c8af4ec48faf6ada23f1	bd8e1a53a5f218713674179f098807ab9c3c25778794c8af4ec48faf6ada23f1	exact
arndt	gplot/src/x_plot.c	d24359a9148caa879b4d0cd12146af4465cc5dc253f9d7e1f7e255a7a6528395	d24359a9148caa879b4d0cd12146af4465cc5dc253f9d7e1f7e255a7a6528395	exact
arndt	gplot/src/x_plot_col.c	13cf710a10a566e6fe38c23fe0d408afa8100d24c9685f358e3e4396c699cc75	13cf710a10a566e6fe38c23fe0d408afa8100d24c9685f358e3e4396c699cc75	exact
arndt	gplot/src/x_plot_rep.c	56d9edce1d531a0442e409d9eb11cb66447998ec6e6238ae34817fd7081656a4	56d9edce1d531a0442e409d9eb11cb66447998ec6e6238ae34817fd7081656a4	exact
arndt	gplot/src/x_refresh.c	8f8ae70d1c0a702401fb6a48e9f03d4df67dec6d0ad4e2eab7929e104cbf54d3	8f8ae70d1c0a702401fb6a48e9f03d4df67dec6d0ad4e2eab7929e104cbf54d3	exact
arndt	gplot/src/x_replay.c	a7ee40e26b21238c8455bdffc14bdcd169bc5b8e5de4413dbe8621115b80d3d9	a7ee40e26b21238c8455bdffc14bdcd169bc5b8e5de4413dbe8621115b80d3d9	exact
arndt	gplot/src/x_setup.c	0490e8a731765d792abea7471c7580e45db5375f845760416f75b1f170ad4d69	0490e8a731765d792abea7471c7580e45db5375f845760416f75b1f170ad4d69	exact
arndt	gplot/src/x_store.c	10c13b451285da85f4f9e1104d09d13892715de03a26fc3e8f14d8d99c0b5adf	10c13b451285da85f4f9e1104d09d13892715de03a26fc3e8f14d8d99c0b5adf	exact
arndt	gplot/src/x_sync.c	be0fbb29b3117c7ebd347d7a5201b86b63f862ac55adfd3818edc07901256a29	be0fbb29b3117c7ebd347d7a5201b86b63f862ac55adfd3818edc07901256a29	exact
arndt	gplot/src/x_wname.c	6539b784b73324bd3d881078a16f47d4b700d452ada476964fafb8deaa890e48	6539b784b73324bd3d881078a16f47d4b700d452ada476964fafb8deaa890e48	exact
arndt	gplot/src/x_zoom.c	33c11e0bcc4a95b489c249ecc3f30f9af9c516ac16753c1c325ba7e1e64db6f4	33c11e0bcc4a95b489c249ecc3f30f9af9c516ac16753c1c325ba7e1e64db6f4	exact
arndt	gplot/src/zconf.h	dbe9ae846474d91214e1ce15a56502544194c84550ad0ff24df755582c50821d	dbe9ae846474d91214e1ce15a56502544194c84550ad0ff24df755582c50821d	exact
arndt	gplot/src/zero_array.F	099e1d6cac7ac1bbcb04da50332247fc600945e5f0c1f8e16bd37906af3c8c46	099e1d6cac7ac1bbcb04da50332247fc600945e5f0c1f8e16bd37906af3c8c46	exact
arndt	gplot/src/zlib.h	56ff7663df8470fddf2e64a4a57da1d4e17d041f0b895a53ae5fab0d492d7e0b	56ff7663df8470fddf2e64a4a57da1d4e17d041f0b895a53ae5fab0d492d7e0b	exact
arndt	howto.f	340081e7c75ac0abe356f639f3321b8bd8a093925e3c733061f385fe64683145	340081e7c75ac0abe356f639f3321b8bd8a093925e3c733061f385fe64683145	exact
arndt	labels.for	e9c9a85236c5aab2a6916344ece48854136e4115656dbe36c9167846ab925c28	e9c9a85236c5aab2a6916344ece48854136e4115656dbe36c9167846ab925c28	exact
arndt	lib.for	659f8fb35bfb939b9a8bd604c39d50ac09a9bc4e57a5c03a9075dc1f68078e4a	659f8fb35bfb939b9a8bd604c39d50ac09a9bc4e57a5c03a9075dc1f68078e4a	exact
arndt	lib/fsplit.c	30a244767b8c6049ff6a5c3b8c2f4fb378518d77a898374f1c5831991af9a1e6	30a244767b8c6049ff6a5c3b8c2f4fb378518d77a898374f1c5831991af9a1e6	exact
arndt	lib/junk.f	0b00a86ced9c85a502dbe8b60fbcbb2d228d2f22e97ee99fb5545fb724e2e37e	69a0d9dba97f9563273ef1693c507f2b76aa40d67b597662db36bc0cb4a48eb5	different
arndt	libng.for	44ce7c77aa2b66058a486cf7fb9782930cab03a7d1b6cc41b94aa392f21c45bd	44ce7c77aa2b66058a486cf7fb9782930cab03a7d1b6cc41b94aa392f21c45bd	exact
arndt	libxzl.for	6aea635affc66844ad323c4c9d96840f7f5805ea61502d07313ea4cc4d95ed17	4bfb31e960ba1a1d0ac1e27e5ff5cc157a70d4064a0844e2615cdcb8fde44823	different
arndt	main.f	676f87836e81f6cc732ddb254f91c3bb5c60c6542d206a3ac9611e90e6f213d0	676f87836e81f6cc732ddb254f91c3bb5c60c6542d206a3ac9611e90e6f213d0	exact
arndt	mainx.f	a10d5445a31156c6eb102efea745676985ab44a07a97909230fb0b2accabc434	a10d5445a31156c6eb102efea745676985ab44a07a97909230fb0b2accabc434	exact
arndt	mod01.for	cd1268b284b389af7b0a15549c000565152626c9631ee1416b324a6b2a88bda1	cd1268b284b389af7b0a15549c000565152626c9631ee1416b324a6b2a88bda1	exact
arndt	mod02.for	2d6366cdace56a129d3f5be5d7d673f4f7d5e3889c0223bf53ffb47191d55e95	2d6366cdace56a129d3f5be5d7d673f4f7d5e3889c0223bf53ffb47191d55e95	exact
arndt	mod95.for	11dd07aa5d369709d1f9946bee33d6aee1f4d67fff691d9903866810b8c20789	11dd07aa5d369709d1f9946bee33d6aee1f4d67fff691d9903866810b8c20789	exact
arndt	moddos.for	1970560d15bb9ed79cc1d7814029acbe162f731afc716b3e1dcbc1e269c32f08	1970560d15bb9ed79cc1d7814029acbe162f731afc716b3e1dcbc1e269c32f08	exact
arndt	model.for	e2f66509ed6baf1ed352a69e72afa0c3fabbaa9d11ebd7d7c96a759c99ee5d66	e2f66509ed6baf1ed352a69e72afa0c3fabbaa9d11ebd7d7c96a759c99ee5d66	exact
arndt	mpfor.f	180b9e8acbfe9699fdca14cd67b8bc73ef4b00ca71f3cab615488a0515238140	180b9e8acbfe9699fdca14cd67b8bc73ef4b00ca71f3cab615488a0515238140	exact
arndt	pscvt.for	f38cd19849bc399c93f4ad63e5cea0295b5a377f2f684b9bdb5b63b24b572d7a	f38cd19849bc399c93f4ad63e5cea0295b5a377f2f684b9bdb5b63b24b572d7a	exact
arndt	said/crap.for	590d9a101dc7b14244e843bcaeb82250000f0521fb0c3b66c80980259a2aab78	590d9a101dc7b14244e843bcaeb82250000f0521fb0c3b66c80980259a2aab78	exact
arndt	said/eprsd.f	92998b8874a91916af07849827c3d512d8f6159a4ed6d737419e206266e15850	92998b8874a91916af07849827c3d512d8f6159a4ed6d737419e206266e15850	exact
arndt	said/eprsd2.f	27b320fb0aa25a47b128a9e17602d14354ab4ce091f43fc656cdd5e6cf5b7e38	27b320fb0aa25a47b128a9e17602d14354ab4ce091f43fc656cdd5e6cf5b7e38	exact
arndt	said/eprsetup.for	81302b0522cf49facbcc5a831cc7a528931bfdf8f438fe0935d5e36766f74eed	81302b0522cf49facbcc5a831cc7a528931bfdf8f438fe0935d5e36766f74eed	exact
arndt	said/epru.f	5e5b320215282decbea3d1c44d1dabc140bf51957d14fa1137bb8395fb07ebe5	5e5b320215282decbea3d1c44d1dabc140bf51957d14fa1137bb8395fb07ebe5	exact
arndt	said/junk.f	cf19885901496a9d67fb936f00512a1ff5db7cb0f356b89ca5b0cfc567399e1a	missing	archive_missing
arndt	said/klfit.f	b2372f9dafceca606092541246a8da28a0a62d0be3d7151daecdaf10abc52c9d	b2372f9dafceca606092541246a8da28a0a62d0be3d7151daecdaf10abc52c9d	exact
arndt	said/knsd.f	4a6feaf65fd1a101edd169307721cbeeda8eaab8191592efbd4564280e5f4e62	4a6feaf65fd1a101edd169307721cbeeda8eaab8191592efbd4564280e5f4e62	exact
arndt	said/maid.for	ff2d444740d4a452be014130693fa8c1b04ba8ec840144dd0a290d86b8cb97c1	ff2d444740d4a452be014130693fa8c1b04ba8ec840144dd0a290d86b8cb97c1	exact
arndt	said/mkS.sh	a54babd120e27bd60468e631500743a081fd8c6c8e38dd6bf7068fb0a4ab5195	missing	archive_missing
arndt	said/nn.f	22e623b484449a59c03dd4dd3603c706d626cce362ba87ed2fb22a5a2c3420e1	22e623b484449a59c03dd4dd3603c706d626cce362ba87ed2fb22a5a2c3420e1	exact
arndt	said/nn1.f	ba1b01263a596787fd8aa6e1e3a03ac0d2b296b1d584fcdca468336303bcf7ab	c8489e06897afa6cdd4de57ea1efd6b4754d40318e96b719939cb557d831468d	different
arndt	said/nnu.f	7eeb3a41a4af39aa3a556728ab74616d14c57fe4be8abb4d88f23f48db6fdb58	7eeb3a41a4af39aa3a556728ab74616d14c57fe4be8abb4d88f23f48db6fdb58	exact
arndt	said/pdesaid.f	97dde4468a68c92e68f7759477e9f9c0a2f1dcb91c1fcdbf5662e165c702e940	97dde4468a68c92e68f7759477e9f9c0a2f1dcb91c1fcdbf5662e165c702e940	exact
arndt	said/pdeu.f	fce90edea29f2186402d31826d98c41cc1ea7a2d1c149bf748b05b8af1c3c648	fce90edea29f2186402d31826d98c41cc1ea7a2d1c149bf748b05b8af1c3c648	exact
arndt	said/pidsaid.f	472b5140f27f25d7b8b9ebf98e68603c0d90052f06e99a0144ff8f70e11858eb	472b5140f27f25d7b8b9ebf98e68603c0d90052f06e99a0144ff8f70e11858eb	exact
arndt	said/pidu.f	76f22dadebc448921749a91e7a0427178691f65363b64892a087fa3534bc9daa	76f22dadebc448921749a91e7a0427178691f65363b64892a087fa3534bc9daa	exact
arndt	said/pn1.f	f8cdd84a5abc2318219f745f4c57b37bf44de80b8e1731a54c7115fc88818370	f8cdd84a5abc2318219f745f4c57b37bf44de80b8e1731a54c7115fc88818370	exact
arndt	said/pn2.f	af96a6bd15539f11640435c0bf2161381206116bd6d3f7f6f2220cba55f650ed	af96a6bd15539f11640435c0bf2161381206116bd6d3f7f6f2220cba55f650ed	exact
arndt	said/pnsd.f	5c3814ebe7d40e1253c731c47323d6c42f7b111337e3cc483eb24cb30fc4b169	5c3814ebe7d40e1253c731c47323d6c42f7b111337e3cc483eb24cb30fc4b169	exact
arndt	said/pnu.f	fbadac901506aaade5de24b386b0a07cff31f047302fa6042f50919cf2f95f12	fbadac901506aaade5de24b386b0a07cff31f047302fa6042f50919cf2f95f12	exact
arndt	said/prsd.f	152d6f88e4fd82c5f3409c655b224848a35c74fdfba670a724ee2b886c30aeb0	892ac95dff98595d1c4b3c14c01f1f6ef8273fa3ed1c68f36c5b16afe436790e	different
arndt	said/prsd03.f	e67d00dea9e8e7b8ef4becd69ff9b7ab731c2040010ebc25523875e4ed9aaa77	e67d00dea9e8e7b8ef4becd69ff9b7ab731c2040010ebc25523875e4ed9aaa77	exact
arndt	said/prsd2.f	2885b1b2b13ee8798a84c5d79d009a6be39aa961f4d0bf7e8c2b888055c0bd5e	2885b1b2b13ee8798a84c5d79d009a6be39aa961f4d0bf7e8c2b888055c0bd5e	exact
arndt	said/prsetup.for	abd7a9a4c03dd3ed7f38f214bac28876f00139a19689d5f06d09d32e9ff2fb84	abd7a9a4c03dd3ed7f38f214bac28876f00139a19689d5f06d09d32e9ff2fb84	exact
arndt	said/pru.f	e9bcb74f494039c007ed8b2be73557d9cafa0b7a0456f750bfb7bcd3f206e58c	462395fee5d67538e49ddbef24a9b0c292a63f6183da1cb56dff9d391dfa89ba	different
arndt	said/pru03.f	9ad2710fb9d60ed636745054c0a4af0505db7fad049f59569067c0712c756fbb	9ad2710fb9d60ed636745054c0a4af0505db7fad049f59569067c0712c756fbb	exact
arndt	said/pscvt.for	370b8140a3551d6fb2b19a3912c47d672893e6ff2b0a8539831b974d517a261e	370b8140a3551d6fb2b19a3912c47d672893e6ff2b0a8539831b974d517a261e	exact
arndt	said/random.for	0dd35c3dcf209adc74694825a5c4ef33052cfad8213c91e60ef317ae00dfd781	0dd35c3dcf209adc74694825a5c4ef33052cfad8213c91e60ef317ae00dfd781	exact
arndt	said/saidlog.for	ab3b98c4db2215d9660561aea325ecf2fb11c149a4bf24ca3c08c91b149469d8	ab3b98c4db2215d9660561aea325ecf2fb11c149a4bf24ca3c08c91b149469d8	exact
arndt	said/saidopen.for	0b00a86ced9c85a502dbe8b60fbcbb2d228d2f22e97ee99fb5545fb724e2e37e	426a1184788004ff8847932819d5f78a381d4c56c6720c1095eb14736727abc0	different
arndt	said/setuptops.for	35678cf63b943db2758a57818efbf421b179c507d5ce35597b3d5c01c485f5e0	35678cf63b943db2758a57818efbf421b179c507d5ce35597b3d5c01c485f5e0	exact
arndt	showpct.for	40dcf938fd5f5fee9e4de638cb719b5aba082440099be1a5075ce1df72813630	40dcf938fd5f5fee9e4de638cb719b5aba082440099be1a5075ce1df72813630	exact
arndt	showpcts.for	67fc57e091328315924994af5e62dcf3d334bd1a400e6ce76cd6d0ac6446dc80	67fc57e091328315924994af5e62dcf3d334bd1a400e6ce76cd6d0ac6446dc80	exact
arndt	xxxx.f	a39d651284f6b3adc317d7a68ae89bf0d348985f005862a60edfc8f7d03c0263	a39d651284f6b3adc317d7a68ae89bf0d348985f005862a60edfc8f7d03c0263	exact
arndt	yyyy.f	6442349eae325e5d5e801f279e4ceba9408e0af2d5c52debe83eeb2b7c48421a	6442349eae325e5d5e801f279e4ceba9408e0af2d5c52debe83eeb2b7c48421a	exact
arndt64	said/cmmwp.f	92ff47f9c0d9ed0bccdd3aa71e860a38fca80157e36a215758bcf0230eea19e0	92ff47f9c0d9ed0bccdd3aa71e860a38fca80157e36a215758bcf0230eea19e0	exact
arndt64	said/cmprnt.f	7c716b311af1c7f4813bec901685f9c653647a9a89b4e1e45916ddb7e1d156e3	7c716b311af1c7f4813bec901685f9c653647a9a89b4e1e45916ddb7e1d156e3	exact
arndt64	said/cnlpw.f	a3320ed69103d5138097bd8c772e410dc08b032012182e567d3f9e15de51bf5b	a3320ed69103d5138097bd8c772e410dc08b032012182e567d3f9e15de51bf5b	exact
arndt64	said/crap.for	590d9a101dc7b14244e843bcaeb82250000f0521fb0c3b66c80980259a2aab78	590d9a101dc7b14244e843bcaeb82250000f0521fb0c3b66c80980259a2aab78	exact
arndt64	said/eprsd.f	92998b8874a91916af07849827c3d512d8f6159a4ed6d737419e206266e15850	92998b8874a91916af07849827c3d512d8f6159a4ed6d737419e206266e15850	exact
arndt64	said/eprsd2.f	27b320fb0aa25a47b128a9e17602d14354ab4ce091f43fc656cdd5e6cf5b7e38	27b320fb0aa25a47b128a9e17602d14354ab4ce091f43fc656cdd5e6cf5b7e38	exact
arndt64	said/eprsetup.for	81302b0522cf49facbcc5a831cc7a528931bfdf8f438fe0935d5e36766f74eed	81302b0522cf49facbcc5a831cc7a528931bfdf8f438fe0935d5e36766f74eed	exact
arndt64	said/epru.f	83f46af4cb19909c9a44c6a1239d7c760bd07c6274b8451d62d342d256bc4a8a	5e5b320215282decbea3d1c44d1dabc140bf51957d14fa1137bb8395fb07ebe5	different
arndt64	said/gettm.f	7949d65c50caee497dcdd3a13b3ac5e398ae1da16981a5395715105afa0a62b2	7949d65c50caee497dcdd3a13b3ac5e398ae1da16981a5395715105afa0a62b2	exact
arndt64	said/klfit.f	b2372f9dafceca606092541246a8da28a0a62d0be3d7151daecdaf10abc52c9d	b2372f9dafceca606092541246a8da28a0a62d0be3d7151daecdaf10abc52c9d	exact
arndt64	said/knsd.f	4a6feaf65fd1a101edd169307721cbeeda8eaab8191592efbd4564280e5f4e62	4a6feaf65fd1a101edd169307721cbeeda8eaab8191592efbd4564280e5f4e62	exact
arndt64	said/kos.f90	7c7c90003d86ca601bf742b6c9de181b19ac9e9d4f30db3d21e615fa29862d08	7c7c90003d86ca601bf742b6c9de181b19ac9e9d4f30db3d21e615fa29862d08	exact
arndt64	said/maid.for	ff2d444740d4a452be014130693fa8c1b04ba8ec840144dd0a290d86b8cb97c1	ff2d444740d4a452be014130693fa8c1b04ba8ec840144dd0a290d86b8cb97c1	exact
arndt64	said/mjl2cpw.f90	3b857dcd7192c8a3237809f8572e4664d56c603512c04f4d5d94e1731413d8ca	3b857dcd7192c8a3237809f8572e4664d56c603512c04f4d5d94e1731413d8ca	exact
arndt64	said/nn.f	22e623b484449a59c03dd4dd3603c706d626cce362ba87ed2fb22a5a2c3420e1	22e623b484449a59c03dd4dd3603c706d626cce362ba87ed2fb22a5a2c3420e1	exact
arndt64	said/nn1.f	c8489e06897afa6cdd4de57ea1efd6b4754d40318e96b719939cb557d831468d	c8489e06897afa6cdd4de57ea1efd6b4754d40318e96b719939cb557d831468d	exact
arndt64	said/nnu.f	7eeb3a41a4af39aa3a556728ab74616d14c57fe4be8abb4d88f23f48db6fdb58	7eeb3a41a4af39aa3a556728ab74616d14c57fe4be8abb4d88f23f48db6fdb58	exact
arndt64	said/pdesaid.f	97dde4468a68c92e68f7759477e9f9c0a2f1dcb91c1fcdbf5662e165c702e940	97dde4468a68c92e68f7759477e9f9c0a2f1dcb91c1fcdbf5662e165c702e940	exact
arndt64	said/pdeu.f	fce90edea29f2186402d31826d98c41cc1ea7a2d1c149bf748b05b8af1c3c648	fce90edea29f2186402d31826d98c41cc1ea7a2d1c149bf748b05b8af1c3c648	exact
arndt64	said/pidsaid.f	472b5140f27f25d7b8b9ebf98e68603c0d90052f06e99a0144ff8f70e11858eb	472b5140f27f25d7b8b9ebf98e68603c0d90052f06e99a0144ff8f70e11858eb	exact
arndt64	said/pidu.f	76f22dadebc448921749a91e7a0427178691f65363b64892a087fa3534bc9daa	76f22dadebc448921749a91e7a0427178691f65363b64892a087fa3534bc9daa	exact
arndt64	said/pn1.f	f8cdd84a5abc2318219f745f4c57b37bf44de80b8e1731a54c7115fc88818370	f8cdd84a5abc2318219f745f4c57b37bf44de80b8e1731a54c7115fc88818370	exact
arndt64	said/pn1x.f	bc08e2627e0e00a4da0c33b553d00b45309a4e2410368e7ed124fbb3cf6d93a8	bc08e2627e0e00a4da0c33b553d00b45309a4e2410368e7ed124fbb3cf6d93a8	exact
arndt64	said/pn2.f	af96a6bd15539f11640435c0bf2161381206116bd6d3f7f6f2220cba55f650ed	af96a6bd15539f11640435c0bf2161381206116bd6d3f7f6f2220cba55f650ed	exact
arndt64	said/pnsd.f	5c3814ebe7d40e1253c731c47323d6c42f7b111337e3cc483eb24cb30fc4b169	5c3814ebe7d40e1253c731c47323d6c42f7b111337e3cc483eb24cb30fc4b169	exact
arndt64	said/pnu.f	fbadac901506aaade5de24b386b0a07cff31f047302fa6042f50919cf2f95f12	fbadac901506aaade5de24b386b0a07cff31f047302fa6042f50919cf2f95f12	exact
arndt64	said/prsd.f	892ac95dff98595d1c4b3c14c01f1f6ef8273fa3ed1c68f36c5b16afe436790e	892ac95dff98595d1c4b3c14c01f1f6ef8273fa3ed1c68f36c5b16afe436790e	exact
arndt64	said/prsd03.f	e67d00dea9e8e7b8ef4becd69ff9b7ab731c2040010ebc25523875e4ed9aaa77	e67d00dea9e8e7b8ef4becd69ff9b7ab731c2040010ebc25523875e4ed9aaa77	exact
arndt64	said/prsd2.f	2885b1b2b13ee8798a84c5d79d009a6be39aa961f4d0bf7e8c2b888055c0bd5e	2885b1b2b13ee8798a84c5d79d009a6be39aa961f4d0bf7e8c2b888055c0bd5e	exact
arndt64	said/prsd2x.f	6b72aa44b9975f7d85a3f4533b81009f5eeec0273de4b650bfbd428cbc0f60d2	6b72aa44b9975f7d85a3f4533b81009f5eeec0273de4b650bfbd428cbc0f60d2	exact
arndt64	said/prsetup.for	abd7a9a4c03dd3ed7f38f214bac28876f00139a19689d5f06d09d32e9ff2fb84	abd7a9a4c03dd3ed7f38f214bac28876f00139a19689d5f06d09d32e9ff2fb84	exact
arndt64	said/pru.f	462395fee5d67538e49ddbef24a9b0c292a63f6183da1cb56dff9d391dfa89ba	462395fee5d67538e49ddbef24a9b0c292a63f6183da1cb56dff9d391dfa89ba	exact
arndt64	said/pru03.f	9ad2710fb9d60ed636745054c0a4af0505db7fad049f59569067c0712c756fbb	9ad2710fb9d60ed636745054c0a4af0505db7fad049f59569067c0712c756fbb	exact
arndt64	said/prux.f	de88dacafaf6e7e9d8db8331a3049af24822d60b90714a1a4800db024d82eb43	1eb6847ff02a5b84c18ab10c019c6844ad3f19bf3b44fad39cd37ae7a5c2e822	different
arndt64	said/pscvt.for	370b8140a3551d6fb2b19a3912c47d672893e6ff2b0a8539831b974d517a261e	370b8140a3551d6fb2b19a3912c47d672893e6ff2b0a8539831b974d517a261e	exact
arndt64	said/pwnam.f	ef97ebf26bfebb6d9110649c5b2705c6306ad635b43bc2ff6bb23f2168cf8b50	ef97ebf26bfebb6d9110649c5b2705c6306ad635b43bc2ff6bb23f2168cf8b50	exact
arndt64	said/random.for	0dd35c3dcf209adc74694825a5c4ef33052cfad8213c91e60ef317ae00dfd781	0dd35c3dcf209adc74694825a5c4ef33052cfad8213c91e60ef317ae00dfd781	exact
arndt64	said/saidlog.for	ab3b98c4db2215d9660561aea325ecf2fb11c149a4bf24ca3c08c91b149469d8	ab3b98c4db2215d9660561aea325ecf2fb11c149a4bf24ca3c08c91b149469d8	exact
arndt64	said/saidopen.for	426a1184788004ff8847932819d5f78a381d4c56c6720c1095eb14736727abc0	426a1184788004ff8847932819d5f78a381d4c56c6720c1095eb14736727abc0	exact
arndt64	said/saidpsx.f	37bd298fe750fbb30ee1a44a88b69e4e4e11e28781c269542f02ee07938ad94a	37bd298fe750fbb30ee1a44a88b69e4e4e11e28781c269542f02ee07938ad94a	exact
arndt64	said/setuptops.for	35678cf63b943db2758a57818efbf421b179c507d5ce35597b3d5c01c485f5e0	35678cf63b943db2758a57818efbf421b179c507d5ce35597b3d5c01c485f5e0	exact
arndt64	said/temp.f	7cc5e40cc5ebe020b0c441b1b8b7f37d2216867a3006297bd37ed1e73a8f751b	7cc5e40cc5ebe020b0c441b1b8b7f37d2216867a3006297bd37ed1e73a8f751b	exact
arndt64	said/vdump.f	d7a7a4ed7673e85c75e496298a43af756690982f73edd14f2cb170855d4c7a71	d7a7a4ed7673e85c75e496298a43af756690982f73edd14f2cb170855d4c7a71	exact
arndt64	said/ysKCM.f90	d818d12a0395a08143cb6bbb5144d82e74466ffafaa83eaf2a54b7b1263b369f	d818d12a0395a08143cb6bbb5144d82e74466ffafaa83eaf2a54b7b1263b369f	exact
