row	angle	predicted_obs	measured_obs	error	dchi
1	10.000	0.12850E-03	0.20000E-02	0.10000E-02	-0.187E+01
2	30.000	0.16033E-03	0.10000E-02	0.10000E-02	-0.836E+00
3	50.000	0.22215E-03	0.20000E-02	0.10000E-02	-0.177E+01
4	70.000	0.30965E-03	0.20000E-02	0.10000E-02	-0.168E+01
5	90.000	0.41514E-03	0.30000E-02	0.10000E-02	-0.258E+01
6	110.000	0.52695E-03	0.50000E-02	0.10000E-02	-0.446E+01
7	130.000	0.63034E-03	0.40000E-02	0.10000E-02	-0.336E+01
8	150.000	0.71001E-03	0.60000E-02	0.20000E-02	-0.264E+01
9	170.000	0.75336E-03	0.70000E-02	0.20000E-02	-0.311E+01
10	10.000	0.23394E-03	0.00000E+00	0.10000E-02	0.241E+00
11	30.000	0.27941E-03	0.10000E-02	0.10000E-02	-0.712E+00
12	50.000	0.37015E-03	0.30000E-02	0.10000E-02	-0.262E+01
13	70.000	0.50361E-03	0.40000E-02	0.10000E-02	-0.348E+01
14	90.000	0.67133E-03	0.40000E-02	0.10000E-02	-0.331E+01
15	110.000	0.85597E-03	0.60000E-02	0.20000E-02	-0.256E+01
16	130.000	0.10319E-02	0.70000E-02	0.20000E-02	-0.297E+01
17	150.000	0.11704E-02	0.50000E-02	0.20000E-02	-0.190E+01
18	170.000	0.12467E-02	0.20000E-02	0.50000E-02	-0.143E+00
19	10.000	0.10322E-02	0.20000E-02	0.10000E-02	-0.867E+00
20	30.000	0.10962E-02	0.50000E-02	0.10000E-02	-0.380E+01
21	50.000	0.12505E-02	0.70000E-02	0.20000E-02	-0.281E+01
22	70.000	0.15313E-02	0.80000E-02	0.20000E-02	-0.316E+01
23	90.000	0.19560E-02	0.10000E-01	0.20000E-02	-0.393E+01
24	110.000	0.24939E-02	0.90000E-02	0.20000E-02	-0.313E+01
25	130.000	0.30591E-02	0.11000E-01	0.20000E-02	-0.382E+01
26	150.000	0.35326E-02	0.12000E-01	0.30000E-02	-0.271E+01
27	170.000	0.38024E-02	0.15000E-01	0.60000E-02	-0.180E+01
28	10.000	0.11373E-02	0.30000E-02	0.20000E-02	-0.872E+00
29	30.000	0.12001E-02	0.40000E-02	0.10000E-02	-0.268E+01
30	50.000	0.13560E-02	0.60000E-02	0.10000E-02	-0.450E+01
31	70.000	0.16478E-02	0.60000E-02	0.10000E-02	-0.418E+01
32	90.000	0.20977E-02	0.10000E-01	0.20000E-02	-0.384E+01
33	110.000	0.26746E-02	0.12000E-01	0.20000E-02	-0.452E+01
34	130.000	0.32854E-02	0.13000E-01	0.20000E-02	-0.469E+01
35	150.000	0.37995E-02	0.14000E-01	0.30000E-02	-0.327E+01
36	170.000	0.40933E-02	0.11000E-01	0.30000E-02	-0.216E+01
37	8.440	0.20583E-02	0.10000E-02	0.40000E-02	0.339E+00
38	24.500	0.20795E-02	0.13000E-01	0.50000E-02	-0.212E+01
39	40.500	0.21523E-02	0.10000E-01	0.30000E-02	-0.251E+01
40	56.500	0.23279E-02	0.14000E-01	0.30000E-02	-0.378E+01
41	72.500	0.26593E-02	0.16000E-01	0.30000E-02	-0.432E+01
42	88.500	0.31763E-02	0.12000E-01	0.30000E-02	-0.279E+01
43	104.500	0.38634E-02	0.24000E-01	0.40000E-02	-0.490E+01
44	120.500	0.46516E-02	0.24000E-01	0.50000E-02	-0.374E+01
45	136.500	0.54300E-02	0.18000E-01	0.50000E-02	-0.236E+01
46	152.500	0.60715E-02	0.26000E-01	0.70000E-02	-0.272E+01
47	168.500	0.64641E-02	0.10000E-01	0.80000E-02	-0.326E+00
48	18.190	0.35016E-02	0.40000E-02	0.16000E-02	0.395E+00
49	31.790	0.37977E-02	0.30000E-02	0.21000E-02	0.964E+00
50	41.410	0.40912E-02	0.63000E-02	0.25000E-02	-0.355E+00
51	49.460	0.43832E-02	0.61000E-02	0.27000E-02	-0.112E+00
52	56.630	0.46737E-02	0.48000E-02	0.28000E-02	0.494E+00
53	63.260	0.49636E-02	0.73000E-02	0.26000E-02	-0.282E+00
54	69.510	0.52522E-02	0.98000E-02	0.27000E-02	-0.106E+01
55	75.520	0.55403E-02	0.16300E-01	0.22000E-02	-0.408E+01
56	81.370	0.58277E-02	0.10900E-01	0.26000E-02	-0.123E+01
57	87.130	0.61142E-02	0.16900E-01	0.22000E-02	-0.401E+01
58	92.870	0.64001E-02	0.11300E-01	0.25000E-02	-0.113E+01
59	98.630	0.66840E-02	0.16300E-01	0.21000E-02	-0.355E+01
60	104.480	0.69662E-02	0.17500E-01	0.19000E-02	-0.436E+01
61	110.490	0.72459E-02	0.15000E-01	0.18000E-02	-0.301E+01
62	116.740	0.75224E-02	0.16600E-01	0.20000E-02	-0.332E+01
63	123.370	0.77956E-02	0.16500E-01	0.19000E-02	-0.326E+01
64	130.540	0.80641E-02	0.20900E-01	0.20000E-02	-0.512E+01
65	138.590	0.83274E-02	0.18500E-01	0.19000E-02	-0.394E+01
66	148.210	0.85843E-02	0.21000E-01	0.18000E-02	-0.536E+01
67	161.810	0.88341E-02	0.19200E-01	0.12000E-02	-0.626E+01
68	10.000	0.35123E-02	0.50000E-02	0.60000E-02	-0.158E+00
69	30.000	0.38726E-02	0.30000E-02	0.10000E-02	0.147E+01
70	50.000	0.45413E-02	0.50000E-02	0.10000E-02	0.238E+00
71	70.000	0.54322E-02	0.11000E-01	0.20000E-02	-0.237E+01
72	90.000	0.64368E-02	0.14000E-01	0.20000E-02	-0.329E+01
73	110.000	0.74255E-02	0.14000E-01	0.20000E-02	-0.272E+01
74	130.000	0.82658E-02	0.21000E-01	0.30000E-02	-0.382E+01
75	150.000	0.88589E-02	0.20000E-01	0.30000E-02	-0.326E+01
76	170.000	0.91597E-02	0.16000E-01	0.50000E-02	-0.109E+01
77	10.000	0.47972E-02	0.10000E-02	0.20000E-02	0.235E+01
78	30.000	0.52488E-02	0.60000E-02	0.20000E-02	0.118E+00
79	50.000	0.60845E-02	0.11000E-01	0.20000E-02	-0.189E+01
80	70.000	0.71953E-02	0.15000E-01	0.20000E-02	-0.323E+01
81	90.000	0.84455E-02	0.16000E-01	0.20000E-02	-0.298E+01
82	110.000	0.96727E-02	0.18000E-01	0.20000E-02	-0.325E+01
83	130.000	0.10710E-01	0.29000E-01	0.30000E-02	-0.542E+01
84	150.000	0.11437E-01	0.29000E-01	0.40000E-02	-0.385E+01
85	170.000	0.11802E-01	0.21000E-01	0.40000E-02	-0.174E+01
86	5.000	0.54423E-02	0.00000E+00	0.10000E-01	0.571E+00
87	15.000	0.55706E-02	0.00000E+00	0.60000E-02	0.974E+00
88	25.000	0.58215E-02	0.40000E-02	0.50000E-02	0.422E+00
89	35.000	0.61853E-02	0.90000E-02	0.50000E-02	-0.502E+00
90	45.000	0.66486E-02	0.40000E-02	0.60000E-02	0.496E+00
91	55.000	0.71961E-02	0.14000E-01	0.60000E-02	-0.107E+01
92	65.000	0.78108E-02	0.15000E-01	0.60000E-02	-0.113E+01
93	75.000	0.84742E-02	0.90000E-02	0.50000E-02	-0.214E-01
94	85.000	0.91655E-02	0.15000E-01	0.50000E-02	-0.108E+01
95	95.000	0.98621E-02	0.24000E-01	0.50000E-02	-0.273E+01
96	105.000	0.10540E-01	0.18000E-01	0.60000E-02	-0.116E+01
97	115.000	0.11175E-01	0.31000E-01	0.60000E-02	-0.321E+01
98	125.000	0.11746E-01	0.29000E-01	0.60000E-02	-0.278E+01
99	135.000	0.12236E-01	0.26000E-01	0.50000E-02	-0.263E+01
100	145.000	0.12634E-01	0.26000E-01	0.50000E-02	-0.255E+01
101	155.000	0.12932E-01	0.38000E-01	0.50000E-02	-0.489E+01
102	165.000	0.13131E-01	0.22000E-01	0.50000E-02	-0.164E+01
103	175.000	0.13230E-01	0.33000E-01	0.90000E-02	-0.212E+01
104	10.000	0.63404E-02	0.20000E-02	0.20000E-02	0.264E+01
105	30.000	0.68973E-02	0.40000E-02	0.20000E-02	0.196E+01
106	50.000	0.79245E-02	0.10000E-01	0.20000E-02	-0.450E+00
107	70.000	0.92858E-02	0.16000E-01	0.20000E-02	-0.267E+01
108	90.000	0.10814E-01	0.16000E-01	0.20000E-02	-0.179E+01
109	110.000	0.12309E-01	0.15000E-01	0.20000E-02	-0.432E+00
110	130.000	0.13566E-01	0.25000E-01	0.30000E-02	-0.314E+01
111	150.000	0.14438E-01	0.26000E-01	0.30000E-02	-0.314E+01
112	170.000	0.14872E-01	0.18000E-01	0.50000E-02	-0.184E+00
113	10.000	0.91314E-02	0.14000E-01	0.30000E-02	-0.968E+00
114	30.000	0.98732E-02	0.90000E-02	0.20000E-02	0.150E+01
115	50.000	0.11234E-01	0.15000E-01	0.20000E-02	-0.675E+00
116	70.000	0.13028E-01	0.19000E-01	0.20000E-02	-0.159E+01
117	90.000	0.15032E-01	0.23000E-01	0.20000E-02	-0.237E+01
118	110.000	0.16980E-01	0.27000E-01	0.30000E-02	-0.212E+01
119	130.000	0.18601E-01	0.34000E-01	0.30000E-02	-0.380E+01
120	150.000	0.19709E-01	0.35000E-01	0.40000E-02	-0.276E+01
121	170.000	0.20253E-01	0.32000E-01	0.40000E-02	-0.185E+01
122	10.000	0.11363E-01	0.90000E-02	0.30000E-02	0.102E+01
123	30.000	0.12251E-01	0.10000E-01	0.20000E-02	0.151E+01
124	50.000	0.13873E-01	0.13000E-01	0.20000E-02	0.867E+00
125	70.000	0.16003E-01	0.23000E-01	0.30000E-02	-0.200E+01
126	90.000	0.18371E-01	0.21000E-01	0.30000E-02	-0.496E+00
127	110.000	0.20663E-01	0.29000E-01	0.40000E-02	-0.176E+01
128	130.000	0.22554E-01	0.24000E-01	0.40000E-02	-0.115E-01
129	150.000	0.23833E-01	0.33000E-01	0.50000E-02	-0.154E+01
130	170.000	0.24454E-01	0.35000E-01	0.60000E-02	-0.150E+01
131	8.440	0.11986E-01	0.14000E-01	0.70000E-02	0.104E+00
132	24.500	0.12610E-01	0.12000E-01	0.40000E-02	0.874E+00
133	40.500	0.13762E-01	0.20000E-01	0.40000E-02	-0.771E+00
134	56.500	0.15330E-01	0.19000E-01	0.40000E-02	-0.397E-01
135	72.500	0.17181E-01	0.36000E-01	0.50000E-02	-0.298E+01
136	88.400	0.19154E-01	0.40000E-01	0.50000E-02	-0.329E+01
137	104.500	0.21115E-01	0.35000E-01	0.50000E-02	-0.181E+01
138	120.500	0.22848E-01	0.43000E-01	0.60000E-02	-0.249E+01
139	136.500	0.24218E-01	0.35000E-01	0.70000E-02	-0.748E+00
140	152.500	0.25154E-01	0.35000E-01	0.90000E-02	-0.454E+00
141	168.500	0.25654E-01	0.20000E-01	0.10000E-01	0.115E+01
142	18.190	0.13631E-01	0.11100E-01	0.40000E-02	0.152E+01
143	31.790	0.14482E-01	0.92000E-02	0.48000E-02	0.189E+01
144	41.410	0.15317E-01	0.95000E-02	0.52000E-02	0.189E+01
145	49.460	0.16140E-01	0.17200E-01	0.46000E-02	0.683E+00
146	56.630	0.16953E-01	0.15500E-01	0.57000E-02	0.103E+01
147	63.260	0.17759E-01	0.18500E-01	0.59000E-02	0.658E+00
148	69.510	0.18556E-01	0.26900E-01	0.49000E-02	-0.716E+00
149	75.520	0.19349E-01	0.29500E-01	0.51000E-02	-0.100E+01
150	81.370	0.20136E-01	0.27200E-01	0.52000E-02	-0.350E+00
151	87.130	0.20916E-01	0.25900E-01	0.57000E-02	0.813E-01
152	92.870	0.21690E-01	0.29100E-01	0.53000E-02	-0.332E+00
153	98.630	0.22454E-01	0.27300E-01	0.43000E-02	0.233E+00
154	104.480	0.23207E-01	0.31600E-01	0.41000E-02	-0.573E+00
155	110.490	0.23946E-01	0.25200E-01	0.49000E-02	0.102E+01
156	116.740	0.24669E-01	0.33400E-01	0.38000E-02	-0.607E+00
157	123.370	0.25374E-01	0.33900E-01	0.42000E-02	-0.457E+00
158	130.540	0.26053E-01	0.35500E-01	0.38000E-02	-0.700E+00
159	138.590	0.26706E-01	0.39700E-01	0.34000E-02	-0.178E+01
160	148.210	0.27327E-01	0.42500E-01	0.35000E-02	-0.230E+01
161	161.810	0.27912E-01	0.47300E-01	0.35000E-02	-0.346E+01
162	10.000	0.14701E-01	0.12000E-01	0.30000E-02	0.173E+01
163	30.000	0.15807E-01	0.14000E-01	0.20000E-02	0.224E+01
164	50.000	0.17819E-01	0.23000E-01	0.20000E-02	-0.108E+01
165	70.000	0.20442E-01	0.27000E-01	0.20000E-02	-0.155E+01
166	90.000	0.23343E-01	0.30000E-01	0.30000E-02	-0.902E+00
167	110.000	0.26126E-01	0.35000E-01	0.30000E-02	-0.148E+01
168	130.000	0.28397E-01	0.46000E-01	0.40000E-02	-0.320E+01
169	150.000	0.29908E-01	0.45000E-01	0.40000E-02	-0.251E+01
170	170.000	0.30629E-01	0.47000E-01	0.70000E-02	-0.160E+01
171	10.000	0.16076E-01	0.10000E-01	0.50000E-02	0.159E+01
172	30.000	0.17272E-01	0.18000E-01	0.30000E-02	0.421E+00
173	50.000	0.19445E-01	0.26000E-01	0.30000E-02	-0.144E+01
174	70.000	0.22271E-01	0.31000E-01	0.30000E-02	-0.205E+01
175	90.000	0.25386E-01	0.36000E-01	0.40000E-02	-0.192E+01
176	110.000	0.28367E-01	0.20000E-01	0.30000E-02	0.388E+01
177	130.000	0.30787E-01	0.36000E-01	0.40000E-02	-0.416E+00
178	150.000	0.32387E-01	0.62000E-01	0.50000E-02	-0.518E+01
179	170.000	0.33146E-01	0.51000E-01	0.13000E-01	-0.108E+01
180	5.000	0.16310E-01	0.14000E-01	0.11000E-01	0.316E+00
181	15.000	0.16625E-01	0.90000E-02	0.70000E-02	0.126E+01
182	25.000	0.17238E-01	0.90000E-02	0.60000E-02	0.158E+01
183	35.000	0.18120E-01	0.16000E-01	0.60000E-02	0.569E+00
184	45.000	0.19232E-01	0.28000E-01	0.70000E-02	-0.106E+01
185	55.000	0.20532E-01	0.17000E-01	0.70000E-02	0.714E+00
186	65.000	0.21976E-01	0.31000E-01	0.70000E-02	-0.106E+01
187	75.000	0.23520E-01	0.40000E-01	0.70000E-02	-0.211E+01
188	85.000	0.25112E-01	0.31000E-01	0.60000E-02	-0.682E+00
189	95.000	0.26698E-01	0.43000E-01	0.60000E-02	-0.240E+01
190	105.000	0.28220E-01	0.37000E-01	0.70000E-02	-0.966E+00
191	115.000	0.29622E-01	0.52000E-01	0.70000E-02	-0.289E+01
192	125.000	0.30856E-01	0.61000E-01	0.70000E-02	-0.399E+01
193	135.000	0.31886E-01	0.45000E-01	0.70000E-02	-0.155E+01
194	145.000	0.32697E-01	0.44000E-01	0.70000E-02	-0.128E+01
195	155.000	0.33288E-01	0.41000E-01	0.70000E-02	-0.762E+00
196	165.000	0.33671E-01	0.59000E-01	0.80000E-02	-0.287E+01
197	175.000	0.33857E-01	0.47000E-01	0.14000E-01	-0.766E+00
198	10.000	0.22126E-01	0.22000E-01	0.40000E-02	0.648E+00
199	30.000	0.23724E-01	0.23000E-01	0.30000E-02	0.112E+01
200	50.000	0.26605E-01	0.29000E-01	0.30000E-02	0.190E+00
201	70.000	0.30317E-01	0.36000E-01	0.30000E-02	-0.768E+00
202	90.000	0.34364E-01	0.43000E-01	0.30000E-02	-0.160E+01
203	110.000	0.38184E-01	0.49000E-01	0.40000E-02	-0.164E+01
204	130.000	0.41225E-01	0.49000E-01	0.40000E-02	-0.795E+00
205	150.000	0.43182E-01	0.51000E-01	0.50000E-02	-0.601E+00
206	170.000	0.44083E-01	0.53000E-01	0.70000E-02	-0.572E+00
207	10.000	0.22601E-01	0.23000E-01	0.50000E-02	0.152E+00
208	30.000	0.24231E-01	0.30000E-01	0.30000E-02	-0.151E+01
209	50.000	0.27168E-01	0.28000E-01	0.30000E-02	0.186E+00
210	70.000	0.30949E-01	0.34000E-01	0.30000E-02	-0.489E+00
211	90.000	0.35069E-01	0.36000E-01	0.30000E-02	0.288E+00
212	110.000	0.38953E-01	0.43000E-01	0.40000E-02	-0.513E+00
213	130.000	0.42041E-01	0.43000E-01	0.40000E-02	0.298E+00
214	150.000	0.44023E-01	0.49000E-01	0.40000E-02	-0.681E+00
215	170.000	0.44934E-01	0.40000E-01	0.70000E-02	0.103E+01
216	8.440	0.26281E-01	0.30000E-01	0.16000E-01	0.103E+00
217	24.500	0.27547E-01	0.28000E-01	0.70000E-02	0.740E+00
218	40.500	0.29859E-01	0.28000E-01	0.50000E-02	0.159E+01
219	56.500	0.32951E-01	0.46000E-01	0.60000E-02	-0.105E+01
220	72.500	0.36531E-01	0.63000E-01	0.60000E-02	-0.317E+01
221	88.500	0.40291E-01	0.71000E-01	0.70000E-02	-0.321E+01
222	104.500	0.43890E-01	0.67000E-01	0.70000E-02	-0.202E+01
223	120.500	0.46983E-01	0.54000E-01	0.70000E-02	0.370E+00
224	136.500	0.49321E-01	0.74000E-01	0.10000E-01	-0.146E+01
225	152.500	0.50830E-01	0.36000E-01	0.10000E-01	0.252E+01
226	168.500	0.51591E-01	0.72000E-01	0.24000E-01	-0.411E+00
227	18.190	0.29039E-01	0.26000E-01	0.32000E-02	0.260E+01
228	31.790	0.30733E-01	0.33800E-01	0.30000E-02	0.836E+00
229	41.410	0.32379E-01	0.34600E-01	0.32000E-02	0.114E+01
230	49.460	0.33985E-01	0.46600E-01	0.35000E-02	-0.184E+01
231	56.630	0.35556E-01	0.39300E-01	0.38000E-02	0.712E+00
232	63.260	0.37101E-01	0.48900E-01	0.37000E-02	-0.137E+01
233	69.510	0.38617E-01	0.48000E-01	0.36000E-02	-0.661E+00
234	75.520	0.40112E-01	0.47300E-01	0.38000E-02	0.228E-01
235	81.370	0.41582E-01	0.59500E-01	0.36000E-02	-0.288E+01
236	87.130	0.43028E-01	0.56400E-01	0.35000E-02	-0.159E+01
237	92.870	0.44450E-01	0.57500E-01	0.34000E-02	-0.147E+01
238	98.630	0.45839E-01	0.58500E-01	0.35000E-02	-0.124E+01
239	104.480	0.47193E-01	0.62500E-01	0.29000E-02	-0.233E+01
240	110.490	0.48505E-01	0.59200E-01	0.30000E-02	-0.632E+00
241	116.740	0.49769E-01	0.60900E-01	0.28000E-02	-0.752E+00
242	123.370	0.50978E-01	0.59100E-01	0.29000E-02	0.388E+00
243	130.540	0.52120E-01	0.62600E-01	0.28000E-02	-0.367E+00
244	138.590	0.53187E-01	0.57700E-01	0.30000E-02	0.171E+01
245	148.210	0.54168E-01	0.63400E-01	0.27000E-02	0.219E+00
246	161.810	0.55051E-01	0.66700E-01	0.30000E-02	-0.555E+00
247	10.000	0.28590E-01	0.17000E-01	0.50000E-02	0.250E+01
248	30.000	0.30628E-01	0.32000E-01	0.40000E-02	-0.941E-01
249	50.000	0.34281E-01	0.38000E-01	0.40000E-02	-0.651E+00
250	70.000	0.38943E-01	0.49000E-01	0.40000E-02	-0.220E+01
251	90.000	0.43970E-01	0.46000E-01	0.40000E-02	-0.150E+00
252	110.000	0.48649E-01	0.54000E-01	0.40000E-02	-0.943E+00
253	130.000	0.52301E-01	0.51000E-01	0.40000E-02	0.750E+00
254	150.000	0.54585E-01	0.55000E-01	0.50000E-02	0.272E+00
255	170.000	0.55603E-01	0.52000E-01	0.80000E-02	0.676E+00
256	10.000	0.30126E-01	0.35000E-01	0.50000E-02	-0.427E+00
257	30.000	0.32272E-01	0.35000E-01	0.40000E-02	0.519E-01
258	50.000	0.36111E-01	0.46000E-01	0.40000E-02	-0.165E+01
259	70.000	0.41000E-01	0.46000E-01	0.30000E-02	-0.423E+00
260	90.000	0.46260E-01	0.50000E-01	0.40000E-02	0.117E+00
261	110.000	0.51139E-01	0.52000E-01	0.40000E-02	0.948E+00
262	130.000	0.54930E-01	0.66000E-01	0.40000E-02	-0.152E+01
263	150.000	0.57284E-01	0.65000E-01	0.50000E-02	-0.501E+00
264	170.000	0.58326E-01	0.64000E-01	0.70000E-02	-0.525E-01
265	5.000	0.32273E-01	0.34000E-01	0.13000E-01	0.114E-01
266	15.000	0.32874E-01	0.32000E-01	0.80000E-02	0.348E+00
267	25.000	0.34039E-01	0.24000E-01	0.70000E-02	0.172E+01
268	35.000	0.35701E-01	0.37000E-01	0.70000E-02	0.111E+00
269	45.000	0.37777E-01	0.46000E-01	0.70000E-02	-0.861E+00
270	55.000	0.40176E-01	0.58000E-01	0.80000E-02	-0.194E+01
271	65.000	0.42809E-01	0.49000E-01	0.70000E-02	-0.529E+00
272	75.000	0.45584E-01	0.45000E-01	0.70000E-02	0.462E+00
273	85.000	0.48405E-01	0.60000E-01	0.70000E-02	-0.125E+01
274	95.000	0.51172E-01	0.63000E-01	0.70000E-02	-0.127E+01
275	105.000	0.53777E-01	0.63000E-01	0.70000E-02	-0.871E+00
276	115.000	0.56123E-01	0.59000E-01	0.80000E-02	0.478E-01
277	125.000	0.58129E-01	0.71000E-01	0.80000E-02	-0.119E+01
278	135.000	0.59749E-01	0.72000E-01	0.80000E-02	-0.110E+01
279	145.000	0.60976E-01	0.68000E-01	0.80000E-02	-0.435E+00
280	155.000	0.61832E-01	0.82000E-01	0.80000E-02	-0.207E+01
281	165.000	0.62364E-01	0.63000E-01	0.90000E-02	0.332E+00
282	175.000	0.62616E-01	0.73000E-01	0.14000E-01	-0.482E+00
283	10.000	0.35291E-01	0.29000E-01	0.70000E-02	0.948E+00
284	30.000	0.37802E-01	0.41000E-01	0.40000E-02	-0.707E+00
285	50.000	0.42275E-01	0.46000E-01	0.40000E-02	-0.827E+00
286	70.000	0.47934E-01	0.58000E-01	0.40000E-02	-0.240E+01
287	90.000	0.53972E-01	0.56000E-01	0.50000E-02	-0.299E+00
288	110.000	0.59515E-01	0.56000E-01	0.50000E-02	0.820E+00
289	130.000	0.63755E-01	0.54000E-01	0.50000E-02	0.208E+01
290	150.000	0.66329E-01	0.65000E-01	0.50000E-02	0.396E+00
291	170.000	0.67437E-01	0.75000E-01	0.17000E-01	-0.406E+00
292	10.000	0.40110E-01	0.45000E-01	0.60000E-02	-0.112E-01
293	30.000	0.42971E-01	0.43000E-01	0.40000E-02	0.128E+01
294	50.000	0.48047E-01	0.52000E-01	0.40000E-02	0.456E+00
295	70.000	0.54433E-01	0.61000E-01	0.40000E-02	-0.554E-02
296	90.000	0.61198E-01	0.82000E-01	0.50000E-02	-0.269E+01
297	110.000	0.67349E-01	0.79000E-01	0.50000E-02	-0.711E+00
298	130.000	0.71988E-01	0.81000E-01	0.50000E-02	-0.714E-01
299	150.000	0.74744E-01	0.92000E-01	0.60000E-02	-0.138E+01
300	170.000	0.75900E-01	0.92000E-01	0.90000E-02	-0.775E+00
301	10.000	0.42532E-01	0.32000E-01	0.10000E-01	0.102E+01
302	30.000	0.45571E-01	0.50000E-01	0.50000E-02	-0.964E+00
303	50.000	0.50954E-01	0.58000E-01	0.40000E-02	-0.187E+01
304	70.000	0.57709E-01	0.63000E-01	0.50000E-02	-0.116E+01
305	90.000	0.64840E-01	0.68000E-01	0.50000E-02	-0.744E+00
306	110.000	0.71292E-01	0.59000E-01	0.50000E-02	0.234E+01
307	130.000	0.76125E-01	0.76000E-01	0.60000E-02	-0.883E-01
308	150.000	0.78965E-01	0.75000E-01	0.60000E-02	0.548E+00
309	170.000	0.80140E-01	0.65000E-01	0.90000E-02	0.161E+01
310	8.440	0.45458E-01	0.70000E-02	0.80000E-02	0.529E+01
311	24.500	0.47657E-01	0.55000E-01	0.10000E-01	-0.328E+00
312	40.500	0.51632E-01	0.74000E-01	0.90000E-02	-0.200E+01
313	56.500	0.56863E-01	0.93000E-01	0.80000E-02	-0.391E+01
314	72.500	0.62796E-01	0.84000E-01	0.70000E-02	-0.226E+01
315	88.500	0.68879E-01	0.95000E-01	0.80000E-02	-0.253E+01
316	104.500	0.74528E-01	0.73000E-01	0.70000E-02	0.113E+01
317	120.500	0.79191E-01	0.73000E-01	0.80000E-02	0.162E+01
318	136.500	0.82518E-01	0.77000E-01	0.11000E-01	0.114E+01
319	152.500	0.84505E-01	0.86000E-01	0.15000E-01	0.381E+00
320	168.500	0.85424E-01	0.10500E+00	0.32000E-01	-0.384E+00
321	18.190	0.49767E-01	0.50300E-01	0.41000E-02	0.879E+00
322	31.790	0.52688E-01	0.54700E-01	0.38000E-02	0.623E+00
323	41.410	0.55499E-01	0.63800E-01	0.38000E-02	-0.971E+00
324	49.460	0.58218E-01	0.58200E-01	0.45000E-02	0.108E+01
325	56.630	0.60854E-01	0.59100E-01	0.46000E-02	0.148E+01
326	63.260	0.63423E-01	0.70000E-01	0.42000E-02	-0.311E+00
327	69.510	0.65922E-01	0.71500E-01	0.46000E-02	-0.216E-01
328	75.520	0.68361E-01	0.75100E-01	0.45000E-02	-0.235E+00
329	81.370	0.70739E-01	0.83500E-01	0.45000E-02	-0.153E+01
330	87.130	0.73053E-01	0.85800E-01	0.40000E-02	-0.167E+01
331	92.870	0.75303E-01	0.83100E-01	0.43000E-02	-0.358E+00
332	98.630	0.77475E-01	0.86600E-01	0.40000E-02	-0.671E+00
333	104.480	0.79564E-01	0.80800E-01	0.36000E-02	0.149E+01
334	110.490	0.81557E-01	0.99400E-01	0.35000E-02	-0.316E+01
335	116.740	0.83440E-01	0.91400E-01	0.34000E-02	-0.301E+00
336	123.370	0.85202E-01	0.88800E-01	0.36000E-02	0.968E+00
337	130.540	0.86819E-01	0.93600E-01	0.34000E-02	0.128E+00
338	138.590	0.88277E-01	0.93900E-01	0.34000E-02	0.504E+00
339	148.210	0.89553E-01	0.97100E-01	0.36000E-02	-0.288E-01
340	161.810	0.90625E-01	0.98000E-01	0.34000E-02	0.464E-01
341	10.000	0.50378E-01	0.42000E-01	0.10000E-01	0.491E+00
342	30.000	0.54009E-01	0.41000E-01	0.50000E-02	0.186E+01
343	50.000	0.60409E-01	0.64000E-01	0.50000E-02	-0.155E+01
344	70.000	0.68376E-01	0.64000E-01	0.60000E-02	-0.558E-01
345	90.000	0.76694E-01	0.67000E-01	0.60000E-02	0.735E+00
346	110.000	0.84111E-01	0.78000E-01	0.70000E-02	0.451E-01
347	130.000	0.89541E-01	0.80000E-01	0.70000E-02	0.482E+00
348	150.000	0.92619E-01	0.92000E-01	0.70000E-02	-0.823E+00
349	170.000	0.93832E-01	0.58000E-01	0.16000E-01	0.184E+01
350	10.000	0.50378E-01	0.54000E-01	0.60000E-02	0.145E+00
351	30.000	0.54009E-01	0.58000E-01	0.50000E-02	0.165E+00
352	50.000	0.60409E-01	0.66000E-01	0.40000E-02	-0.509E-01
353	70.000	0.68376E-01	0.81000E-01	0.50000E-02	-0.131E+01
354	90.000	0.76694E-01	0.93000E-01	0.50000E-02	-0.189E+01
355	110.000	0.84111E-01	0.89000E-01	0.50000E-02	0.522E+00
356	130.000	0.89541E-01	0.10000E+00	0.50000E-02	-0.495E+00
357	150.000	0.92619E-01	0.97000E-01	0.60000E-02	0.647E+00
358	170.000	0.93832E-01	0.10300E+00	0.90000E-02	-0.889E-01
359	5.000	0.51985E-01	0.47000E-01	0.14000E-01	0.565E+00
360	15.000	0.52972E-01	0.65000E-01	0.80000E-02	-0.113E+01
361	25.000	0.54880E-01	0.46000E-01	0.70000E-02	0.171E+01
362	35.000	0.57585E-01	0.67000E-01	0.70000E-02	-0.881E+00
363	45.000	0.60936E-01	0.63000E-01	0.80000E-02	0.171E+00
364	55.000	0.64770E-01	0.80000E-01	0.80000E-02	-0.145E+01
365	65.000	0.68928E-01	0.72000E-01	0.80000E-02	0.102E+00
366	75.000	0.73252E-01	0.80000E-01	0.70000E-02	-0.374E+00
367	85.000	0.77582E-01	0.75000E-01	0.70000E-02	0.994E+00
368	95.000	0.81753E-01	0.94000E-01	0.70000E-02	-0.109E+01
369	105.000	0.85600E-01	0.99000E-01	0.80000E-02	-0.107E+01
370	115.000	0.88974E-01	0.10700E+00	0.80000E-02	-0.163E+01
371	125.000	0.91767E-01	0.85000E-01	0.90000E-02	0.133E+01
372	135.000	0.93931E-01	0.11400E+00	0.80000E-02	-0.185E+01
373	145.000	0.95486E-01	0.10900E+00	0.80000E-02	-0.102E+01
374	155.000	0.96508E-01	0.10700E+00	0.80000E-02	-0.631E+00
375	165.000	0.97104E-01	0.97000E-01	0.10000E-01	0.558E+00
376	175.000	0.97372E-01	0.94000E-01	0.15000E-01	0.591E+00
377	10.000	0.58922E-01	0.59000E-01	0.12000E-01	-0.370E+00
378	30.000	0.63222E-01	0.64000E-01	0.60000E-02	-0.909E+00
379	50.000	0.70764E-01	0.63000E-01	0.60000E-02	0.422E+00
380	70.000	0.80080E-01	0.75000E-01	0.60000E-02	-0.140E+00
381	90.000	0.89700E-01	0.87000E-01	0.70000E-02	-0.562E+00
382	110.000	0.98144E-01	0.84000E-01	0.70000E-02	0.984E+00
383	130.000	0.10418E+00	0.82000E-01	0.70000E-02	0.207E+01
384	150.000	0.10746E+00	0.10200E+00	0.80000E-02	-0.311E+00
385	170.000	0.10868E+00	0.14200E+00	0.32000E-01	-0.129E+01
386	10.000	0.62767E-01	0.49000E-01	0.60000E-02	0.257E+01
387	30.000	0.67375E-01	0.72000E-01	0.50000E-02	-0.567E+00
388	50.000	0.75444E-01	0.80000E-01	0.50000E-02	-0.511E+00
389	70.000	0.85376E-01	0.89000E-01	0.50000E-02	-0.272E+00
390	90.000	0.95584E-01	0.99000E-01	0.50000E-02	-0.176E+00
391	110.000	0.10448E+00	0.11100E+00	0.60000E-02	-0.624E+00
392	130.000	0.11077E+00	0.10600E+00	0.60000E-02	0.129E+01
393	150.000	0.11413E+00	0.12500E+00	0.70000E-02	-0.112E+01
394	170.000	0.11534E+00	0.12600E+00	0.10000E-01	-0.760E+00
395	10.000	0.67727E-01	0.37000E-01	0.80000E-02	0.245E+01
396	30.000	0.72741E-01	0.64000E-01	0.70000E-02	-0.455E+00
397	50.000	0.81499E-01	0.63000E-01	0.70000E-02	0.734E+00
398	70.000	0.92237E-01	0.72000E-01	0.70000E-02	0.731E+00
399	90.000	0.10321E+00	0.81000E-01	0.70000E-02	0.755E+00
400	110.000	0.11269E+00	0.88000E-01	0.80000E-02	0.777E+00
401	130.000	0.11930E+00	0.10000E+00	0.80000E-02	-0.324E-01
402	150.000	0.12274E+00	0.10400E+00	0.80000E-02	-0.173E+00
403	170.000	0.12392E+00	0.14200E+00	0.25000E-01	-0.154E+01
404	8.440	0.70355E-01	0.50000E-01	0.20000E-01	0.161E+01
405	24.500	0.73895E-01	0.78000E-01	0.12000E-01	0.699E+00
406	40.500	0.80238E-01	0.97000E-01	0.10000E-01	-0.320E+00
407	56.500	0.88465E-01	0.12600E+00	0.10000E-01	-0.226E+01
408	72.500	0.97612E-01	0.13200E+00	0.90000E-02	-0.199E+01
409	88.500	0.10675E+00	0.13200E+00	0.90000E-02	-0.801E+00
410	104.500	0.11494E+00	0.13900E+00	0.10000E-01	-0.463E+00
411	120.500	0.12137E+00	0.13000E+00	0.11000E-01	0.108E+01
412	136.500	0.12563E+00	0.13500E+00	0.15000E-01	0.791E+00
413	152.500	0.12789E+00	0.16900E+00	0.25000E-01	-0.780E+00
414	168.500	0.12877E+00	0.11400E+00	0.33000E-01	0.111E+01
415	18.190	0.75433E-01	0.65300E-01	0.44000E-02	0.262E+01
416	31.790	0.80025E-01	0.74000E-01	0.45000E-02	0.167E+01
417	41.410	0.84412E-01	0.75200E-01	0.50000E-02	0.216E+01
418	49.460	0.88622E-01	0.87500E-01	0.50000E-02	0.557E+00
419	56.630	0.92672E-01	0.95700E-01	0.51000E-02	-0.253E+00
420	63.260	0.96585E-01	0.95600E-01	0.51000E-02	0.549E+00
421	69.510	0.10036E+00	0.99800E-01	0.52000E-02	0.469E+00
422	75.520	0.10401E+00	0.11320E+00	0.52000E-02	-0.139E+01
423	81.370	0.10753E+00	0.11800E+00	0.51000E-02	-0.166E+01
424	87.130	0.11092E+00	0.12660E+00	0.50000E-02	-0.272E+01
425	92.870	0.11417E+00	0.12180E+00	0.47000E-02	-0.117E+01
426	98.630	0.11727E+00	0.12310E+00	0.45000E-02	-0.805E+00
427	104.480	0.12021E+00	0.13000E+00	0.46000E-02	-0.164E+01
428	110.490	0.12296E+00	0.12900E+00	0.45000E-02	-0.829E+00
429	116.740	0.12551E+00	0.12650E+00	0.45000E-02	0.302E+00
430	123.370	0.12782E+00	0.12790E+00	0.42000E-02	0.552E+00
431	130.540	0.12987E+00	0.12890E+00	0.43000E-02	0.792E+00
432	138.590	0.13162E+00	0.13340E+00	0.44000E-02	0.158E+00
433	148.210	0.13305E+00	0.13360E+00	0.44000E-02	0.442E+00
434	161.810	0.13411E+00	0.13360E+00	0.42000E-02	0.721E+00
435	5.000	0.74628E-01	0.70000E-01	0.16000E-01	0.462E+00
436	15.000	0.76104E-01	0.52000E-01	0.10000E-01	0.269E+01
437	25.000	0.78948E-01	0.65000E-01	0.90000E-02	0.187E+01
438	35.000	0.82963E-01	0.96000E-01	0.90000E-02	-0.111E+01
439	45.000	0.87904E-01	0.10800E+00	0.90000E-02	-0.187E+01
440	55.000	0.93510E-01	0.11200E+00	0.10000E-01	-0.150E+01
441	65.000	0.99525E-01	0.10300E+00	0.90000E-02	0.232E-01
442	75.000	0.10570E+00	0.11000E+00	0.90000E-02	-0.428E-01
443	85.000	0.11180E+00	0.11400E+00	0.90000E-02	0.215E+00
444	95.000	0.11756E+00	0.13800E+00	0.90000E-02	-0.179E+01
445	105.000	0.12276E+00	0.13700E+00	0.90000E-02	-0.108E+01
446	115.000	0.12720E+00	0.14500E+00	0.10000E-01	-0.131E+01
447	125.000	0.13073E+00	0.13300E+00	0.10000E-01	0.257E+00
448	135.000	0.13333E+00	0.14400E+00	0.10000E-01	-0.573E+00
449	145.000	0.13508E+00	0.14700E+00	0.10000E-01	-0.692E+00
450	155.000	0.13612E+00	0.13100E+00	0.10000E-01	0.102E+01
451	165.000	0.13667E+00	0.13300E+00	0.12000E-01	0.727E+00
452	175.000	0.13688E+00	0.12400E+00	0.20000E-01	0.897E+00
453	10.000	0.75186E-01	0.66000E-01	0.70000E-02	0.143E+01
454	30.000	0.80823E-01	0.90000E-01	0.60000E-02	-0.138E+01
455	50.000	0.90640E-01	0.10800E+00	0.60000E-02	-0.272E+01
456	70.000	0.10261E+00	0.10600E+00	0.50000E-02	-0.446E+00
457	90.000	0.11474E+00	0.11700E+00	0.60000E-02	-0.161E+00
458	110.000	0.12508E+00	0.11800E+00	0.60000E-02	0.142E+01
459	130.000	0.13215E+00	0.12800E+00	0.60000E-02	0.940E+00
460	150.000	0.13568E+00	0.13800E+00	0.70000E-02	-0.113E+00
461	170.000	0.13681E+00	0.13600E+00	0.90000E-02	0.261E+00
462	10.000	0.77076E-01	0.54000E-01	0.12000E-01	0.116E+01
463	30.000	0.82875E-01	0.83000E-01	0.70000E-02	-0.142E+01
464	50.000	0.92964E-01	0.77000E-01	0.60000E-02	0.821E+00
465	70.000	0.10525E+00	0.86000E-01	0.70000E-02	0.964E+00
466	90.000	0.11767E+00	0.10600E+00	0.70000E-02	-0.329E+00
467	110.000	0.12823E+00	0.11600E+00	0.80000E-02	-0.374E+00
468	130.000	0.13541E+00	0.10400E+00	0.70000E-02	0.219E+01
469	150.000	0.13895E+00	0.12700E+00	0.80000E-02	-0.568E+00
470	170.000	0.14007E+00	0.14000E+00	0.20000E-01	-0.828E+00
471	10.000	0.87090E-01	0.56000E-01	0.90000E-02	0.235E+01
472	30.000	0.93760E-01	0.72000E-01	0.70000E-02	0.158E+01
473	50.000	0.10532E+00	0.10000E+00	0.70000E-02	-0.955E+00
474	70.000	0.11930E+00	0.10500E+00	0.70000E-02	0.100E+00
475	90.000	0.13329E+00	0.13100E+00	0.90000E-02	-0.143E+01
476	110.000	0.14500E+00	0.12300E+00	0.80000E-02	0.684E+00
477	130.000	0.15272E+00	0.14000E+00	0.90000E-02	-0.521E+00
478	150.000	0.15633E+00	0.13100E+00	0.90000E-02	0.834E+00
479	170.000	0.15732E+00	0.13200E+00	0.18000E-01	0.410E+00
480	10.000	0.88604E-01	0.78000E-01	0.80000E-02	0.991E+00
481	30.000	0.95408E-01	0.10000E+00	0.60000E-02	-0.125E+01
482	50.000	0.10720E+00	0.11200E+00	0.60000E-02	-0.134E+01
483	70.000	0.12144E+00	0.12700E+00	0.70000E-02	-0.132E+01
484	90.000	0.13566E+00	0.13700E+00	0.70000E-02	-0.776E+00
485	110.000	0.14754E+00	0.14000E+00	0.70000E-02	0.441E+00
486	130.000	0.15534E+00	0.14400E+00	0.70000E-02	0.951E+00
487	150.000	0.15895E+00	0.14200E+00	0.70000E-02	0.174E+01
488	170.000	0.15992E+00	0.14700E+00	0.10000E-01	0.809E+00
489	10.000	0.98445E-01	0.73000E-01	0.13000E-01	0.133E+01
490	30.000	0.10614E+00	0.99000E-01	0.80000E-02	-0.211E+00
491	50.000	0.11942E+00	0.11900E+00	0.80000E-02	-0.119E+01
492	70.000	0.13538E+00	0.13200E+00	0.90000E-02	-0.876E+00
493	90.000	0.15116E+00	0.14300E+00	0.90000E-02	-0.490E+00
494	110.000	0.16414E+00	0.14300E+00	0.10000E-01	0.749E+00
495	130.000	0.17243E+00	0.15500E+00	0.90000E-02	0.343E+00
496	150.000	0.17603E+00	0.14400E+00	0.10000E-01	0.174E+01
497	170.000	0.17683E+00	0.14400E+00	0.24000E-01	0.755E+00
498	5.000	0.10086E+00	0.76000E-01	0.18000E-01	0.148E+01
499	15.000	0.10296E+00	0.94000E-01	0.11000E-01	0.976E+00
500	25.000	0.10699E+00	0.81000E-01	0.10000E-01	0.278E+01
501	35.000	0.11266E+00	0.91000E-01	0.10000E-01	0.236E+01
502	45.000	0.11960E+00	0.13200E+00	0.11000E-01	-0.939E+00
503	55.000	0.12742E+00	0.12400E+00	0.11000E-01	0.511E+00
504	65.000	0.13572E+00	0.13100E+00	0.10000E-01	0.708E+00
505	75.000	0.14415E+00	0.15000E+00	0.10000E-01	-0.335E+00
506	85.000	0.15234E+00	0.16300E+00	0.10000E-01	-0.802E+00
507	95.000	0.15995E+00	0.16300E+00	0.10000E-01	-0.278E-01
508	105.000	0.16665E+00	0.18200E+00	0.10000E-01	-0.125E+01
509	115.000	0.17218E+00	0.20100E+00	0.11000E-01	-0.235E+01
510	125.000	0.17640E+00	0.19500E+00	0.12000E-01	-0.130E+01
511	135.000	0.17931E+00	0.19500E+00	0.12000E-01	-0.105E+01
512	145.000	0.18106E+00	0.18200E+00	0.12000E-01	0.183E+00
513	155.000	0.18194E+00	0.18800E+00	0.12000E-01	-0.242E+00
514	165.000	0.18228E+00	0.19100E+00	0.14000E-01	-0.397E+00
515	175.000	0.18236E+00	0.13500E+00	0.23000E-01	0.220E+01
516	18.190	0.10571E+00	0.85300E-01	0.50000E-02	0.394E+01
517	31.790	0.11247E+00	0.11180E+00	0.51000E-02	-0.192E-01
518	41.410	0.11890E+00	0.10940E+00	0.57000E-02	0.152E+01
519	49.460	0.12502E+00	0.12440E+00	0.55000E-02	-0.433E-01
520	56.630	0.13087E+00	0.12390E+00	0.58000E-02	0.105E+01
521	63.260	0.13648E+00	0.12860E+00	0.61000E-02	0.114E+01
522	69.510	0.14184E+00	0.14260E+00	0.58000E-02	-0.299E+00
523	75.520	0.14698E+00	0.15790E+00	0.60000E-02	-0.199E+01
524	81.370	0.15189E+00	0.15380E+00	0.57000E-02	-0.518E+00
525	87.130	0.15656E+00	0.16240E+00	0.58000E-02	-0.119E+01
526	92.870	0.16100E+00	0.16210E+00	0.57000E-02	-0.387E+00
527	98.630	0.16516E+00	0.16050E+00	0.52000E-02	0.679E+00
528	104.480	0.16904E+00	0.17540E+00	0.53000E-02	-0.142E+01
529	110.490	0.17260E+00	0.17610E+00	0.51000E-02	-0.919E+00
530	116.740	0.17580E+00	0.17840E+00	0.50000E-02	-0.761E+00
531	123.370	0.17861E+00	0.17920E+00	0.49000E-02	-0.369E+00
532	130.540	0.18099E+00	0.17280E+00	0.49000E-02	0.142E+01
533	138.590	0.18288E+00	0.18050E+00	0.59000E-02	0.191E+00
534	148.210	0.18424E+00	0.18110E+00	0.50000E-02	0.375E+00
535	161.810	0.18500E+00	0.18690E+00	0.51000E-02	-0.621E+00
536	10.000	0.10436E+00	0.93000E-01	0.90000E-02	0.944E+00
537	30.000	0.11260E+00	0.10400E+00	0.60000E-02	0.919E+00
538	50.000	0.12681E+00	0.13700E+00	0.70000E-02	-0.195E+01
539	70.000	0.14381E+00	0.14900E+00	0.70000E-02	-0.130E+01
540	90.000	0.16054E+00	0.16700E+00	0.80000E-02	-0.136E+01
541	110.000	0.17417E+00	0.15700E+00	0.80000E-02	0.155E+01
542	130.000	0.18273E+00	0.16800E+00	0.80000E-02	0.121E+01
543	150.000	0.18629E+00	0.17900E+00	0.80000E-02	0.272E+00
544	170.000	0.18698E+00	0.17900E+00	0.11000E-01	0.259E+00
545	66.400	0.14451E+00	0.20000E+00	0.70000E-01	-0.650E+00
546	78.500	0.15524E+00	0.20000E+00	0.60000E-01	-0.568E+00
547	90.000	0.16490E+00	0.36000E+00	0.80000E-01	-0.230E+01
548	101.500	0.17347E+00	0.35000E+00	0.70000E-01	-0.235E+01
549	113.600	0.18081E+00	0.29000E+00	0.70000E-01	-0.138E+01
550	126.900	0.18653E+00	0.42000E+00	0.90000E-01	-0.245E+01
551	143.100	0.19029E+00	0.51000E+00	0.13000E+00	-0.236E+01
552	10.000	0.10959E+00	0.71000E-01	0.18000E-01	0.145E+01
553	30.000	0.11833E+00	0.11200E+00	0.10000E-01	-0.710E+00
554	50.000	0.13336E+00	0.12100E+00	0.90000E-02	-0.308E+00
555	70.000	0.15130E+00	0.14200E+00	0.10000E-01	-0.786E+00
556	90.000	0.16887E+00	0.15700E+00	0.12000E-01	-0.607E+00
557	110.000	0.18307E+00	0.13400E+00	0.11000E-01	0.257E+01
558	130.000	0.19186E+00	0.16100E+00	0.11000E-01	0.826E+00
559	150.000	0.19537E+00	0.17900E+00	0.12000E-01	-0.483E+00
560	170.000	0.19595E+00	0.15400E+00	0.24000E-01	0.822E+00
561	10.000	0.11982E+00	0.10400E+00	0.90000E-02	0.806E+00
562	30.000	0.12954E+00	0.12300E+00	0.70000E-02	-0.389E+00
563	50.000	0.14622E+00	0.14300E+00	0.70000E-02	-0.103E+01
564	70.000	0.16603E+00	0.16300E+00	0.80000E-02	-0.111E+01
565	90.000	0.18525E+00	0.17500E+00	0.80000E-02	-0.374E+00
566	110.000	0.20056E+00	0.18200E+00	0.80000E-02	0.527E+00
567	130.000	0.20975E+00	0.19200E+00	0.80000E-02	0.344E+00
568	150.000	0.21313E+00	0.18700E+00	0.80000E-02	0.136E+01
569	170.000	0.21345E+00	0.18700E+00	0.11000E-01	0.102E+01
570	10.000	0.12157E+00	0.12300E+00	0.19000E-01	-0.714E+00
571	30.000	0.13146E+00	0.11500E+00	0.90000E-02	0.372E+00
572	50.000	0.14843E+00	0.15000E+00	0.10000E-01	-0.164E+01
573	70.000	0.16856E+00	0.15700E+00	0.10000E-01	-0.525E+00
574	90.000	0.18806E+00	0.17000E+00	0.12000E-01	-0.576E-01
575	110.000	0.20356E+00	0.18500E+00	0.12000E-01	-0.145E+00
576	130.000	0.21281E+00	0.18300E+00	0.11000E-01	0.781E+00
577	150.000	0.21616E+00	0.16700E+00	0.11000E-01	0.251E+01
578	170.000	0.21644E+00	0.27100E+00	0.12400E+00	-0.614E+00
579	5.000	0.12981E+00	0.10900E+00	0.20000E-01	0.101E+01
580	15.000	0.13265E+00	0.11800E+00	0.12000E-01	0.117E+01
581	25.000	0.13809E+00	0.11200E+00	0.11000E-01	0.231E+01
582	35.000	0.14572E+00	0.12200E+00	0.10000E-01	0.231E+01
583	45.000	0.15503E+00	0.12600E+00	0.11000E-01	0.257E+01
584	55.000	0.16544E+00	0.16800E+00	0.12000E-01	-0.277E+00
585	65.000	0.17643E+00	0.18500E+00	0.12000E-01	-0.782E+00
586	75.000	0.18746E+00	0.20800E+00	0.12000E-01	-0.178E+01
587	85.000	0.19805E+00	0.19100E+00	0.12000E-01	0.511E+00
588	95.000	0.20773E+00	0.24000E+00	0.12000E-01	-0.277E+01
589	105.000	0.21605E+00	0.23200E+00	0.12000E-01	-0.141E+01
590	115.000	0.22272E+00	0.22100E+00	0.12000E-01	0.573E-01
591	125.000	0.22756E+00	0.22600E+00	0.13000E-01	0.389E-01
592	135.000	0.23063E+00	0.23500E+00	0.13000E-01	-0.418E+00
593	145.000	0.23222E+00	0.23800E+00	0.13000E-01	-0.528E+00
594	155.000	0.23275E+00	0.23300E+00	0.13000E-01	-0.102E+00
595	165.000	0.23273E+00	0.22300E+00	0.16000E-01	0.541E+00
596	175.000	0.23260E+00	0.22100E+00	0.25000E-01	0.421E+00
597	10.000	0.13296E+00	0.10400E+00	0.16000E-01	0.902E+00
598	30.000	0.14394E+00	0.11300E+00	0.10000E-01	0.152E+01
599	50.000	0.16274E+00	0.15400E+00	0.10000E-01	-0.905E+00
600	70.000	0.18497E+00	0.16600E+00	0.11000E-01	-0.114E+00
601	90.000	0.20638E+00	0.20000E+00	0.13000E-01	-0.124E+01
602	110.000	0.22320E+00	0.19800E+00	0.13000E-01	0.612E-01
603	130.000	0.23299E+00	0.20900E+00	0.12000E-01	-0.123E+00
604	150.000	0.23625E+00	0.19200E+00	0.12000E-01	0.154E+01
605	170.000	0.23628E+00	0.19300E+00	0.22000E-01	0.793E+00
606	10.000	0.13505E+00	0.12500E+00	0.10000E-01	0.279E+00
607	30.000	0.14623E+00	0.13400E+00	0.70000E-02	0.624E+00
608	50.000	0.16538E+00	0.16100E+00	0.80000E-02	-0.565E+00
609	70.000	0.18799E+00	0.18900E+00	0.90000E-02	-0.124E+01
610	90.000	0.20976E+00	0.19800E+00	0.90000E-02	0.523E-01
611	110.000	0.22682E+00	0.21300E+00	0.90000E-02	0.179E+00
612	130.000	0.23671E+00	0.22300E+00	0.90000E-02	0.108E+00
613	150.000	0.23995E+00	0.22300E+00	0.90000E-02	0.448E+00
614	170.000	0.23992E+00	0.21400E+00	0.12000E-01	0.108E+01
615	18.190	0.13956E+00	0.11370E+00	0.56000E-02	0.365E+01
616	31.790	0.14892E+00	0.13160E+00	0.58000E-02	0.199E+01
617	41.410	0.15778E+00	0.14240E+00	0.63000E-02	0.147E+01
618	49.460	0.16619E+00	0.15250E+00	0.63000E-02	0.115E+01
619	56.630	0.17418E+00	0.15690E+00	0.64000E-02	0.164E+01
620	63.260	0.18180E+00	0.17940E+00	0.66000E-02	-0.707E+00
621	69.510	0.18904E+00	0.18570E+00	0.64000E-02	-0.626E+00
622	75.520	0.19593E+00	0.19690E+00	0.66000E-02	-0.130E+01
623	81.370	0.20246E+00	0.20270E+00	0.63000E-02	-0.129E+01
624	87.130	0.20862E+00	0.20640E+00	0.64000E-02	-0.920E+00
625	92.870	0.21440E+00	0.22700E+00	0.64000E-02	-0.327E+01
626	98.630	0.21976E+00	0.22450E+00	0.61000E-02	-0.218E+01
627	104.480	0.22467E+00	0.22400E+00	0.61000E-02	-0.132E+01
628	110.490	0.22909E+00	0.21670E+00	0.58000E-02	0.601E+00
629	116.740	0.23296E+00	0.22570E+00	0.57000E-02	-0.315E+00
630	123.370	0.23624E+00	0.23110E+00	0.56000E-02	-0.721E+00
631	130.540	0.23886E+00	0.22520E+00	0.57000E-02	0.768E+00
632	138.590	0.24075E+00	0.22560E+00	0.57000E-02	0.102E+01
633	148.210	0.24183E+00	0.22360E+00	0.57000E-02	0.155E+01
634	161.810	0.24203E+00	0.22790E+00	0.58000E-02	0.814E+00
635	10.000	0.15210E+00	0.12200E+00	0.10000E-01	0.211E+01
636	30.000	0.16497E+00	0.14400E+00	0.70000E-02	0.160E+01
637	50.000	0.18694E+00	0.19200E+00	0.80000E-02	-0.202E+01
638	70.000	0.21278E+00	0.21200E+00	0.90000E-02	-0.131E+01
639	90.000	0.23747E+00	0.21200E+00	0.90000E-02	0.127E+01
640	110.000	0.25652E+00	0.25100E+00	0.10000E-01	-0.966E+00
641	130.000	0.26717E+00	0.24700E+00	0.90000E-02	0.484E+00
642	150.000	0.27018E+00	0.24900E+00	0.90000E-02	0.577E+00
643	170.000	0.26971E+00	0.25900E+00	0.13000E-01	-0.404E+00
644	10.000	0.15224E+00	0.14400E+00	0.28000E-01	0.290E+00
645	30.000	0.16512E+00	0.16100E+00	0.12000E-01	0.333E+00
646	50.000	0.18712E+00	0.20900E+00	0.13000E-01	-0.169E+01
647	70.000	0.21300E+00	0.23400E+00	0.14000E-01	-0.151E+01
648	90.000	0.23770E+00	0.23700E+00	0.14000E-01	0.368E-01
649	110.000	0.25678E+00	0.27200E+00	0.16000E-01	-0.964E+00
650	130.000	0.26743E+00	0.26300E+00	0.15000E-01	0.281E+00
651	150.000	0.27044E+00	0.25300E+00	0.14000E-01	0.123E+01
652	170.000	0.26997E+00	0.21100E+00	0.24000E-01	0.245E+01
653	5.000	0.15803E+00	0.19000E+00	0.22000E-01	-0.142E+01
654	15.000	0.16161E+00	0.11700E+00	0.13000E-01	0.348E+01
655	25.000	0.16848E+00	0.12300E+00	0.12000E-01	0.385E+01
656	35.000	0.17810E+00	0.15300E+00	0.12000E-01	0.215E+01
657	45.000	0.18979E+00	0.18100E+00	0.13000E-01	0.739E+00
658	55.000	0.20284E+00	0.17700E+00	0.14000E-01	0.191E+01
659	65.000	0.21656E+00	0.20500E+00	0.14000E-01	0.892E+00
660	75.000	0.23026E+00	0.24600E+00	0.13000E-01	-0.114E+01
661	85.000	0.24331E+00	0.24800E+00	0.13000E-01	-0.281E+00
662	95.000	0.25510E+00	0.27600E+00	0.13000E-01	-0.152E+01
663	105.000	0.26510E+00	0.29100E+00	0.13000E-01	-0.190E+01
664	115.000	0.27292E+00	0.27300E+00	0.14000E-01	0.779E-01
665	125.000	0.27838E+00	0.28900E+00	0.15000E-01	-0.628E+00
666	135.000	0.28159E+00	0.30200E+00	0.15000E-01	-0.128E+01
667	145.000	0.28296E+00	0.31400E+00	0.15000E-01	-0.199E+01
668	155.000	0.28309E+00	0.27600E+00	0.16000E-01	0.519E+00
669	165.000	0.28267E+00	0.29100E+00	0.18000E-01	-0.395E+00
670	175.000	0.28230E+00	0.32600E+00	0.30000E-01	-0.142E+01
671	10.000	0.16424E+00	0.13300E+00	0.25000E-01	0.454E+00
672	30.000	0.17834E+00	0.17000E+00	0.13000E-01	-0.102E+01
673	50.000	0.20238E+00	0.19100E+00	0.14000E-01	-0.939E+00
674	70.000	0.23059E+00	0.18800E+00	0.15000E-01	0.977E+00
675	90.000	0.25739E+00	0.21700E+00	0.16000E-01	0.575E+00
676	110.000	0.27787E+00	0.23800E+00	0.17000E-01	0.365E+00
677	130.000	0.28901E+00	0.24100E+00	0.16000E-01	0.812E+00
678	150.000	0.29181E+00	0.24600E+00	0.16000E-01	0.653E+00
679	170.000	0.29097E+00	0.25000E+00	0.34000E-01	0.168E+00
680	10.000	0.16825E+00	0.13600E+00	0.11000E-01	0.193E+01
681	30.000	0.18276E+00	0.17600E+00	0.80000E-02	-0.657E+00
682	50.000	0.20750E+00	0.20600E+00	0.90000E-02	-0.135E+01
683	70.000	0.23650E+00	0.23600E+00	0.90000E-02	-0.167E+01
684	90.000	0.26401E+00	0.25200E+00	0.11000E-01	-0.487E+00
685	110.000	0.28495E+00	0.25500E+00	0.11000E-01	0.102E+01
686	130.000	0.29625E+00	0.27100E+00	0.10000E-01	0.577E+00
687	150.000	0.29897E+00	0.25800E+00	0.10000E-01	0.213E+01
688	170.000	0.29800E+00	0.28400E+00	0.14000E-01	-0.400E+00
689	18.190	0.17477E+00	0.14540E+00	0.60000E-02	0.342E+01
690	31.790	0.18698E+00	0.16490E+00	0.66000E-02	0.191E+01
691	41.410	0.19851E+00	0.16770E+00	0.71000E-02	0.292E+01
692	49.460	0.20941E+00	0.19610E+00	0.70000E-02	0.388E+00
693	56.630	0.21975E+00	0.20000E+00	0.72000E-02	0.120E+01
694	63.260	0.22957E+00	0.21340E+00	0.73000E-02	0.624E+00
695	69.510	0.23887E+00	0.23020E+00	0.72000E-02	-0.475E+00
696	75.520	0.24767E+00	0.23530E+00	0.71000E-02	-0.225E-01
697	81.370	0.25598E+00	0.25270E+00	0.71000E-02	-0.136E+01
698	87.130	0.26377E+00	0.26420E+00	0.70000E-02	-0.197E+01
699	92.870	0.27102E+00	0.27160E+00	0.70000E-02	-0.204E+01
700	98.630	0.27769E+00	0.27650E+00	0.68000E-02	-0.189E+01
701	104.480	0.28372E+00	0.28340E+00	0.68000E-02	-0.207E+01
702	110.490	0.28906E+00	0.28130E+00	0.66000E-02	-0.104E+01
703	116.740	0.29364E+00	0.27530E+00	0.64000E-02	0.543E+00
704	123.370	0.29738E+00	0.28020E+00	0.64000E-02	0.334E+00
705	130.540	0.30021E+00	0.27790E+00	0.64000E-02	0.111E+01
706	138.590	0.30201E+00	0.28470E+00	0.66000E-02	0.307E+00
707	148.210	0.30270E+00	0.28690E+00	0.66000E-02	0.731E-01
708	161.810	0.30216E+00	0.28040E+00	0.65000E-02	0.996E+00
709	10.000	0.17665E+00	0.12200E+00	0.21000E-01	0.215E+01
710	30.000	0.19205E+00	0.17300E+00	0.14000E-01	0.620E+00
711	50.000	0.21826E+00	0.24400E+00	0.15000E-01	-0.250E+01
712	70.000	0.24894E+00	0.23700E+00	0.16000E-01	-0.932E-01
713	90.000	0.27794E+00	0.24700E+00	0.17000E-01	0.938E+00
714	110.000	0.29987E+00	0.30600E+00	0.18000E-01	-0.124E+01
715	130.000	0.31149E+00	0.27300E+00	0.17000E-01	0.128E+01
716	150.000	0.31400E+00	0.29200E+00	0.17000E-01	0.298E+00
717	170.000	0.31276E+00	0.28000E+00	0.43000E-01	0.369E+00
718	10.000	0.18494E+00	0.19000E+00	0.13000E-01	-0.122E+01
719	30.000	0.20120E+00	0.19200E+00	0.80000E-02	-0.326E+00
720	50.000	0.22888E+00	0.22300E+00	0.90000E-02	-0.839E+00
721	70.000	0.26122E+00	0.25300E+00	0.10000E-01	-0.711E+00
722	90.000	0.29170E+00	0.29100E+00	0.12000E-01	-0.137E+01
723	110.000	0.31459E+00	0.29800E+00	0.12000E-01	-0.157E+00
724	130.000	0.32650E+00	0.29200E+00	0.11000E-01	0.139E+01
725	150.000	0.32880E+00	0.28100E+00	0.10000E-01	0.285E+01
726	170.000	0.32726E+00	0.31400E+00	0.15000E-01	-0.397E+00
727	10.000	0.18913E+00	0.14700E+00	0.29000E-01	0.783E+00
728	30.000	0.20585E+00	0.16300E+00	0.13000E-01	0.167E+01
729	50.000	0.23428E+00	0.22300E+00	0.15000E-01	-0.852E+00
730	70.000	0.26747E+00	0.27000E+00	0.16000E-01	-0.188E+01
731	90.000	0.29869E+00	0.28100E+00	0.18000E-01	-0.722E+00
732	110.000	0.32206E+00	0.28700E+00	0.18000E-01	0.110E+00
733	130.000	0.33412E+00	0.28200E+00	0.17000E-01	0.105E+01
734	150.000	0.33630E+00	0.28200E+00	0.17000E-01	0.116E+01
735	170.000	0.33461E+00	0.24200E+00	0.49000E-01	0.119E+01
736	5.000	0.18793E+00	0.13900E+00	0.20000E-01	0.244E+01
737	15.000	0.19235E+00	0.15800E+00	0.14000E-01	0.244E+01
738	25.000	0.20082E+00	0.17600E+00	0.13000E-01	0.189E+01
739	35.000	0.21266E+00	0.21700E+00	0.13000E-01	-0.352E+00
740	45.000	0.22703E+00	0.19700E+00	0.14000E-01	0.213E+01
741	55.000	0.24303E+00	0.23000E+00	0.15000E-01	0.850E+00
742	65.000	0.25978E+00	0.26500E+00	0.15000E-01	-0.368E+00
743	75.000	0.27643E+00	0.27800E+00	0.14000E-01	-0.135E+00
744	85.000	0.29218E+00	0.29900E+00	0.14000E-01	-0.511E+00
745	95.000	0.30627E+00	0.32300E+00	0.14000E-01	-0.122E+01
746	105.000	0.31804E+00	0.31700E+00	0.15000E-01	0.450E-01
747	115.000	0.32703E+00	0.33600E+00	0.16000E-01	-0.584E+00
748	125.000	0.33304E+00	0.38500E+00	0.16000E-01	-0.327E+01
749	135.000	0.33626E+00	0.35800E+00	0.16000E-01	-0.138E+01
750	145.000	0.33724E+00	0.32800E+00	0.16000E-01	0.553E+00
751	155.000	0.33680E+00	0.33600E+00	0.17000E-01	0.244E-01
752	165.000	0.33585E+00	0.33300E+00	0.19000E-01	0.130E+00
753	175.000	0.33515E+00	0.29900E+00	0.30000E-01	0.119E+01
754	10.000	0.20241E+00	0.17000E+00	0.24000E-01	0.109E+01
755	30.000	0.22056E+00	0.18900E+00	0.14000E-01	0.177E+01
756	50.000	0.25138E+00	0.26500E+00	0.17000E-01	-0.125E+01
757	70.000	0.28728E+00	0.30500E+00	0.19000E-01	-0.139E+01
758	90.000	0.32089E+00	0.32900E+00	0.20000E-01	-0.894E+00
759	110.000	0.34579E+00	0.33000E+00	0.19000E-01	0.277E+00
760	130.000	0.35825E+00	0.32700E+00	0.20000E-01	0.102E+01
761	150.000	0.36003E+00	0.35400E+00	0.19000E-01	-0.260E+00
762	170.000	0.35782E+00	0.32600E+00	0.33000E-01	0.634E+00
763	10.000	0.20385E+00	0.17500E+00	0.12000E-01	0.153E+01
764	30.000	0.22216E+00	0.21300E+00	0.90000E-02	-0.258E+00
765	50.000	0.25325E+00	0.26300E+00	0.10000E-01	-0.228E+01
766	70.000	0.28944E+00	0.29400E+00	0.12000E-01	-0.163E+01
767	90.000	0.32331E+00	0.29100E+00	0.12000E-01	0.130E+01
768	110.000	0.34837E+00	0.32900E+00	0.13000E-01	0.106E+00
769	130.000	0.36089E+00	0.34000E+00	0.12000E-01	0.187E+00
770	150.000	0.36262E+00	0.31800E+00	0.11000E-01	0.235E+01
771	170.000	0.36035E+00	0.35800E+00	0.16000E-01	-0.102E+01
772	18.190	0.21234E+00	0.17750E+00	0.66000E-02	0.349E+01
773	31.790	0.22778E+00	0.18670E+00	0.71000E-02	0.400E+01
774	41.410	0.24231E+00	0.21700E+00	0.75000E-02	0.158E+01
775	49.460	0.25603E+00	0.22620E+00	0.76000E-02	0.205E+01
776	56.630	0.26899E+00	0.25750E+00	0.78000E-02	-0.444E+00
777	63.260	0.28128E+00	0.26050E+00	0.77000E-02	0.667E+00
778	69.510	0.29287E+00	0.29830E+00	0.79000E-02	-0.275E+01
779	75.520	0.30381E+00	0.28510E+00	0.79000E-02	0.229E+00
780	81.370	0.31408E+00	0.30770E+00	0.78000E-02	-0.142E+01
781	87.130	0.32365E+00	0.32530E+00	0.78000E-02	-0.252E+01
782	92.870	0.33250E+00	0.33340E+00	0.77000E-02	-0.252E+01
783	98.630	0.34055E+00	0.33380E+00	0.77000E-02	-0.158E+01
784	104.480	0.34775E+00	0.33670E+00	0.76000E-02	-0.109E+01
785	110.490	0.35403E+00	0.34080E+00	0.74000E-02	-0.873E+00
786	116.740	0.35928E+00	0.33250E+00	0.72000E-02	0.944E+00
787	123.370	0.36342E+00	0.32990E+00	0.70000E-02	0.190E+01
788	130.540	0.36632E+00	0.33920E+00	0.73000E-02	0.924E+00
789	138.590	0.36787E+00	0.33820E+00	0.72000E-02	0.128E+01
790	148.210	0.36793E+00	0.35610E+00	0.74000E-02	-0.117E+01
791	161.810	0.36635E+00	0.34730E+00	0.73000E-02	-0.181E+00
792	62.000	0.28398E+00	0.43000E+00	0.70000E-01	-0.143E+01
793	78.500	0.31473E+00	0.48000E+00	0.70000E-01	-0.163E+01
794	90.000	0.33415E+00	0.57000E+00	0.80000E-01	-0.227E+01
795	101.500	0.35047E+00	0.64000E+00	0.80000E-01	-0.291E+01
796	113.600	0.36324E+00	0.55000E+00	0.80000E-01	-0.160E+01
797	126.900	0.37154E+00	0.64000E+00	0.90000E-01	-0.231E+01
798	146.100	0.37444E+00	0.65000E+00	0.10000E+00	-0.215E+01
799	10.000	0.21551E+00	0.21000E+00	0.34000E-01	-0.205E+00
800	30.000	0.23510E+00	0.18400E+00	0.15000E-01	0.250E+01
801	50.000	0.26834E+00	0.27500E+00	0.18000E-01	-0.123E+01
802	70.000	0.30695E+00	0.30600E+00	0.20000E-01	-0.842E+00
803	90.000	0.34293E+00	0.33100E+00	0.20000E-01	-0.397E+00
804	110.000	0.36933E+00	0.36500E+00	0.21000E-01	-0.813E+00
805	130.000	0.38216E+00	0.37300E+00	0.21000E-01	-0.619E+00
806	150.000	0.38348E+00	0.34100E+00	0.19000E-01	0.107E+01
807	170.000	0.38071E+00	0.27700E+00	0.39000E-01	0.209E+01
808	5.000	0.21972E+00	0.20800E+00	0.23000E-01	0.476E+00
809	15.000	0.22508E+00	0.18300E+00	0.15000E-01	0.275E+01
810	25.000	0.23533E+00	0.19500E+00	0.13000E-01	0.304E+01
811	35.000	0.24964E+00	0.21700E+00	0.14000E-01	0.227E+01
812	45.000	0.26698E+00	0.23100E+00	0.15000E-01	0.234E+01
813	55.000	0.28624E+00	0.26700E+00	0.16000E-01	0.114E+01
814	65.000	0.30633E+00	0.28100E+00	0.16000E-01	0.152E+01
815	75.000	0.32621E+00	0.33400E+00	0.15000E-01	-0.594E+00
816	85.000	0.34489E+00	0.34800E+00	0.15000E-01	-0.287E+00
817	95.000	0.36144E+00	0.39200E+00	0.15000E-01	-0.212E+01
818	105.000	0.37507E+00	0.39800E+00	0.16000E-01	-0.151E+01
819	115.000	0.38520E+00	0.41600E+00	0.16000E-01	-0.201E+01
820	125.000	0.39166E+00	0.37600E+00	0.17000E-01	0.842E+00
821	135.000	0.39473E+00	0.42100E+00	0.17000E-01	-0.163E+01
822	145.000	0.39513E+00	0.40000E+00	0.17000E-01	-0.367E+00
823	155.000	0.39393E+00	0.43900E+00	0.18000E-01	-0.258E+01
824	165.000	0.39229E+00	0.41200E+00	0.21000E-01	-0.100E+01
825	175.000	0.39118E+00	0.31200E+00	0.33000E-01	0.236E+01
826	10.000	0.22905E+00	0.16000E+00	0.24000E-01	0.204E+01
827	30.000	0.25017E+00	0.22100E+00	0.16000E-01	0.457E+00
828	50.000	0.28595E+00	0.28800E+00	0.20000E-01	-0.135E+01
829	70.000	0.32741E+00	0.33900E+00	0.22000E-01	-0.183E+01
830	90.000	0.36588E+00	0.31300E+00	0.21000E-01	0.996E+00
831	110.000	0.39381E+00	0.35600E+00	0.23000E-01	0.148E+00
832	130.000	0.40698E+00	0.38400E+00	0.23000E-01	-0.546E+00
833	150.000	0.40776E+00	0.35600E+00	0.21000E-01	0.769E+00
834	170.000	0.40438E+00	0.29400E+00	0.40000E-01	0.188E+01
835	10.000	0.24289E+00	0.20800E+00	0.29000E-01	0.682E+00
836	30.000	0.26560E+00	0.24300E+00	0.18000E-01	0.338E+00
837	50.000	0.30403E+00	0.30500E+00	0.21000E-01	-0.946E+00
838	70.000	0.34846E+00	0.32800E+00	0.22000E-01	-0.547E-01
839	90.000	0.38949E+00	0.37300E+00	0.23000E-01	-0.336E+00
840	110.000	0.41897E+00	0.40000E+00	0.24000E-01	-0.295E+00
841	130.000	0.43243E+00	0.38300E+00	0.24000E-01	0.939E+00
842	150.000	0.43259E+00	0.39500E+00	0.22000E-01	0.486E+00
843	170.000	0.42854E+00	0.37000E+00	0.50000E-01	0.638E+00
844	18.190	0.25326E+00	0.21010E+00	0.69000E-02	0.397E+01
845	31.790	0.27241E+00	0.24850E+00	0.77000E-02	0.901E+00
846	41.410	0.29039E+00	0.25690E+00	0.83000E-02	0.186E+01
847	49.460	0.30733E+00	0.28150E+00	0.82000E-02	0.815E+00
848	56.630	0.32329E+00	0.29650E+00	0.85000E-02	0.783E+00
849	63.260	0.33838E+00	0.31300E+00	0.86000E-02	0.501E+00
850	69.510	0.35257E+00	0.35590E+00	0.86000E-02	-0.294E+01
851	75.520	0.36591E+00	0.35240E+00	0.88000E-02	-0.105E+01
852	81.370	0.37837E+00	0.38110E+00	0.86000E-02	-0.306E+01
853	87.130	0.38992E+00	0.37730E+00	0.84000E-02	-0.139E+01
854	92.870	0.40052E+00	0.38360E+00	0.85000E-02	-0.945E+00
855	98.630	0.41007E+00	0.39540E+00	0.85000E-02	-0.128E+01
856	104.480	0.41851E+00	0.40680E+00	0.83000E-02	-0.173E+01
857	110.490	0.42573E+00	0.40440E+00	0.83000E-02	-0.624E+00
858	116.740	0.43162E+00	0.39880E+00	0.81000E-02	0.733E+00
859	123.370	0.43605E+00	0.39510E+00	0.79000E-02	0.175E+01
860	130.540	0.43887E+00	0.40170E+00	0.81000E-02	0.121E+01
861	138.590	0.43993E+00	0.41400E+00	0.82000E-02	-0.180E+00
862	148.210	0.43905E+00	0.39920E+00	0.80000E-02	0.156E+01
863	161.810	0.43607E+00	0.40460E+00	0.82000E-02	0.525E+00
864	10.000	0.25199E+00	0.22700E+00	0.36000E-01	0.267E+00
865	30.000	0.27577E+00	0.26800E+00	0.18000E-01	-0.503E+00
866	50.000	0.31596E+00	0.31300E+00	0.21000E-01	-0.777E+00
867	70.000	0.36236E+00	0.36100E+00	0.23000E-01	-0.902E+00
868	90.000	0.40508E+00	0.36000E+00	0.23000E-01	0.886E+00
869	110.000	0.43558E+00	0.42300E+00	0.24000E-01	-0.583E+00
870	130.000	0.44920E+00	0.39800E+00	0.24000E-01	0.992E+00
871	150.000	0.44892E+00	0.39800E+00	0.22000E-01	0.107E+01
872	170.000	0.44440E+00	0.39600E+00	0.54000E-01	0.394E+00
873	5.000	0.25150E+00	0.23200E+00	0.23000E-01	0.894E+00
874	15.000	0.25784E+00	0.21700E+00	0.15000E-01	0.279E+01
875	25.000	0.26997E+00	0.18200E+00	0.14000E-01	0.636E+01
876	35.000	0.28688E+00	0.29100E+00	0.15000E-01	-0.195E+00
877	45.000	0.30733E+00	0.29900E+00	0.16000E-01	0.601E+00
878	55.000	0.32999E+00	0.32500E+00	0.17000E-01	0.375E+00
879	65.000	0.35355E+00	0.34700E+00	0.17000E-01	0.473E+00
880	75.000	0.37677E+00	0.37700E+00	0.16000E-01	0.846E-01
881	85.000	0.39845E+00	0.40600E+00	0.16000E-01	-0.367E+00
882	95.000	0.41748E+00	0.43000E+00	0.16000E-01	-0.673E+00
883	105.000	0.43291E+00	0.43100E+00	0.16000E-01	0.233E+00
884	115.000	0.44411E+00	0.45400E+00	0.18000E-01	-0.446E+00
885	125.000	0.45089E+00	0.48900E+00	0.18000E-01	-0.201E+01
886	135.000	0.45363E+00	0.45500E+00	0.18000E-01	0.298E-01
887	145.000	0.45327E+00	0.47500E+00	0.19000E-01	-0.104E+01
888	155.000	0.45114E+00	0.47200E+00	0.19000E-01	-0.998E+00
889	165.000	0.44868E+00	0.55600E+00	0.23000E-01	-0.458E+01
890	175.000	0.44710E+00	0.43000E+00	0.35000E-01	0.542E+00
891	10.000	0.26613E+00	0.20700E+00	0.25000E-01	0.184E+01
892	30.000	0.29159E+00	0.25100E+00	0.17000E-01	0.155E+01
893	50.000	0.33457E+00	0.33800E+00	0.21000E-01	-0.944E+00
894	70.000	0.38407E+00	0.42900E+00	0.24000E-01	-0.266E+01
895	90.000	0.42945E+00	0.41800E+00	0.23000E-01	-0.417E+00
896	110.000	0.46151E+00	0.41300E+00	0.24000E-01	0.108E+01
897	130.000	0.47534E+00	0.50700E+00	0.26000E-01	-0.211E+01
898	150.000	0.47431E+00	0.40700E+00	0.22000E-01	0.200E+01
899	170.000	0.46904E+00	0.39800E+00	0.55000E-01	0.874E+00
900	10.000	0.28094E+00	0.24500E+00	0.33000E-01	0.362E+00
901	30.000	0.30819E+00	0.27900E+00	0.18000E-01	0.159E+00
902	50.000	0.35413E+00	0.34000E+00	0.22000E-01	-0.733E+00
903	70.000	0.40693E+00	0.39700E+00	0.24000E-01	-0.103E+01
904	90.000	0.45511E+00	0.41000E+00	0.23000E-01	0.271E+00
905	110.000	0.48877E+00	0.43700E+00	0.24000E-01	0.417E+00
906	130.000	0.50276E+00	0.44400E+00	0.25000E-01	0.632E+00
907	150.000	0.50089E+00	0.44100E+00	0.23000E-01	0.743E+00
908	170.000	0.49477E+00	0.41400E+00	0.65000E-01	0.592E+00
909	18.190	0.29667E+00	0.24780E+00	0.74000E-02	0.421E+01
910	31.790	0.31996E+00	0.26360E+00	0.85000E-02	0.438E+01
911	41.410	0.34179E+00	0.30490E+00	0.89000E-02	0.185E+01
912	49.460	0.36231E+00	0.33410E+00	0.92000E-02	0.710E+00
913	56.630	0.38161E+00	0.36350E+00	0.94000E-02	-0.502E+00
914	63.260	0.39980E+00	0.37860E+00	0.96000E-02	-0.283E+00
915	69.510	0.41685E+00	0.41210E+00	0.95000E-02	-0.213E+01
916	75.520	0.43281E+00	0.43170E+00	0.96000E-02	-0.258E+01
917	81.370	0.44766E+00	0.44330E+00	0.96000E-02	-0.234E+01
918	87.130	0.46133E+00	0.45770E+00	0.95000E-02	-0.252E+01
919	92.870	0.47380E+00	0.46350E+00	0.95000E-02	-0.190E+01
920	98.630	0.48492E+00	0.47530E+00	0.93000E-02	-0.208E+01
921	104.480	0.49462E+00	0.47280E+00	0.92000E-02	-0.845E+00
922	110.490	0.50276E+00	0.48400E+00	0.93000E-02	-0.122E+01
923	116.740	0.50920E+00	0.48070E+00	0.92000E-02	-0.213E+00
924	123.370	0.51379E+00	0.47240E+00	0.89000E-02	0.120E+01
925	130.540	0.51633E+00	0.47490E+00	0.90000E-02	0.117E+01
926	138.590	0.51663E+00	0.47420E+00	0.90000E-02	0.128E+01
927	148.210	0.51449E+00	0.47180E+00	0.91000E-02	0.131E+01
928	161.810	0.50968E+00	0.46080E+00	0.88000E-02	0.209E+01
929	10.000	0.29608E+00	0.17600E+00	0.24000E-01	0.389E+01
930	30.000	0.32519E+00	0.28300E+00	0.19000E-01	0.677E+00
931	50.000	0.37421E+00	0.36600E+00	0.24000E-01	-0.106E+01
932	70.000	0.43042E+00	0.46000E+00	0.27000E-01	-0.253E+01
933	90.000	0.48148E+00	0.43400E+00	0.26000E-01	0.156E+00
934	110.000	0.51677E+00	0.49400E+00	0.27000E-01	-0.883E+00
935	130.000	0.53086E+00	0.46200E+00	0.28000E-01	0.749E+00
936	150.000	0.52804E+00	0.45300E+00	0.25000E-01	0.110E+01
937	170.000	0.52100E+00	0.48600E+00	0.82000E-01	-0.146E+00
938	10.000	0.31117E+00	0.27800E+00	0.69000E-01	0.131E+00
939	30.000	0.34216E+00	0.27800E+00	0.20000E-01	0.188E+01
940	50.000	0.39429E+00	0.41900E+00	0.26000E-01	-0.213E+01
941	70.000	0.45394E+00	0.44000E+00	0.28000E-01	-0.761E+00
942	90.000	0.50789E+00	0.49000E+00	0.28000E-01	-0.769E+00
943	110.000	0.54478E+00	0.51500E+00	0.30000E-01	-0.417E+00
944	130.000	0.55891E+00	0.47600E+00	0.30000E-01	0.132E+01
945	150.000	0.55508E+00	0.49500E+00	0.28000E-01	0.607E+00
946	170.000	0.54707E+00	0.42400E+00	0.49000E-01	0.164E+01
947	10.000	0.32636E+00	0.23200E+00	0.35000E-01	0.182E+01
948	30.000	0.35928E+00	0.29400E+00	0.20000E-01	0.157E+01
949	50.000	0.41459E+00	0.43400E+00	0.26000E-01	-0.225E+01
950	70.000	0.47776E+00	0.44400E+00	0.28000E-01	-0.399E+00
951	90.000	0.53463E+00	0.52500E+00	0.29000E-01	-0.140E+01
952	110.000	0.57311E+00	0.46400E+00	0.28000E-01	0.197E+01
953	130.000	0.58721E+00	0.53200E+00	0.30000E-01	-0.115E-03
954	150.000	0.58229E+00	0.51500E+00	0.28000E-01	0.448E+00
955	170.000	0.57326E+00	0.52400E+00	0.87000E-01	-0.534E-01
956	18.190	0.34308E+00	0.27040E+00	0.85000E-02	0.643E+01
957	31.790	0.37102E+00	0.30960E+00	0.92000E-02	0.456E+01
958	41.410	0.39714E+00	0.36140E+00	0.99000E-02	0.151E+01
959	49.460	0.42166E+00	0.37880E+00	0.10100E-01	0.205E+01
960	56.630	0.44466E+00	0.42620E+00	0.10600E-01	-0.460E+00
961	63.260	0.46629E+00	0.44350E+00	0.10600E-01	-0.159E+00
962	69.510	0.48649E+00	0.47060E+00	0.10900E-01	-0.884E+00
963	75.520	0.50535E+00	0.49860E+00	0.10700E-01	-0.185E+01
964	81.370	0.52279E+00	0.52080E+00	0.10700E-01	-0.238E+01
965	87.130	0.53877E+00	0.54570E+00	0.10800E-01	-0.326E+01
966	92.870	0.55323E+00	0.56050E+00	0.10700E-01	-0.339E+01
967	98.630	0.56600E+00	0.56070E+00	0.10600E-01	-0.230E+01
968	104.480	0.57697E+00	0.56780E+00	0.10600E-01	-0.199E+01
969	110.490	0.58600E+00	0.57290E+00	0.10600E-01	-0.167E+01
970	116.740	0.59289E+00	0.56300E+00	0.10400E-01	-0.118E+00
971	123.370	0.59746E+00	0.55500E+00	0.10400E-01	0.107E+01
972	130.540	0.59948E+00	0.56010E+00	0.10300E-01	0.769E+00
973	138.590	0.59872E+00	0.54440E+00	0.10200E-01	0.224E+01
974	148.210	0.59492E+00	0.54790E+00	0.10200E-01	0.155E+01
975	161.810	0.58781E+00	0.54770E+00	0.10200E-01	0.908E+00
976	10.000	0.34185E+00	0.23600E+00	0.32000E-01	0.181E+01
977	30.000	0.37677E+00	0.29400E+00	0.21000E-01	0.143E+01
978	50.000	0.43537E+00	0.38800E+00	0.27000E-01	-0.503E+00
979	70.000	0.50217E+00	0.47300E+00	0.30000E-01	-0.137E+01
980	90.000	0.56204E+00	0.52500E+00	0.30000E-01	-0.139E+01
981	110.000	0.60211E+00	0.51000E+00	0.30000E-01	0.261E+00
982	130.000	0.61613E+00	0.50500E+00	0.31000E-01	0.802E+00
983	150.000	0.61001E+00	0.51600E+00	0.29000E-01	0.297E+00
984	170.000	0.59988E+00	0.41400E+00	0.51000E-01	0.200E+01
985	10.000	0.35804E+00	0.26300E+00	0.56000E-01	0.942E+00
986	30.000	0.39508E+00	0.35700E+00	0.22000E-01	-0.391E+00
987	50.000	0.45718E+00	0.42800E+00	0.27000E-01	-0.920E+00
988	70.000	0.52780E+00	0.47700E+00	0.29000E-01	-0.399E+00
989	90.000	0.59083E+00	0.55400E+00	0.30000E-01	-0.110E+01
990	110.000	0.63254E+00	0.53500E+00	0.30000E-01	0.760E+00
991	130.000	0.64639E+00	0.59000E+00	0.32000E-01	-0.625E+00
992	150.000	0.63893E+00	0.48000E+00	0.28000E-01	0.298E+01
993	170.000	0.62761E+00	0.48100E+00	0.81000E-01	0.894E+00
994	10.000	0.37434E+00	0.28500E+00	0.59000E-01	0.508E+00
995	30.000	0.41355E+00	0.32600E+00	0.21000E-01	0.104E+01
996	50.000	0.47922E+00	0.40600E+00	0.27000E-01	-0.104E+00
997	70.000	0.55375E+00	0.47400E+00	0.29000E-01	-0.280E+00
998	90.000	0.61998E+00	0.51300E+00	0.29000E-01	0.297E+00
999	110.000	0.66330E+00	0.53600E+00	0.30000E-01	0.735E+00
1000	130.000	0.67691E+00	0.57200E+00	0.31000E-01	-0.803E-01
1001	150.000	0.66803E+00	0.56000E+00	0.29000E-01	0.703E-01
1002	170.000	0.65544E+00	0.52400E+00	0.60000E-01	0.457E+00
1003	18.190	0.39083E+00	0.31060E+00	0.88000E-02	0.643E+01
1004	31.790	0.42376E+00	0.34470E+00	0.99000E-02	0.539E+01
1005	41.410	0.45451E+00	0.40010E+00	0.10700E-01	0.251E+01
1006	49.460	0.48330E+00	0.42790E+00	0.10900E-01	0.240E+01
1007	56.630	0.51026E+00	0.47670E+00	0.11100E-01	0.239E+00
1008	63.260	0.53554E+00	0.51680E+00	0.11200E-01	-0.122E+01
1009	69.510	0.55909E+00	0.54800E+00	0.11500E-01	-0.198E+01
1010	75.520	0.58099E+00	0.57460E+00	0.11500E-01	-0.250E+01
1011	81.370	0.60115E+00	0.59600E+00	0.11600E-01	-0.269E+01
1012	87.130	0.61953E+00	0.61580E+00	0.11400E-01	-0.296E+01
1013	92.870	0.63601E+00	0.62420E+00	0.11500E-01	-0.232E+01
1014	98.630	0.65043E+00	0.64370E+00	0.11600E-01	-0.282E+01
1015	104.480	0.66265E+00	0.64900E+00	0.11600E-01	-0.228E+01
1016	110.490	0.67247E+00	0.65490E+00	0.11700E-01	-0.198E+01
1017	116.740	0.67968E+00	0.64000E+00	0.11400E-01	-0.131E+00
1018	123.370	0.68404E+00	0.62960E+00	0.11200E-01	0.116E+01
1019	130.540	0.68529E+00	0.63030E+00	0.11200E-01	0.120E+01
1020	138.590	0.68315E+00	0.62980E+00	0.11200E-01	0.107E+01
1021	148.210	0.67732E+00	0.61820E+00	0.11100E-01	0.163E+01
1022	161.810	0.66749E+00	0.60740E+00	0.11000E-01	0.179E+01
1023	10.000	0.39054E+00	0.32300E+00	0.41000E-01	0.102E+01
1024	30.000	0.43195E+00	0.35200E+00	0.24000E-01	0.215E+01
1025	50.000	0.50122E+00	0.50200E+00	0.32000E-01	-0.105E+01
1026	70.000	0.57967E+00	0.59300E+00	0.36000E-01	-0.143E+01
1027	90.000	0.64908E+00	0.59900E+00	0.34000E-01	0.220E+00
1028	110.000	0.69398E+00	0.61400E+00	0.37000E-01	0.930E+00
1029	130.000	0.70728E+00	0.69200E+00	0.40000E-01	-0.779E+00
1030	150.000	0.69690E+00	0.65400E+00	0.35000E-01	-0.811E-01
1031	170.000	0.68300E+00	0.58500E+00	0.11000E+00	0.483E+00
1032	10.000	0.40751E+00	0.36200E+00	0.45000E-01	0.585E+00
1033	30.000	0.45125E+00	0.36900E+00	0.24000E-01	0.254E+01
1034	50.000	0.52432E+00	0.47300E+00	0.31000E-01	0.858E+00
1035	70.000	0.60691E+00	0.61900E+00	0.36000E-01	-0.113E+01
1036	90.000	0.67964E+00	0.72600E+00	0.35000E-01	-0.224E+01
1037	110.000	0.72614E+00	0.65500E+00	0.36000E-01	0.103E+01
1038	130.000	0.73904E+00	0.74300E+00	0.40000E-01	-0.970E+00
1039	150.000	0.72700E+00	0.67500E+00	0.35000E-01	0.507E+00
1040	170.000	0.71168E+00	0.10310E+01	0.21900E+00	-0.161E+01
1041	10.000	0.42458E+00	0.38200E+00	0.45000E-01	0.290E+00
1042	30.000	0.47071E+00	0.38500E+00	0.25000E-01	0.212E+01
1043	50.000	0.54767E+00	0.59600E+00	0.34000E-01	-0.254E+01
1044	70.000	0.63445E+00	0.56700E+00	0.36000E-01	0.648E+00
1045	90.000	0.71054E+00	0.68600E+00	0.36000E-01	-0.691E+00
1046	110.000	0.75860E+00	0.67600E+00	0.38000E-01	0.785E+00
1047	130.000	0.77102E+00	0.71900E+00	0.41000E-01	-0.392E-01
1048	150.000	0.75723E+00	0.69700E+00	0.36000E-01	0.210E+00
1049	170.000	0.74041E+00	0.67700E+00	0.13400E+00	0.889E-01
1050	18.190	0.44437E+00	0.35510E+00	0.95000E-02	0.670E+01
1051	31.790	0.48315E+00	0.41460E+00	0.10600E-01	0.384E+01
1052	41.410	0.51927E+00	0.45880E+00	0.11500E-01	0.265E+01
1053	49.460	0.55303E+00	0.50810E+00	0.11800E-01	0.110E+01
1054	56.630	0.58456E+00	0.54020E+00	0.12100E-01	0.877E+00
1055	63.260	0.61405E+00	0.58910E+00	0.12300E-01	-0.854E+00
1056	69.510	0.64143E+00	0.63750E+00	0.12500E-01	-0.265E+01
1057	75.520	0.66679E+00	0.65320E+00	0.12600E-01	-0.198E+01
1058	81.370	0.69003E+00	0.69000E+00	0.12800E-01	-0.311E+01
1059	87.130	0.71107E+00	0.70600E+00	0.12700E-01	-0.283E+01
1060	92.870	0.72979E+00	0.72110E+00	0.12700E-01	-0.263E+01
1061	98.630	0.74598E+00	0.74110E+00	0.13000E-01	-0.294E+01
1062	104.480	0.75947E+00	0.74700E+00	0.12800E-01	-0.245E+01
1063	110.490	0.77003E+00	0.74670E+00	0.12800E-01	-0.165E+01
1064	116.740	0.77740E+00	0.74220E+00	0.12700E-01	-0.763E+00
1065	123.370	0.78130E+00	0.72400E+00	0.12400E-01	0.983E+00
1066	130.540	0.78142E+00	0.70770E+00	0.12200E-01	0.234E+01
1067	138.590	0.77742E+00	0.71850E+00	0.12400E-01	0.113E+01
1068	148.210	0.76896E+00	0.70330E+00	0.12200E-01	0.174E+01
1069	161.810	0.75566E+00	0.68110E+00	0.12000E-01	0.258E+01
1070	10.000	0.44220E+00	0.36800E+00	0.42000E-01	0.951E+00
1071	30.000	0.49083E+00	0.44000E+00	0.26000E-01	0.492E+00
1072	50.000	0.57185E+00	0.53900E+00	0.34000E-01	-0.337E+00
1073	70.000	0.66301E+00	0.66700E+00	0.39000E-01	-0.142E+01
1074	90.000	0.74255E+00	0.66400E+00	0.37000E-01	0.568E+00
1075	110.000	0.79218E+00	0.69600E+00	0.39000E-01	0.892E+00
1076	130.000	0.80402E+00	0.72200E+00	0.42000E-01	0.469E+00
1077	150.000	0.78834E+00	0.73300E+00	0.38000E-01	-0.151E+00
1078	170.000	0.76991E+00	0.86000E+00	0.18600E+00	-0.805E+00
1079	10.000	0.45995E+00	0.34500E+00	0.40000E-01	0.151E+01
1080	30.000	0.51112E+00	0.41300E+00	0.27000E-01	0.138E+01
1081	50.000	0.59629E+00	0.51400E+00	0.34000E-01	0.333E+00
1082	70.000	0.69188E+00	0.64200E+00	0.40000E-01	-0.811E+00
1083	90.000	0.77491E+00	0.64900E+00	0.37000E-01	0.911E+00
1084	110.000	0.82608E+00	0.76000E+00	0.41000E-01	-0.786E+00
1085	130.000	0.83725E+00	0.73900E+00	0.43000E-01	-0.323E-01
1086	150.000	0.81956E+00	0.73100E+00	0.39000E-01	-0.230E+00
1087	170.000	0.79946E+00	0.70400E+00	0.11200E+00	0.290E-02
1088	10.000	0.47802E+00	0.37800E+00	0.47000E-01	0.122E+01
1089	30.000	0.53184E+00	0.47100E+00	0.26000E-01	0.515E+00
1090	50.000	0.62128E+00	0.58000E+00	0.34000E-01	-0.416E+00
1091	70.000	0.72142E+00	0.72500E+00	0.38000E-01	-0.179E+01
1092	90.000	0.80800E+00	0.75400E+00	0.37000E-01	-0.489E+00
1093	110.000	0.86069E+00	0.79400E+00	0.39000E-01	-0.259E+00
1094	130.000	0.87110E+00	0.73600E+00	0.42000E-01	0.137E+01
1095	150.000	0.85128E+00	0.73300E+00	0.37000E-01	0.114E+01
1096	170.000	0.82941E+00	0.72500E+00	0.70000E-01	0.434E+00
1097	53.100	0.64292E+00	0.60000E+00	0.90000E-01	0.144E+01
1098	66.400	0.71065E+00	0.97000E+00	0.11000E+00	-0.148E+01
1099	78.500	0.76873E+00	0.95000E+00	0.11000E+00	-0.701E+00
1100	90.000	0.81597E+00	0.10500E+01	0.12000E+00	-0.103E+01
1101	101.500	0.85162E+00	0.12400E+01	0.13000E+00	-0.210E+01
1102	113.600	0.87396E+00	0.12200E+01	0.13000E+00	-0.175E+01
1103	126.900	0.88021E+00	0.12500E+01	0.14000E+00	-0.179E+01
1104	146.100	0.86399E+00	0.10300E+01	0.14000E+00	-0.350E+00
1105	18.190	0.49930E+00	0.38880E+00	0.10200E-01	0.761E+01
1106	31.790	0.54434E+00	0.47680E+00	0.11600E-01	0.274E+01
1107	41.410	0.58620E+00	0.51810E+00	0.12500E-01	0.236E+01
1108	49.460	0.62522E+00	0.56330E+00	0.12800E-01	0.163E+01
1109	56.630	0.66158E+00	0.62350E+00	0.13200E-01	-0.410E+00
1110	63.260	0.69549E+00	0.65840E+00	0.13500E-01	-0.640E+00
1111	69.510	0.72687E+00	0.71170E+00	0.13500E-01	-0.242E+01
1112	75.520	0.75582E+00	0.74560E+00	0.13800E-01	-0.286E+01
1113	81.370	0.78222E+00	0.75530E+00	0.13800E-01	-0.178E+01
1114	87.130	0.80596E+00	0.80520E+00	0.14200E-01	-0.368E+01
1115	92.870	0.82692E+00	0.80580E+00	0.14000E-01	-0.237E+01
1116	98.630	0.84484E+00	0.84150E+00	0.14300E-01	-0.365E+01
1117	104.480	0.85950E+00	0.84900E+00	0.14200E-01	-0.324E+01
1118	110.490	0.87065E+00	0.84940E+00	0.14200E-01	-0.253E+01
1119	116.740	0.87798E+00	0.82090E+00	0.13900E-01	-0.468E-01
1120	123.370	0.88116E+00	0.81050E+00	0.13800E-01	0.922E+00
1121	130.540	0.87983E+00	0.80640E+00	0.13600E-01	0.115E+01
1122	138.590	0.87359E+00	0.78630E+00	0.13500E-01	0.221E+01
1123	148.210	0.86205E+00	0.76450E+00	0.13100E-01	0.312E+01
1124	161.810	0.84477E+00	0.74420E+00	0.12900E-01	0.349E+01
1125	10.000	0.49644E+00	0.28500E+00	0.46000E-01	0.309E+01
1126	30.000	0.55298E+00	0.42100E+00	0.26000E-01	0.211E+01
1127	50.000	0.64682E+00	0.63000E+00	0.37000E-01	-0.198E+01
1128	70.000	0.75165E+00	0.74000E+00	0.41000E-01	-0.227E+01
1129	90.000	0.84184E+00	0.72800E+00	0.38000E-01	-0.895E-01
1130	110.000	0.89604E+00	0.78200E+00	0.42000E-01	-0.256E+00
1131	130.000	0.90557E+00	0.68600E+00	0.43000E-01	0.217E+01
1132	150.000	0.88348E+00	0.74300E+00	0.39000E-01	0.447E+00
1133	170.000	0.85976E+00	0.82000E+00	0.76000E-01	-0.105E+01
1134	25.800	0.54727E+00	0.45000E+00	0.10000E+00	0.104E+01
1135	45.900	0.63800E+00	0.50000E+00	0.70000E-01	0.208E+01
1136	77.000	0.80183E+00	0.83000E+00	0.18000E+00	-0.103E+00
1137	106.700	0.90764E+00	0.10100E+01	0.90000E-01	-0.102E+01
1138	135.800	0.91801E+00	0.10200E+01	0.80000E-01	-0.114E+01
1139	161.000	0.88387E+00	0.91000E+00	0.80000E-01	-0.193E+00
1140	10.000	0.51521E+00	0.37500E+00	0.58000E-01	0.144E+01
1141	30.000	0.57457E+00	0.47100E+00	0.27000E-01	0.150E+01
1142	50.000	0.67295E+00	0.63600E+00	0.37000E-01	-0.100E+01
1143	70.000	0.78258E+00	0.66500E+00	0.40000E-01	0.788E+00
1144	90.000	0.87645E+00	0.74000E+00	0.38000E-01	0.105E+01
1145	110.000	0.93212E+00	0.86100E+00	0.43000E-01	-0.730E+00
1146	130.000	0.94068E+00	0.84100E+00	0.46000E-01	-0.821E-01
1147	150.000	0.91618E+00	0.88900E+00	0.41000E-01	-0.179E+01
1148	170.000	0.89049E+00	0.64200E+00	0.78000E-01	0.193E+01
1149	10.000	0.52779E+00	0.38700E+00	0.61000E-01	0.120E+01
1150	30.000	0.58906E+00	0.50100E+00	0.28000E-01	0.459E+00
1151	50.000	0.69054E+00	0.65200E+00	0.38000E-01	-0.131E+01
1152	70.000	0.80344E+00	0.65800E+00	0.41000E-01	0.104E+01
1153	90.000	0.89981E+00	0.75100E+00	0.40000E-01	0.848E+00
1154	110.000	0.95646E+00	0.85200E+00	0.44000E-01	-0.402E+00
1155	130.000	0.96434E+00	0.82900E+00	0.46000E-01	0.265E+00
1156	150.000	0.93818E+00	0.85900E+00	0.42000E-01	-0.967E+00
1157	170.000	0.91115E+00	0.65600E+00	0.72000E-01	0.193E+01
1158	18.190	0.55787E+00	0.43630E+00	0.10600E-01	0.805E+01
1159	31.790	0.60987E+00	0.51890E+00	0.12100E-01	0.424E+01
1160	41.410	0.65807E+00	0.58700E+00	0.13100E-01	0.216E+01
1161	49.460	0.70291E+00	0.64660E+00	0.14700E-01	0.720E+00
1162	56.630	0.74457E+00	0.70440E+00	0.14100E-01	-0.585E+00
1163	63.260	0.78332E+00	0.72760E+00	0.14200E-01	0.336E+00
1164	69.510	0.81905E+00	0.78750E+00	0.14500E-01	-0.150E+01
1165	75.520	0.85188E+00	0.81760E+00	0.14700E-01	-0.144E+01
1166	81.370	0.88167E+00	0.86990E+00	0.15100E-01	-0.302E+01
1167	87.130	0.90828E+00	0.90260E+00	0.15300E-01	-0.349E+01
1168	92.870	0.93158E+00	0.91270E+00	0.15300E-01	-0.273E+01
1169	98.630	0.95124E+00	0.93480E+00	0.15500E-01	-0.293E+01
1170	104.480	0.96703E+00	0.95300E+00	0.15600E-01	-0.313E+01
1171	110.490	0.97865E+00	0.96610E+00	0.15700E-01	-0.326E+01
1172	116.740	0.98572E+00	0.93710E+00	0.15300E-01	-0.101E+01
1173	123.370	0.98788E+00	0.91190E+00	0.15000E-01	0.782E+00
1174	130.540	0.98470E+00	0.91050E+00	0.14900E-01	0.682E+00
1175	138.590	0.97574E+00	0.87820E+00	0.14600E-01	0.233E+01
1176	148.210	0.96053E+00	0.86090E+00	0.14400E-01	0.258E+01
1177	161.810	0.93855E+00	0.83410E+00	0.14000E-01	0.310E+01
1178	10.000	0.54704E+00	0.32900E+00	0.43000E-01	0.329E+01
1179	30.000	0.61130E+00	0.54400E+00	0.30000E-01	-0.615E+00
1180	50.000	0.71756E+00	0.68000E+00	0.40000E-01	-0.158E+01
1181	70.000	0.83552E+00	0.79900E+00	0.44000E-01	-0.183E+01
1182	90.000	0.93574E+00	0.82100E+00	0.41000E-01	-0.403E+00
1183	110.000	0.99388E+00	0.85100E+00	0.44000E-01	0.792E-01
1184	130.000	0.10006E+01	0.79900E+00	0.46000E-01	0.133E+01
1185	150.000	0.97185E+00	0.79000E+00	0.41000E-01	0.111E+01
1186	170.000	0.94272E+00	0.68500E+00	0.69000E-01	0.182E+01
1187	10.000	0.56637E+00	0.37400E+00	0.51000E-01	0.227E+01
1188	30.000	0.63367E+00	0.52200E+00	0.29000E-01	0.900E+00
1189	50.000	0.74481E+00	0.70200E+00	0.40000E-01	-0.144E+01
1190	70.000	0.86790E+00	0.79400E+00	0.44000E-01	-0.984E+00
1191	90.000	0.97199E+00	0.76100E+00	0.41000E-01	0.195E+01
1192	110.000	0.10316E+01	0.93700E+00	0.46000E-01	-0.972E+00
1193	130.000	0.10371E+01	0.92900E+00	0.49000E-01	-0.651E+00
1194	150.000	0.10056E+01	0.84900E+00	0.43000E-01	0.485E+00
1195	170.000	0.97431E+00	0.74200E+00	0.76000E-01	0.133E+01
1196	10.000	0.58578E+00	0.69300E+00	0.18400E+00	-0.916E+00
1197	30.000	0.65617E+00	0.57000E+00	0.30000E-01	0.584E+00
1198	50.000	0.77228E+00	0.71900E+00	0.40000E-01	-0.688E+00
1199	70.000	0.90057E+00	0.84600E+00	0.45000E-01	-0.882E+00
1200	90.000	0.10086E+01	0.91200E+00	0.44000E-01	-0.204E+00
1201	110.000	0.10696E+01	0.91100E+00	0.47000E-01	0.993E+00
1202	130.000	0.10738E+01	0.94300E+00	0.50000E-01	0.370E+00
1203	150.000	0.10395E+01	0.89000E+00	0.45000E-01	0.905E+00
1204	170.000	0.10059E+01	0.86700E+00	0.10000E+00	0.337E+00
1205	18.190	0.61980E+00	0.48690E+00	0.11600E-01	0.819E+01
1206	31.790	0.67949E+00	0.57380E+00	0.13300E-01	0.482E+01
1207	41.410	0.73471E+00	0.64280E+00	0.14300E-01	0.328E+01
1208	49.460	0.78593E+00	0.71470E+00	0.15000E-01	0.154E+01
1209	56.630	0.83342E+00	0.80370E+00	0.15400E-01	-0.138E+01
1210	63.260	0.87745E+00	0.81610E+00	0.15600E-01	0.491E+00
1211	69.510	0.91793E+00	0.87940E+00	0.15800E-01	-0.112E+01
1212	75.520	0.95496E+00	0.91890E+00	0.16000E-01	-0.140E+01
1213	81.370	0.98840E+00	0.98230E+00	0.16500E-01	-0.330E+01
1214	87.130	0.10181E+01	0.99720E+00	0.16600E-01	-0.250E+01
1215	92.870	0.10438E+01	0.10527E+01	0.17000E-01	-0.428E+01
1216	98.630	0.10653E+01	0.10477E+01	0.17000E-01	-0.280E+01
1217	104.480	0.10822E+01	0.10608E+01	0.17100E-01	-0.262E+01
1218	110.490	0.10941E+01	0.10599E+01	0.17000E-01	-0.193E+01
1219	116.740	0.11007E+01	0.10640E+01	0.17000E-01	-0.180E+01
1220	123.370	0.11016E+01	0.10398E+01	0.16700E-01	-0.338E+00
1221	130.540	0.10962E+01	0.10206E+01	0.16400E-01	0.516E+00
1222	138.590	0.10840E+01	0.98680E+00	0.15900E-01	0.194E+01
1223	148.210	0.10644E+01	0.95370E+00	0.15600E-01	0.292E+01
1224	161.810	0.10371E+01	0.93880E+00	0.15400E-01	0.226E+01
1225	10.000	0.60628E+00	0.43500E+00	0.60000E-01	0.159E+01
1226	30.000	0.67999E+00	0.57500E+00	0.30000E-01	0.673E+00
1227	50.000	0.80141E+00	0.75200E+00	0.41000E-01	-0.123E+01
1228	70.000	0.93525E+00	0.86800E+00	0.46000E-01	-0.107E+01
1229	90.000	0.10474E+01	0.87300E+00	0.43000E-01	0.102E+01
1230	110.000	0.11099E+01	0.93200E+00	0.46000E-01	0.858E+00
1231	130.000	0.11127E+01	0.99200E+00	0.51000E-01	-0.355E+00
1232	150.000	0.10752E+01	0.89800E+00	0.45000E-01	0.959E+00
1233	170.000	0.10392E+01	0.10430E+01	0.11000E+00	-0.121E+01
1234	10.000	0.62636E+00	0.50200E+00	0.98000E-01	0.551E+00
1235	30.000	0.70337E+00	0.58700E+00	0.31000E-01	0.120E+01
1236	50.000	0.83005E+00	0.82200E+00	0.43000E-01	-0.198E+01
1237	70.000	0.96938E+00	0.92600E+00	0.49000E-01	-0.134E+01
1238	90.000	0.10856E+01	0.93400E+00	0.45000E-01	0.657E+00
1239	110.000	0.11494E+01	0.10590E+01	0.50000E-01	-0.775E+00
1240	130.000	0.11507E+01	0.97000E+00	0.53000E-01	0.970E+00
1241	150.000	0.11101E+01	0.90500E+00	0.46000E-01	0.175E+01
1242	170.000	0.10717E+01	0.91900E+00	0.95000E-01	0.339E+00
1243	10.000	0.64730E+00	0.50100E+00	0.10600E+00	0.626E+00
1244	30.000	0.72780E+00	0.57400E+00	0.32000E-01	0.200E+01
1245	50.000	0.86005E+00	0.76600E+00	0.44000E-01	-0.278E+00
1246	70.000	0.10051E+01	0.98300E+00	0.52000E-01	-0.196E+01
1247	90.000	0.11256E+01	0.10080E+01	0.47000E-01	-0.458E+00
1248	110.000	0.11908E+01	0.10530E+01	0.52000E-01	-0.179E+00
1249	130.000	0.11904E+01	0.10050E+01	0.55000E-01	0.697E+00
1250	150.000	0.11465E+01	0.93900E+00	0.48000E-01	0.137E+01
1251	170.000	0.11054E+01	0.10140E+01	0.10800E+00	-0.419E+00
1252	18.190	0.68453E+00	0.53320E+00	0.13500E-01	0.863E+01
1253	31.790	0.75261E+00	0.65300E+00	0.15300E-01	0.400E+01
1254	41.410	0.81543E+00	0.74890E+00	0.16600E-01	0.151E+01
1255	49.460	0.87357E+00	0.82210E+00	0.17100E-01	0.408E+00
1256	56.630	0.92734E+00	0.83790E+00	0.17300E-01	0.244E+01
1257	63.260	0.97705E+00	0.95520E+00	0.18000E-01	-0.155E+01
1258	69.510	0.10226E+01	0.10052E+01	0.18200E-01	-0.191E+01
1259	75.520	0.10641E+01	0.10613E+01	0.18500E-01	-0.278E+01
1260	81.370	0.11014E+01	0.11246E+01	0.19200E-01	-0.413E+01
1261	87.130	0.11343E+01	0.11532E+01	0.19200E-01	-0.400E+01
1262	92.870	0.11625E+01	0.11861E+01	0.19500E-01	-0.425E+01
1263	98.630	0.11858E+01	0.11852E+01	0.19400E-01	-0.308E+01
1264	104.480	0.12037E+01	0.11798E+01	0.19300E-01	-0.194E+01
1265	110.490	0.12158E+01	0.11788E+01	0.19100E-01	-0.131E+01
1266	116.740	0.12217E+01	0.11677E+01	0.19000E-01	-0.434E+00
1267	123.370	0.12209E+01	0.11444E+01	0.18800E-01	0.760E+00
1268	130.540	0.12128E+01	0.11209E+01	0.18300E-01	0.165E+01
1269	138.590	0.11968E+01	0.10949E+01	0.18000E-01	0.228E+01
1270	148.210	0.11724E+01	0.10720E+01	0.17700E-01	0.230E+01
1271	161.810	0.11389E+01	0.10269E+01	0.17200E-01	0.314E+01
1272	10.000	0.66807E+00	0.44200E+00	0.49000E-01	0.251E+01
1273	30.000	0.75207E+00	0.64600E+00	0.33000E-01	-0.304E+00
1274	50.000	0.88991E+00	0.82900E+00	0.44000E-01	-0.174E+01
1275	70.000	0.10408E+01	0.94900E+00	0.49000E-01	-0.141E+01
1276	90.000	0.11654E+01	0.95000E+00	0.46000E-01	0.772E+00
1277	110.000	0.12320E+01	0.10590E+01	0.50000E-01	-0.344E+00
1278	130.000	0.12299E+01	0.97800E+00	0.52000E-01	0.119E+01
1279	150.000	0.11825E+01	0.92000E+00	0.47000E-01	0.170E+01
1280	170.000	0.11387E+01	0.97800E+00	0.10800E+00	-0.140E+00
1281	10.000	0.68937E+00	0.65500E+00	0.20700E+00	-0.339E+00
1282	30.000	0.77698E+00	0.66500E+00	0.32000E-01	-0.184E+00
1283	50.000	0.92053E+00	0.88900E+00	0.43000E-01	-0.251E+01
1284	70.000	0.10773E+01	0.99200E+00	0.48000E-01	-0.163E+01
1285	90.000	0.12062E+01	0.98700E+00	0.44000E-01	0.822E+00
1286	110.000	0.12740E+01	0.10390E+01	0.49000E-01	0.850E+00
1287	130.000	0.12699E+01	0.96900E+00	0.51000E-01	0.212E+01
1288	150.000	0.12188E+01	0.99200E+00	0.47000E-01	0.892E+00
1289	170.000	0.11722E+01	0.88100E+00	0.87000E-01	0.130E+01
1290	10.000	0.71107E+00	0.47600E+00	0.73000E-01	0.225E+01
1291	30.000	0.80240E+00	0.74500E+00	0.34000E-01	-0.651E+00
1292	50.000	0.95182E+00	0.88500E+00	0.44000E-01	-0.625E+00
1293	70.000	0.11146E+01	0.10300E+01	0.50000E-01	-0.517E+00
1294	90.000	0.12477E+01	0.11020E+01	0.47000E-01	0.470E+00
1295	110.000	0.13167E+01	0.12020E+01	0.52000E-01	-0.304E+00
1296	130.000	0.13105E+01	0.11380E+01	0.55000E-01	0.775E+00
1297	150.000	0.12556E+01	0.10850E+01	0.51000E-01	0.906E+00
1298	170.000	0.12061E+01	0.10830E+01	0.99000E-01	0.358E-01
1299	18.190	0.75455E+00	0.59910E+00	0.15600E-01	0.823E+01
1300	31.790	0.83193E+00	0.73070E+00	0.17600E-01	0.406E+01
1301	41.410	0.90317E+00	0.79590E+00	0.19300E-01	0.388E+01
1302	49.460	0.96894E+00	0.91600E+00	0.20200E-01	0.903E+00
1303	56.630	0.10296E+01	0.10102E+01	0.20400E-01	-0.857E+00
1304	63.260	0.10855E+01	0.10887E+01	0.20900E-01	-0.201E+01
1305	69.510	0.11365E+01	0.11537E+01	0.21300E-01	-0.272E+01
1306	75.520	0.11828E+01	0.11580E+01	0.21000E-01	-0.836E+00
1307	81.370	0.12242E+01	0.12401E+01	0.21600E-01	-0.277E+01
1308	87.130	0.12604E+01	0.12858E+01	0.21900E-01	-0.322E+01
1309	92.870	0.12912E+01	0.13128E+01	0.22100E-01	-0.307E+01
1310	98.630	0.13161E+01	0.13218E+01	0.22100E-01	-0.239E+01
1311	104.480	0.13349E+01	0.13456E+01	0.22100E-01	-0.265E+01
1312	110.490	0.13469E+01	0.13605E+01	0.22200E-01	-0.279E+01
1313	116.740	0.13517E+01	0.13328E+01	0.22000E-01	-0.134E+01
1314	123.370	0.13487E+01	0.13210E+01	0.21700E-01	-0.948E+00
1315	130.540	0.13373E+01	0.12733E+01	0.21100E-01	0.765E+00
1316	138.590	0.13169E+01	0.12084E+01	0.20300E-01	0.302E+01
1317	148.210	0.12867E+01	0.11777E+01	0.19800E-01	0.318E+01
1318	161.810	0.12460E+01	0.11318E+01	0.19400E-01	0.359E+01
1319	10.000	0.73318E+00	0.66000E+00	0.11300E+00	-0.630E-01
1320	30.000	0.82833E+00	0.67500E+00	0.33000E-01	0.190E+01
1321	50.000	0.98378E+00	0.93800E+00	0.47000E-01	-0.132E+01
1322	70.000	0.11527E+01	0.11330E+01	0.53000E-01	-0.201E+01
1323	90.000	0.12902E+01	0.11590E+01	0.50000E-01	-0.203E+00
1324	110.000	0.13602E+01	0.11380E+01	0.54000E-01	0.136E+01
1325	130.000	0.13517E+01	0.11540E+01	0.56000E-01	0.887E+00
1326	150.000	0.12929E+01	0.11470E+01	0.52000E-01	0.820E-01
1327	170.000	0.12403E+01	0.10870E+01	0.10000E+00	0.174E+00
1328	10.000	0.75600E+00	0.52900E+00	0.61000E-01	0.203E+01
1329	30.000	0.85513E+00	0.72200E+00	0.34000E-01	0.483E+00
1330	50.000	0.10169E+01	0.92900E+00	0.46000E-01	-0.111E+01
1331	70.000	0.11922E+01	0.10740E+01	0.51000E-01	-0.873E+00
1332	90.000	0.13341E+01	0.10980E+01	0.49000E-01	0.110E+01
1333	110.000	0.14052E+01	0.11300E+01	0.52000E-01	0.160E+01
1334	130.000	0.13943E+01	0.12440E+01	0.58000E-01	-0.690E+00
1335	150.000	0.13311E+01	0.11590E+01	0.52000E-01	-0.183E+00
1336	170.000	0.12753E+01	0.11660E+01	0.11200E+00	-0.578E+00
1337	10.000	0.77894E+00	0.60600E+00	0.72000E-01	0.963E+00
1338	30.000	0.88212E+00	0.74900E+00	0.36000E-01	0.438E+00
1339	50.000	0.10502E+01	0.96800E+00	0.48000E-01	-0.120E+01
1340	70.000	0.12320E+01	0.10660E+01	0.54000E-01	0.387E-01
1341	90.000	0.13783E+01	0.11820E+01	0.52000E-01	0.250E+00
1342	110.000	0.14504E+01	0.11690E+01	0.54000E-01	0.164E+01
1343	130.000	0.14369E+01	0.13190E+01	0.61000E-01	-0.120E+01
1344	150.000	0.13694E+01	0.11300E+01	0.53000E-01	0.108E+01
1345	170.000	0.13103E+01	0.12630E+01	0.13500E+00	-0.941E+00
1346	18.190	0.82760E+00	0.66800E+00	0.15300E-01	0.846E+01
1347	31.790	0.91499E+00	0.79550E+00	0.17600E-01	0.489E+01
1348	41.410	0.99523E+00	0.88380E+00	0.19000E-01	0.395E+01
1349	49.460	0.10691E+01	0.10038E+01	0.20300E-01	0.129E+01
1350	56.630	0.11371E+01	0.10873E+01	0.20500E-01	0.401E+00
1351	63.260	0.11995E+01	0.11986E+01	0.21300E-01	-0.202E+01
1352	69.510	0.12562E+01	0.12840E+01	0.22000E-01	-0.335E+01
1353	75.520	0.13075E+01	0.13264E+01	0.22000E-01	-0.303E+01
1354	81.370	0.13531E+01	0.13936E+01	0.22800E-01	-0.395E+01
1355	87.130	0.13926E+01	0.14191E+01	0.22900E-01	-0.338E+01
1356	92.870	0.14259E+01	0.14308E+01	0.22900E-01	-0.249E+01
1357	98.630	0.14525E+01	0.14654E+01	0.23100E-01	-0.286E+01
1358	104.480	0.14718E+01	0.14888E+01	0.23500E-01	-0.301E+01
1359	110.490	0.14835E+01	0.14711E+01	0.23100E-01	-0.181E+01
1360	116.740	0.14868E+01	0.14911E+01	0.23300E-01	-0.252E+01
1361	123.370	0.14812E+01	0.14244E+01	0.22500E-01	0.119E+00
1362	130.540	0.14660E+01	0.13783E+01	0.21900E-01	0.156E+01
1363	138.590	0.14404E+01	0.13373E+01	0.21400E-01	0.236E+01
1364	148.210	0.14037E+01	0.12956E+01	0.20900E-01	0.272E+01
1365	161.810	0.13550E+01	0.12214E+01	0.20000E-01	0.421E+01
1366	10.000	0.80201E+00	0.65400E+00	0.73000E-01	0.903E+00
1367	30.000	0.90930E+00	0.81800E+00	0.36000E-01	-0.486E-01
1368	50.000	0.10839E+01	0.10530E+01	0.48000E-01	-0.167E+01
1369	70.000	0.12721E+01	0.11220E+01	0.53000E-01	0.376E+00
1370	90.000	0.14229E+01	0.12380E+01	0.52000E-01	0.756E+00
1371	110.000	0.14959E+01	0.13370E+01	0.56000E-01	0.104E+00
1372	130.000	0.14797E+01	0.13450E+01	0.61000E-01	-0.274E+00
1373	150.000	0.14077E+01	0.12080E+01	0.55000E-01	0.101E+01
1374	170.000	0.13452E+01	0.11680E+01	0.97000E-01	0.407E+00
1375	10.000	0.81814E+00	0.67500E+00	0.72000E-01	0.795E+00
1376	30.000	0.92833E+00	0.84000E+00	0.37000E-01	-0.246E+00
1377	50.000	0.11075E+01	0.10560E+01	0.48000E-01	-0.135E+01
1378	70.000	0.13003E+01	0.11700E+01	0.54000E-01	-0.115E+00
1379	90.000	0.14542E+01	0.13350E+01	0.54000E-01	-0.619E+00
1380	110.000	0.15277E+01	0.13480E+01	0.57000E-01	0.340E+00
1381	130.000	0.15095E+01	0.12490E+01	0.60000E-01	0.170E+01
1382	150.000	0.14343E+01	0.12140E+01	0.55000E-01	0.127E+01
1383	170.000	0.13694E+01	0.13160E+01	0.12300E+00	-0.734E+00
1384	10.000	0.84161E+00	0.71200E+00	0.64000E-01	0.646E+00
1385	30.000	0.95606E+00	0.88800E+00	0.39000E-01	-0.826E+00
1386	50.000	0.11419E+01	0.10540E+01	0.50000E-01	-0.638E+00
1387	70.000	0.13413E+01	0.12630E+01	0.57000E-01	-0.109E+01
1388	90.000	0.14997E+01	0.13400E+01	0.56000E-01	0.436E-01
1389	110.000	0.15741E+01	0.12960E+01	0.58000E-01	0.195E+01
1390	130.000	0.15529E+01	0.12330E+01	0.62000E-01	0.253E+01
1391	150.000	0.14729E+01	0.13720E+01	0.59000E-01	-0.908E+00
1392	170.000	0.14044E+01	0.13430E+01	0.94000E-01	-0.913E+00
1393	10.000	0.86609E+00	0.64600E+00	0.57000E-01	0.225E+01
1394	30.000	0.98503E+00	0.92300E+00	0.38000E-01	-0.111E+01
1395	50.000	0.11778E+01	0.11140E+01	0.49000E-01	-0.124E+01
1396	70.000	0.13843E+01	0.11440E+01	0.55000E-01	0.171E+01
1397	90.000	0.15474E+01	0.14380E+01	0.55000E-01	-0.989E+00
1398	110.000	0.16226E+01	0.14380E+01	0.59000E-01	0.217E+00
1399	130.000	0.15983E+01	0.13810E+01	0.63000E-01	0.763E+00
1400	150.000	0.15131E+01	0.13310E+01	0.58000E-01	0.379E+00
1401	170.000	0.14409E+01	0.12580E+01	0.11200E+00	0.271E+00
1402	18.190	0.90627E+00	0.72590E+00	0.21700E-01	0.695E+01
1403	31.790	0.10047E+01	0.85860E+00	0.25100E-01	0.452E+01
1404	41.410	0.10949E+01	0.10510E+01	0.26900E-01	0.308E+00
1405	49.460	0.11777E+01	0.10859E+01	0.27700E-01	0.193E+01
1406	56.630	0.12537E+01	0.11957E+01	0.27600E-01	0.622E+00
1407	63.260	0.13232E+01	0.13227E+01	0.27900E-01	-0.153E+01
1408	69.510	0.13862E+01	0.13924E+01	0.28300E-01	-0.181E+01
1409	75.520	0.14429E+01	0.14959E+01	0.28100E-01	-0.356E+01
1410	81.370	0.14929E+01	0.15776E+01	0.29000E-01	-0.460E+01
1411	87.130	0.15360E+01	0.15443E+01	0.28800E-01	-0.203E+01
1412	92.870	0.15718E+01	0.16182E+01	0.28800E-01	-0.339E+01
1413	98.630	0.15999E+01	0.16271E+01	0.29000E-01	-0.273E+01
1414	104.480	0.16197E+01	0.16160E+01	0.28600E-01	-0.171E+01
1415	110.490	0.16307E+01	0.16328E+01	0.28700E-01	-0.192E+01
1416	116.740	0.16321E+01	0.15860E+01	0.28100E-01	-0.251E+00
1417	123.370	0.16233E+01	0.15420E+01	0.27400E-01	0.104E+01
1418	130.540	0.16035E+01	0.15216E+01	0.27300E-01	0.109E+01
1419	138.590	0.15719E+01	0.14587E+01	0.26600E-01	0.233E+01
1420	148.210	0.15277E+01	0.14018E+01	0.25900E-01	0.294E+01
1421	161.810	0.14699E+01	0.13230E+01	0.24900E-01	0.398E+01
1422	51.700	0.12326E+01	0.10600E+01	0.13000E+00	0.202E+01
1423	66.400	0.13910E+01	0.16900E+01	0.16000E+00	-0.124E+01
1424	78.500	0.15077E+01	0.18100E+01	0.18000E+00	-0.107E+01
1425	90.000	0.15955E+01	0.17400E+01	0.18000E+00	-0.160E+00
1426	101.500	0.16522E+01	0.19300E+01	0.22000E+00	-0.718E+00
1427	113.600	0.16736E+01	0.21300E+01	0.24000E+00	-0.140E+01
1428	126.900	0.16538E+01	0.20300E+01	0.24000E+00	-0.107E+01
1429	146.100	0.15725E+01	0.17500E+01	0.21000E+00	-0.303E+00
1430	10.000	0.89070E+00	0.72800E+00	0.65000E-01	0.169E+01
1431	30.000	0.10142E+01	0.95000E+00	0.39000E-01	0.107E+00
1432	50.000	0.12141E+01	0.12280E+01	0.51000E-01	-0.168E+01
1433	70.000	0.14276E+01	0.14890E+01	0.59000E-01	-0.247E+01
1434	90.000	0.15955E+01	0.15420E+01	0.57000E-01	-0.718E+00
1435	110.000	0.16714E+01	0.14630E+01	0.60000E-01	0.182E+01
1436	130.000	0.16438E+01	0.14230E+01	0.65000E-01	0.190E+01
1437	150.000	0.15534E+01	0.14680E+01	0.61000E-01	-0.107E+00
1438	170.000	0.14772E+01	0.12870E+01	0.10300E+00	0.998E+00
1439	10.000	0.91574E+00	0.78400E+00	0.11800E+00	0.242E+00
1440	30.000	0.10439E+01	0.95300E+00	0.42000E-01	-0.638E+00
1441	50.000	0.12511E+01	0.12210E+01	0.54000E-01	-0.206E+01
1442	70.000	0.14719E+01	0.12980E+01	0.61000E-01	0.130E+00
1443	90.000	0.16445E+01	0.14090E+01	0.60000E-01	0.835E+00
1444	110.000	0.17211E+01	0.14220E+01	0.63000E-01	0.167E+01
1445	130.000	0.16900E+01	0.14560E+01	0.69000E-01	0.630E+00
1446	150.000	0.15942E+01	0.13900E+01	0.63000E-01	0.388E+00
1447	170.000	0.15140E+01	0.13790E+01	0.11700E+00	-0.305E+00
1448	10.000	0.94156E+00	0.72800E+00	0.63000E-01	0.217E+01
1449	30.000	0.10745E+01	0.10000E+01	0.42000E-01	-0.321E+00
1450	50.000	0.12893E+01	0.13040E+01	0.54000E-01	-0.223E+01
1451	70.000	0.15176E+01	0.14250E+01	0.61000E-01	-0.520E+00
1452	90.000	0.16952E+01	0.15580E+01	0.61000E-01	-0.276E-01
1453	110.000	0.17724E+01	0.16290E+01	0.65000E-01	-0.277E-01
1454	130.000	0.17376E+01	0.14100E+01	0.68000E-01	0.273E+01
1455	150.000	0.16361E+01	0.14920E+01	0.64000E-01	0.157E+00
1456	170.000	0.15517E+01	0.15250E+01	0.14500E+00	-0.692E+00
1457	18.190	0.98911E+00	0.80140E+00	0.20100E-01	0.756E+01
1458	31.790	0.10995E+01	0.95240E+00	0.23300E-01	0.461E+01
1459	41.410	0.12004E+01	0.10615E+01	0.24700E-01	0.387E+01
1460	49.460	0.12929E+01	0.12397E+01	0.25800E-01	0.255E+00
1461	56.630	0.13774E+01	0.13185E+01	0.26200E-01	0.353E+00
1462	63.260	0.14546E+01	0.14428E+01	0.27000E-01	-0.151E+01
1463	69.510	0.15242E+01	0.15600E+01	0.27200E-01	-0.334E+01
1464	75.520	0.15865E+01	0.16057E+01	0.27600E-01	-0.277E+01
1465	81.370	0.16412E+01	0.16985E+01	0.28300E-01	-0.411E+01
1466	87.130	0.16880E+01	0.17259E+01	0.28800E-01	-0.343E+01
1467	92.870	0.17265E+01	0.17643E+01	0.28700E-01	-0.349E+01
1468	98.630	0.17560E+01	0.17822E+01	0.28600E-01	-0.313E+01
1469	104.480	0.17761E+01	0.18034E+01	0.28900E-01	-0.316E+01
1470	110.490	0.17861E+01	0.17729E+01	0.28400E-01	-0.180E+01
1471	116.740	0.17852E+01	0.17169E+01	0.27800E-01	0.143E+00
1472	123.370	0.17727E+01	0.16948E+01	0.27400E-01	0.511E+00
1473	130.540	0.17477E+01	0.16399E+01	0.26800E-01	0.167E+01
1474	138.590	0.17094E+01	0.15718E+01	0.26100E-01	0.291E+01
1475	148.210	0.16568E+01	0.15444E+01	0.25600E-01	0.206E+01
1476	161.810	0.15888E+01	0.14148E+01	0.24300E-01	0.480E+01
1477	10.000	0.96751E+00	0.79600E+00	0.66000E-01	0.142E+01
1478	30.000	0.11054E+01	0.99500E+00	0.42000E-01	0.519E+00
1479	50.000	0.13278E+01	0.13550E+01	0.56000E-01	-0.239E+01
1480	70.000	0.15637E+01	0.15130E+01	0.64000E-01	-0.117E+01
1481	90.000	0.17462E+01	0.14950E+01	0.62000E-01	0.179E+01
1482	110.000	0.18240E+01	0.17230E+01	0.67000E-01	-0.675E+00
1483	130.000	0.17854E+01	0.15140E+01	0.71000E-01	0.181E+01
1484	150.000	0.16780E+01	0.15370E+01	0.65000E-01	0.997E-01
1485	170.000	0.15893E+01	0.15620E+01	0.14700E+00	-0.681E+00
1486	10.000	0.99322E+00	0.81500E+00	0.60000E-01	0.728E+00
1487	30.000	0.11360E+01	0.10030E+01	0.44000E-01	-0.474E+00
1488	50.000	0.13661E+01	0.11890E+01	0.56000E-01	-0.142E+00
1489	70.000	0.16095E+01	0.14060E+01	0.64000E-01	-0.226E+00
1490	90.000	0.17969E+01	0.14970E+01	0.63000E-01	0.897E+00
1491	110.000	0.18752E+01	0.16030E+01	0.68000E-01	0.267E+00
1492	130.000	0.18328E+01	0.13970E+01	0.70000E-01	0.268E+01
1493	150.000	0.17194E+01	0.16220E+01	0.68000E-01	-0.199E+01
1494	170.000	0.16263E+01	0.15110E+01	0.17300E+00	-0.607E+00
1495	10.000	0.10197E+01	0.80000E+00	0.64000E-01	0.161E+01
1496	30.000	0.11676E+01	0.10240E+01	0.44000E-01	0.235E+00
1497	50.000	0.14056E+01	0.13410E+01	0.58000E-01	-0.165E+01
1498	70.000	0.16569E+01	0.15070E+01	0.66000E-01	-0.595E+00
1499	90.000	0.18493E+01	0.15870E+01	0.65000E-01	0.787E+00
1500	110.000	0.19280E+01	0.16670E+01	0.69000E-01	0.593E+00
1501	130.000	0.18815E+01	0.15080E+01	0.72000E-01	0.220E+01
1502	150.000	0.17619E+01	0.16780E+01	0.69000E-01	-0.170E+01
1503	170.000	0.16643E+01	0.14260E+01	0.22200E+00	0.217E+00
1504	18.190	0.10771E+01	0.88470E+00	0.24400E-01	0.686E+01
1505	31.790	0.12006E+01	0.10411E+01	0.26800E-01	0.491E+01
1506	41.410	0.13131E+01	0.12289E+01	0.29200E-01	0.184E+01
1507	49.460	0.14160E+01	0.13497E+01	0.29900E-01	0.111E+01
1508	56.630	0.15098E+01	0.15016E+01	0.30200E-01	-0.893E+00
1509	63.260	0.15952E+01	0.16317E+01	0.31200E-01	-0.236E+01
1510	69.510	0.16720E+01	0.16859E+01	0.31000E-01	-0.171E+01
1511	75.520	0.17403E+01	0.17693E+01	0.31400E-01	-0.221E+01
1512	81.370	0.18000E+01	0.18873E+01	0.32600E-01	-0.396E+01
1513	87.130	0.18506E+01	0.19518E+01	0.33000E-01	-0.437E+01
1514	92.870	0.18917E+01	0.19646E+01	0.32800E-01	-0.357E+01
1515	98.630	0.19227E+01	0.19802E+01	0.32400E-01	-0.316E+01
1516	104.480	0.19429E+01	0.19443E+01	0.32300E-01	-0.145E+01
1517	110.490	0.19515E+01	0.19475E+01	0.32200E-01	-0.129E+01
1518	116.740	0.19479E+01	0.19346E+01	0.31900E-01	-0.101E+01
1519	123.370	0.19311E+01	0.18976E+01	0.31200E-01	-0.370E+00
1520	130.540	0.19002E+01	0.17699E+01	0.29900E-01	0.288E+01
1521	138.590	0.18541E+01	0.17705E+01	0.30000E-01	0.135E+01
1522	148.210	0.17920E+01	0.16453E+01	0.28600E-01	0.367E+01
1523	161.810	0.17127E+01	0.15227E+01	0.27200E-01	0.552E+01
1524	10.000	0.10467E+01	0.74000E+00	0.72000E-01	0.247E+01
1525	30.000	0.11998E+01	0.10890E+01	0.47000E-01	-0.777E+00
1526	50.000	0.14460E+01	0.12740E+01	0.59000E-01	-0.947E-01
1527	70.000	0.17053E+01	0.14570E+01	0.68000E-01	0.571E+00
1528	90.000	0.19028E+01	0.16730E+01	0.68000E-01	-0.570E-01
1529	110.000	0.19819E+01	0.18500E+01	0.73000E-01	-0.153E+01
1530	130.000	0.19310E+01	0.14790E+01	0.74000E-01	0.290E+01
1531	150.000	0.18049E+01	0.16800E+01	0.72000E-01	-0.134E+01
1532	170.000	0.17027E+01	0.14170E+01	0.13700E+00	0.559E+00
1533	120.000	0.19993E+01	0.22100E+01	0.16000E+00	-0.132E+01
