point	lab_energy	row	family	branch	legacy_l	state_index	selector	dispatch	dispatch_title	previous_title	formula_title	pre_reset_energy	input_energy	effective_energy	dither_before	hadronic_real	hadronic_imag	born	opec	ter	tei	der	dei	w_cm	final_meson_energy	photon_cm_momentum	meson_cm_momentum
1	 2.0000000000000000E+002	1	1	1	5	3	25	F	[    ]	[    ]	[    ]	 4.9957183837890625E+001	 0.0000000000000000E+000	 0.0000000000000000E+000	 0.0000000000000000E+000	 0.0000000000000000E+000	 0.0000000000000000E+000	-7.1944087743759155E-002	-7.1967527270317078E-002	 0.0000000000000000E+000	 0.0000000000000000E+000	 0.0000000000000000E+000	 0.0000000000000000E+000	 1.1205474853515625E+003	 4.9957183837890625E+001	 1.6746383666992188E+002	 1.0546128082275391E+002
1	 2.0000000000000000E+002	2	1	1	6	3	25	T	[M05 ]	[    ]	[SP00]	 4.9957183837890625E+001	 4.9957183837890625E+001	 4.9958183288574219E+001	 1.0000000474974513E-003	 6.2733320760344213E-008	 3.9354696564563533E-015	-1.6427410766482353E-002	-1.6427855938673019E-002	 6.2733320760344213E-008	 3.9354696564563533E-015	-1.6427410766482353E-002	-1.0305459818837903E-009	 1.1205474853515625E+003	 4.9957183837890625E+001	 1.6746383666992188E+002	 1.0546128082275391E+002
1	 2.0000000000000000E+002	3	1	2	2	4	21	T	[SP00]	[M05 ]	[SP00]	 4.9957183837890625E+001	 4.9957183837890625E+001	 4.9956184387207031E+001	-1.0000000474974513E-003	 1.0080006718635559E-001	 1.0266045108437538E-002	-2.6932139396667480E+000	-2.6054832935333252E+000	 1.0080006718635559E-001	 1.0266045108437538E-002	-2.8072450160980225E+000	-2.8590559959411621E-001	 1.1205474853515625E+003	 4.9957183837890625E+001	 1.6746383666992188E+002	 1.0546128082275391E+002
1	 2.0000000000000000E+002	4	1	2	5	4	25	T	[SP00]	[SP00]	[SP00]	 4.9957183837890625E+001	 4.9957183837890625E+001	 4.9957183837890625E+001	 1.0000000474974513E-003	-4.8717561185185332E-007	 2.3734006838853350E-013	-2.8598332777619362E-002	-2.8597820550203323E-002	-4.8717561185185332E-007	 2.3734006838853350E-013	-2.8598332777619362E-002	 1.3932409892447595E-008	 1.1205474853515625E+003	 4.9957183837890625E+001	 1.6746383666992188E+002	 1.0546128082275391E+002
1	 2.0000000000000000E+002	5	1	2	6	4	25	T	[SP00]	[SP00]	[SP00]	 4.9957183837890625E+001	 4.9957183837890625E+001	 4.9957183837890625E+001	 1.0000000474974513E-003	 1.6130076119225123E-007	 2.6017934958181763E-014	-7.7687674202024937E-003	-7.7687562443315983E-003	 1.6130076119225123E-007	 2.6017934958181763E-014	-7.7670589089393616E-003	-1.2528325044058874E-009	 1.1205474853515625E+003	 4.9957183837890625E+001	 1.6746383666992188E+002	 1.0546128082275391E+002
1	 2.0000000000000000E+002	6	2	1	5	3	25	T	[SP00]	[SP00]	[SP00]	 4.9957183837890625E+001	 4.9957183837890625E+001	 4.9957183837890625E+001	 1.0000000474974513E-003	 1.0293753121004556E-006	 1.0596135514157057E-012	-1.1428775265812874E-002	-1.1441626586019993E-002	 1.0293753121004556E-006	 1.0596135514157057E-012	-1.1022436432540417E-002	-1.1346223516284226E-008	 1.1205474853515625E+003	 4.9957183837890625E+001	 1.6746383666992188E+002	 1.0546128082275391E+002
1	 2.0000000000000000E+002	7	2	1	6	3	25	T	[SP00]	[SP00]	[SP00]	 4.9957183837890625E+001	 4.9957183837890625E+001	 4.9957183837890625E+001	 1.0000000474974513E-003	 6.2727060878842167E-008	 3.9346840333977749E-015	-2.4033598601818085E-003	-2.4036276154220104E-003	 6.2727060878842167E-008	 3.9346840333977749E-015	-2.4020632263273001E-003	-1.5067437575400078E-010	 1.1205474853515625E+003	 4.9957183837890625E+001	 1.6746383666992188E+002	 1.0546128082275391E+002
1	 2.0000000000000000E+002	8	2	2	2	4	21	T	[SP00]	[SP00]	[SP00]	 4.9957183837890625E+001	 4.9957183837890625E+001	 4.9957183837890625E+001	 1.0000000474974513E-003	 1.0080360621213913E-001	 1.0266773402690887E-002	 1.1245162963867188E+001	 8.9035930633544922E+000	 1.0080360621213913E-001	 1.0266773402690887E-002	 1.9179101943969727E+001	 1.9533774852752686E+000	 1.1205474853515625E+003	 4.9957183837890625E+001	 1.6746383666992188E+002	 1.0546128082275391E+002
1	 2.0000000000000000E+002	9	2	2	5	4	25	T	[SP00]	[SP00]	[SP00]	 4.9957183837890625E+001	 4.9957183837890625E+001	 4.9957183837890625E+001	 1.0000000474974513E-003	-4.8717561185185332E-007	 2.3734006838853350E-013	 8.9966049417853355E-003	 8.9882630854845047E-003	-4.8717561185185332E-007	 2.3734006838853350E-013	 8.9966049417853355E-003	-4.3829264662065270E-009	 1.1205474853515625E+003	 4.9957183837890625E+001	 1.6746383666992188E+002	 1.0546128082275391E+002
1	 2.0000000000000000E+002	10	2	2	6	4	25	T	[SP00]	[SP00]	[SP00]	 4.9957183837890625E+001	 4.9957183837890625E+001	 4.9957183837890625E+001	 1.0000000474974513E-003	 1.6130076119225123E-007	 2.6017934958181763E-014	 2.0104835275560617E-003	 2.0103091374039650E-003	 1.6130076119225123E-007	 2.6017934958181763E-014	 2.0089303143322468E-003	 3.2404198768709591E-010	 1.1205474853515625E+003	 4.9957183837890625E+001	 1.6746383666992188E+002	 1.0546128082275391E+002
1	 2.0000000000000000E+002	11	3	1	5	1	25	T	[SP00]	[SP00]	[SP00]	 4.9957183837890625E+001	 4.9957183837890625E+001	 4.9957183837890625E+001	 1.0000000474974513E-003	 1.5929455230434542E-006	 2.5374754381024545E-012	 4.7368902713060379E-002	 4.7361090779304504E-002	 1.5929455230434542E-006	 2.5374754381024545E-012	 4.7368902713060379E-002	 7.5456078718616482E-008	 1.1205474853515625E+003	 4.9957183837890625E+001	 1.6746383666992188E+002	 1.0546128082275391E+002
1	 2.0000000000000000E+002	12	3	1	6	1	25	T	[SP00]	[SP00]	[SP00]	 4.9957183837890625E+001	 4.9957183837890625E+001	 4.9957183837890625E+001	 1.0000000474974513E-003	 9.4136034078928787E-008	 8.8615926256046043E-015	 1.0976892895996571E-002	 1.0976744815707207E-002	 9.4136034078928787E-008	 8.8615926256046043E-015	 1.0976892895996571E-002	 1.0333212063784458E-009	 1.1205474853515625E+003	 4.9957183837890625E+001	 1.6746383666992188E+002	 1.0546128082275391E+002
1	 2.0000000000000000E+002	13	3	2	5	2	25	T	[SP00]	[SP00]	[SP00]	 4.9957183837890625E+001	 4.9957183837890625E+001	 4.9957183837890625E+001	 1.0000000474974513E-003	 1.6810497527330881E-006	 2.8259282934539609E-012	 1.9063467159867287E-002	 1.9063638523221016E-002	 1.6810497527330881E-006	 2.8259282934539609E-012	 1.9063467159867287E-002	 3.2046635567439807E-008	 1.1205474853515625E+003	 4.9957183837890625E+001	 1.6746383666992188E+002	 1.0546128082275391E+002
1	 2.0000000000000000E+002	14	3	2	6	2	25	T	[SP00]	[SP00]	[SP00]	 4.9957183837890625E+001	 4.9957183837890625E+001	 4.9957183837890625E+001	 1.0000000474974513E-003	 2.5259776492703168E-008	 6.3805631369994917E-016	 5.1792375743389130E-003	 5.1792412996292114E-003	 2.5259776492703168E-008	 6.3805631369994917E-016	 5.1792375743389130E-003	 1.3082637750905235E-010	 1.1205474853515625E+003	 4.9957183837890625E+001	 1.6746383666992188E+002	 1.0546128082275391E+002
1	 2.0000000000000000E+002	15	4	1	5	1	25	T	[SP00]	[SP00]	[SP00]	 4.9957183837890625E+001	 4.9957183837890625E+001	 4.9957183837890625E+001	 1.0000000474974513E-003	 1.5929455230434542E-006	 2.5374754381024545E-012	 7.6448344625532627E-003	 7.6405508443713188E-003	 1.5929455230434542E-006	 2.5374754381024545E-012	 7.5914287008345127E-003	 1.2092733037150083E-008	 1.1205474853515625E+003	 4.9957183837890625E+001	 1.6746383666992188E+002	 1.0546128082275391E+002
1	 2.0000000000000000E+002	16	4	1	6	1	25	T	[SP00]	[SP00]	[SP00]	 4.9957183837890625E+001	 4.9957183837890625E+001	 4.9957183837890625E+001	 1.0000000474974513E-003	 9.4136034078928787E-008	 8.8615926256046043E-015	 1.6020636539906263E-003	 1.6019744798541069E-003	 9.4136034078928787E-008	 8.8615926256046043E-015	 1.6023432835936546E-003	 1.5083823079464764E-010	 1.1205474853515625E+003	 4.9957183837890625E+001	 1.6746383666992188E+002	 1.0546128082275391E+002
1	 2.0000000000000000E+002	17	4	2	5	2	25	T	[SP00]	[SP00]	[SP00]	 4.9957183837890625E+001	 4.9957183837890625E+001	 4.9957183837890625E+001	 1.0000000474974513E-003	 1.6810497527330881E-006	 2.8259282934539609E-012	-6.0975844971835613E-003	-6.1003649607300758E-003	 1.6810497527330881E-006	 2.8259282934539609E-012	-6.1293262988328934E-003	-1.0303702779879131E-008	 1.1205474853515625E+003	 4.9957183837890625E+001	 1.6746383666992188E+002	 1.0546128082275391E+002
1	 2.0000000000000000E+002	18	4	2	6	2	25	T	[SP00]	[SP00]	[SP00]	 4.9957183837890625E+001	 4.9957183837890625E+001	 4.9957183837890625E+001	 1.0000000474974513E-003	 2.5259776492703168E-008	 6.3805631369994917E-016	-1.3354538241401315E-003	-1.3355119153857231E-003	 2.5259776492703168E-008	 6.3805631369994917E-016	-1.3370161177590489E-003	-3.3772727670022817E-011	 1.1205474853515625E+003	 4.9957183837890625E+001	 1.6746383666992188E+002	 1.0546128082275391E+002
1	 2.0000000000000000E+002	19	5	1	5	1	3	T	[SP00]	[SP00]	[SP00]	 4.9957183837890625E+001	 4.9957183837890625E+001	 4.9957183837890625E+001	 1.0000000474974513E-003	 1.5929455230434542E-006	 2.5374754381024545E-012	-4.8014212399721146E-002	-4.8006400465965271E-002	 1.5929455230434542E-006	 2.5374754381024545E-012	-4.8014212399721146E-002	-7.6484027999867976E-008	 1.1205474853515625E+003	 4.9957183837890625E+001	 1.6746383666992188E+002	 1.0546128082275391E+002
1	 2.0000000000000000E+002	20	5	1	6	1	3	T	[SP00]	[SP00]	[SP00]	 4.9957183837890625E+001	 4.9957183837890625E+001	 4.9957183837890625E+001	 1.0000000474974513E-003	 9.4136034078928787E-008	 8.8615926256046043E-015	-1.0951158590614796E-002	-1.0951010510325432E-002	 9.4136034078928787E-008	 8.8615926256046043E-015	-1.0951158590614796E-002	-1.0308985887164113E-009	 1.1205474853515625E+003	 4.9957183837890625E+001	 1.6746383666992188E+002	 1.0546128082275391E+002
1	 2.0000000000000000E+002	21	5	2	5	2	3	T	[SP00]	[SP00]	[SP00]	 4.9957183837890625E+001	 4.9957183837890625E+001	 4.9957183837890625E+001	 1.0000000474974513E-003	 1.6810497527330881E-006	 2.8259282934539609E-012	-1.9065080210566521E-002	-1.9065251573920250E-002	 1.6810497527330881E-006	 2.8259282934539609E-012	-1.9065080210566521E-002	-3.2049349840690411E-008	 1.1205474853515625E+003	 4.9957183837890625E+001	 1.6746383666992188E+002	 1.0546128082275391E+002
1	 2.0000000000000000E+002	22	5	2	6	2	3	T	[SP00]	[SP00]	[SP00]	 4.9957183837890625E+001	 4.9957183837890625E+001	 4.9957183837890625E+001	 1.0000000474974513E-003	 2.5259776492703168E-008	 6.3805631369994917E-016	-5.1791658625006676E-003	-5.1791695877909660E-003	 2.5259776492703168E-008	 6.3805631369994917E-016	-5.1791658625006676E-003	-1.3082457339663733E-010	 1.1205474853515625E+003	 4.9957183837890625E+001	 1.6746383666992188E+002	 1.0546128082275391E+002
1	 2.0000000000000000E+002	23	6	1	5	1	25	T	[SP00]	[SP00]	[SP00]	 4.9957183837890625E+001	 4.9957183837890625E+001	 4.9957183837890625E+001	 1.0000000474974513E-003	 1.5929455230434542E-006	 2.5374754381024545E-012	-7.6413950882852077E-003	-7.6371114701032639E-003	 1.5929455230434542E-006	 2.5374754381024545E-012	-7.6413950882852077E-003	-1.2172326258053090E-008	 1.1205474853515625E+003	 4.9957183837890625E+001	 1.6746383666992188E+002	 1.0546128082275391E+002
1	 2.0000000000000000E+002	24	6	1	6	1	3	T	[SP00]	[SP00]	[SP00]	 4.9957183837890625E+001	 4.9957183837890625E+001	 4.9957183837890625E+001	 1.0000000474974513E-003	 9.4136034078928787E-008	 8.8615926256046043E-015	-1.6021830961108208E-003	-1.6020939219743013E-003	 9.4136034078928787E-008	 8.8615926256046043E-015	-1.6021830961108208E-003	-1.5082315951708836E-010	 1.1205474853515625E+003	 4.9957183837890625E+001	 1.6746383666992188E+002	 1.0546128082275391E+002
1	 2.0000000000000000E+002	25	6	2	5	2	25	T	[SP00]	[SP00]	[SP00]	 4.9957183837890625E+001	 4.9957183837890625E+001	 4.9957183837890625E+001	 1.0000000474974513E-003	 1.6810497527330881E-006	 2.8259282934539609E-012	 6.0639712028205395E-003	 6.0667516663670540E-003	 1.6810497527330881E-006	 2.8259282934539609E-012	 6.0639712028205395E-003	 1.0193836885719065E-008	 1.1205474853515625E+003	 4.9957183837890625E+001	 1.6746383666992188E+002	 1.0546128082275391E+002
1	 2.0000000000000000E+002	26	6	2	6	2	3	T	[SP00]	[SP00]	[SP00]	 4.9957183837890625E+001	 4.9957183837890625E+001	 4.9957183837890625E+001	 1.0000000474974513E-003	 2.5259776492703168E-008	 6.3805631369994917E-016	 1.3369156513363123E-003	 1.3369737425819039E-003	 2.5259776492703168E-008	 6.3805631369994917E-016	 1.3369156513363123E-003	 3.3770191504300939E-011	 1.1205474853515625E+003	 4.9957183837890625E+001	 1.6746383666992188E+002	 1.0546128082275391E+002
2	 3.0000000000000000E+002	1	1	1	5	3	25	T	[SP00]	[SP00]	[SP00]	 1.4995721435546875E+002	 1.4995721435546875E+002	 1.4995721435546875E+002	 1.0000000474974513E-003	 4.7164765419438481E-005	 2.2245150166355643E-009	-2.2962051630020142E-001	-2.3007580637931824E-001	 4.7164765419438481E-005	 2.2245150166355643E-009	-2.2962051630020142E-001	-1.0829997336259112E-005	 1.2013649902343750E+003	 1.4995721435546875E+002	 2.3429747009277344E+002	 1.9681317138671875E+002
2	 3.0000000000000000E+002	2	1	1	6	3	25	T	[SP00]	[SP00]	[SP00]	 1.4995721435546875E+002	 1.4995721435546875E+002	 1.4995721435546875E+002	 1.0000000474974513E-003	 8.0716154116089456E-006	 6.5150974892791425E-011	-7.4963442981243134E-002	-7.4983291327953339E-002	 8.0716154116089456E-006	 6.5150974892791425E-011	-7.4963442981243134E-002	-6.0507608168336446E-007	 1.2013649902343750E+003	 1.4995721435546875E+002	 2.3429747009277344E+002	 1.9681317138671875E+002
2	 3.0000000000000000E+002	3	1	2	2	4	21	T	[SP00]	[SP00]	[SP00]	 1.4995721435546875E+002	 1.4995721435546875E+002	 1.4995721435546875E+002	 1.0000000474974513E-003	 4.6590843796730042E-001	 6.8146437406539917E-001	-2.9937019348144531E+000	-2.7606310844421387E+000	 4.6590843796730042E-001	 6.8146437406539917E-001	-1.4936054944992065E+000	-2.1846327781677246E+000	 1.2013649902343750E+003	 1.4995721435546875E+002	 2.3429747009277344E+002	 1.9681317138671875E+002
2	 3.0000000000000000E+002	4	1	2	5	4	25	T	[SP00]	[SP00]	[SP00]	 1.4995721435546875E+002	 1.4995721435546875E+002	 1.4995721435546875E+002	 1.0000000474974513E-003	-3.0729417630936950E-005	 9.4429708497045795E-010	-8.8641837239265442E-002	-8.8624745607376099E-002	-3.0729417630936950E-005	 9.4429708497045795E-010	-8.8641837239265442E-002	 2.7239120754529722E-006	 1.2013649902343750E+003	 1.4995721435546875E+002	 2.3429747009277344E+002	 1.9681317138671875E+002
2	 3.0000000000000000E+002	5	1	2	6	4	25	T	[SP00]	[SP00]	[SP00]	 1.4995721435546875E+002	 1.4995721435546875E+002	 1.4995721435546875E+002	 1.0000000474974513E-003	 3.3719381463015452E-005	 1.1369967189978070E-009	-3.5044733434915543E-002	-3.5043869167566299E-002	 3.3719381463015452E-005	 1.1369967189978070E-009	-3.4956235438585281E-002	-1.1787026323872851E-006	 1.2013649902343750E+003	 1.4995721435546875E+002	 2.3429747009277344E+002	 1.9681317138671875E+002
2	 3.0000000000000000E+002	6	2	1	5	3	25	T	[SP00]	[SP00]	[SP00]	 1.4995721435546875E+002	 1.4995721435546875E+002	 1.4995721435546875E+002	 1.0000000474974513E-003	 4.7164765419438481E-005	 2.2245150166355643E-009	-4.6600084751844406E-002	-4.6978000551462173E-002	 4.7164765419438481E-005	 2.2245150166355643E-009	-3.8554489612579346E-002	-1.8184134660259588E-006	 1.2013649902343750E+003	 1.4995721435546875E+002	 2.3429747009277344E+002	 1.9681317138671875E+002
2	 3.0000000000000000E+002	7	2	1	6	3	25	T	[SP00]	[SP00]	[SP00]	 1.4995721435546875E+002	 1.4995721435546875E+002	 1.4995721435546875E+002	 1.0000000474974513E-003	 8.0716154116089456E-006	 6.5150974892791425E-011	-1.4503428712487221E-002	-1.4521652832627296E-002	 8.0716154116089456E-006	 6.5150974892791425E-011	-1.4434866607189178E-002	-1.1651268749801602E-007	 1.2013649902343750E+003	 1.4995721435546875E+002	 2.3429747009277344E+002	 1.9681317138671875E+002
2	 3.0000000000000000E+002	8	2	2	2	4	21	T	[SP00]	[SP00]	[SP00]	 1.4995721435546875E+002	 1.4995721435546875E+002	 1.4995721435546875E+002	 1.0000000474974513E-003	 4.6590843796730042E-001	 6.8146437406539917E-001	 1.9172668457031250E+001	 1.3941228866577148E+001	 4.6590843796730042E-001	 6.8146437406539917E-001	 3.0451885223388672E+001	 4.4540672302246094E+001	 1.2013649902343750E+003	 1.4995721435546875E+002	 2.3429747009277344E+002	 1.9681317138671875E+002
2	 3.0000000000000000E+002	9	2	2	5	4	25	T	[SP00]	[SP00]	[SP00]	 1.4995721435546875E+002	 1.4995721435546875E+002	 1.4995721435546875E+002	 1.0000000474974513E-003	-3.0729417630936950E-005	 9.4429708497045795E-010	 3.6244623363018036E-002	 3.6013703793287277E-002	-3.0729417630936950E-005	 9.4429708497045795E-010	 3.6244623363018036E-002	-1.1137761930513079E-006	 1.2013649902343750E+003	 1.4995721435546875E+002	 2.3429747009277344E+002	 1.9681317138671875E+002
2	 3.0000000000000000E+002	10	2	2	6	4	25	T	[SP00]	[SP00]	[SP00]	 1.4995721435546875E+002	 1.4995721435546875E+002	 1.4995721435546875E+002	 1.0000000474974513E-003	 3.3719381463015452E-005	 1.1369967189978070E-009	 1.2235403060913086E-002	 1.2224227190017700E-002	 3.3719381463015452E-005	 1.1369967189978070E-009	 1.2101971544325352E-002	 4.0807100276651909E-007	 1.2013649902343750E+003	 1.4995721435546875E+002	 2.3429747009277344E+002	 1.9681317138671875E+002
2	 3.0000000000000000E+002	11	3	1	5	1	25	T	[SP00]	[SP00]	[SP00]	 1.4995721435546875E+002	 1.4995721435546875E+002	 1.4995721435546875E+002	 1.0000000474974513E-003	 1.4616626140195876E-004	 2.1364575886195780E-008	 1.4941509068012238E-001	 1.4926332235336304E-001	 1.4616626140195876E-004	 2.1364575886195780E-008	 1.4941509068012238E-001	 2.1839445253135636E-005	 1.2013649902343750E+003	 1.4995721435546875E+002	 2.3429747009277344E+002	 1.9681317138671875E+002
2	 3.0000000000000000E+002	12	3	1	6	1	25	T	[SP00]	[SP00]	[SP00]	 1.4995721435546875E+002	 1.4995721435546875E+002	 1.4995721435546875E+002	 1.0000000474974513E-003	 1.1643913239822723E-005	 1.3558071332298027E-010	 5.0291210412979126E-002	 5.0284594297409058E-002	 1.1643913239822723E-005	 1.3558071332298027E-010	 5.0291210412979126E-002	 5.8558646287565352E-007	 1.2013649902343750E+003	 1.4995721435546875E+002	 2.3429747009277344E+002	 1.9681317138671875E+002
2	 3.0000000000000000E+002	13	3	2	5	2	25	T	[SP00]	[SP00]	[SP00]	 1.4995721435546875E+002	 1.4995721435546875E+002	 1.4995721435546875E+002	 1.0000000474974513E-003	 8.6277592345140874E-005	 7.4438228914175397E-009	 5.9067074209451675E-002	 5.9072770178318024E-002	 8.6277592345140874E-005	 7.4438228914175397E-009	 5.9067074209451675E-002	 5.0961648412339855E-006	 1.2013649902343750E+003	 1.4995721435546875E+002	 2.3429747009277344E+002	 1.9681317138671875E+002
2	 3.0000000000000000E+002	14	3	2	6	2	25	T	[SP00]	[SP00]	[SP00]	 1.4995721435546875E+002	 1.4995721435546875E+002	 1.4995721435546875E+002	 1.0000000474974513E-003	-4.5626284190802835E-006	 2.0817578563758765E-011	 2.3363113403320312E-002	 2.3363402113318443E-002	-4.5626284190802835E-006	 2.0817578563758765E-011	 2.3363113403320312E-002	-1.0659720572903097E-007	 1.2013649902343750E+003	 1.4995721435546875E+002	 2.3429747009277344E+002	 1.9681317138671875E+002
2	 3.0000000000000000E+002	15	4	1	5	1	25	T	[SP00]	[SP00]	[SP00]	 1.4995721435546875E+002	 1.4995721435546875E+002	 1.4995721435546875E+002	 1.0000000474974513E-003	 1.4616626140195876E-004	 2.1364575886195780E-008	 3.1564287841320038E-002	 3.1438317149877548E-002	 1.4616626140195876E-004	 2.1364575886195780E-008	 3.0260942876338959E-002	 4.4231292122276500E-006	 1.2013649902343750E+003	 1.4995721435546875E+002	 2.3429747009277344E+002	 1.9681317138671875E+002
2	 3.0000000000000000E+002	16	4	1	6	1	25	T	[SP00]	[SP00]	[SP00]	 1.4995721435546875E+002	 1.4995721435546875E+002	 1.4995721435546875E+002	 1.0000000474974513E-003	 1.1643913239822723E-005	 1.3558071332298027E-010	 9.6798203885555267E-003	 9.6737453714013100E-003	 1.1643913239822723E-005	 1.3558071332298027E-010	 9.6940314397215843E-003	 1.1287645662605428E-007	 1.2013649902343750E+003	 1.4995721435546875E+002	 2.3429747009277344E+002	 1.9681317138671875E+002
2	 3.0000000000000000E+002	17	4	2	5	2	25	T	[SP00]	[SP00]	[SP00]	 1.4995721435546875E+002	 1.4995721435546875E+002	 1.4995721435546875E+002	 1.0000000474974513E-003	 8.6277592345140874E-005	 7.4438228914175397E-009	-2.4958904832601547E-002	-2.5035876780748367E-002	 8.6277592345140874E-005	 7.4438228914175397E-009	-2.5929495692253113E-002	-2.2371343675331445E-006	 1.2013649902343750E+003	 1.4995721435546875E+002	 2.3429747009277344E+002	 1.9681317138671875E+002
2	 3.0000000000000000E+002	18	4	2	6	2	25	T	[SP00]	[SP00]	[SP00]	 1.4995721435546875E+002	 1.4995721435546875E+002	 1.4995721435546875E+002	 1.0000000474974513E-003	-4.5626284190802835E-006	 2.0817578563758765E-011	-8.0667184665799141E-003	-8.0704437568783760E-003	-4.5626284190802835E-006	 2.0817578563758765E-011	-8.1476317718625069E-003	 3.7174615385993093E-008	 1.2013649902343750E+003	 1.4995721435546875E+002	 2.3429747009277344E+002	 1.9681317138671875E+002
2	 3.0000000000000000E+002	19	5	1	5	1	3	T	[SP00]	[SP00]	[SP00]	 1.4995721435546875E+002	 1.4995721435546875E+002	 1.4995721435546875E+002	 1.0000000474974513E-003	 1.4616626140195876E-004	 2.1364575886195780E-008	-1.5380440652370453E-001	-1.5365263819694519E-001	 1.4616626140195876E-004	 2.1364575886195780E-008	-1.5380440652370453E-001	-2.2481015548692085E-005	 1.2013649902343750E+003	 1.4995721435546875E+002	 2.3429747009277344E+002	 1.9681317138671875E+002
2	 3.0000000000000000E+002	20	5	1	6	1	3	T	[SP00]	[SP00]	[SP00]	 1.4995721435546875E+002	 1.4995721435546875E+002	 1.4995721435546875E+002	 1.0000000474974513E-003	 1.1643913239822723E-005	 1.3558071332298027E-010	-4.9980334937572479E-002	-4.9973718822002411E-002	 1.1643913239822723E-005	 1.3558071332298027E-010	-4.9980334937572479E-002	-5.8196667396259727E-007	 1.2013649902343750E+003	 1.4995721435546875E+002	 2.3429747009277344E+002	 1.9681317138671875E+002
2	 3.0000000000000000E+002	21	5	2	5	2	3	T	[SP00]	[SP00]	[SP00]	 1.4995721435546875E+002	 1.4995721435546875E+002	 1.4995721435546875E+002	 1.0000000474974513E-003	 8.6277592345140874E-005	 7.4438228914175397E-009	-5.9078622609376907E-002	-5.9084318578243256E-002	 8.6277592345140874E-005	 7.4438228914175397E-009	-5.9078622609376907E-002	-5.0971611926797777E-006	 1.2013649902343750E+003	 1.4995721435546875E+002	 2.3429747009277344E+002	 1.9681317138671875E+002
2	 3.0000000000000000E+002	22	5	2	6	2	3	T	[SP00]	[SP00]	[SP00]	 1.4995721435546875E+002	 1.4995721435546875E+002	 1.4995721435546875E+002	 1.0000000474974513E-003	-4.5626284190802835E-006	 2.0817578563758765E-011	-2.3362213745713234E-002	-2.3362502455711365E-002	-4.5626284190802835E-006	 2.0817578563758765E-011	-2.3362213745713234E-002	 1.0659309879201828E-007	 1.2013649902343750E+003	 1.4995721435546875E+002	 2.3429747009277344E+002	 1.9681317138671875E+002
2	 3.0000000000000000E+002	23	6	1	5	1	25	T	[SP00]	[SP00]	[SP00]	 1.4995721435546875E+002	 1.4995721435546875E+002	 1.4995721435546875E+002	 1.0000000474974513E-003	 1.4616626140195876E-004	 2.1364575886195780E-008	-3.1534478068351746E-002	-3.1408507376909256E-002	 1.4616626140195876E-004	 2.1364575886195780E-008	-3.1534478068351746E-002	-4.6092768570815679E-006	 1.2013649902343750E+003	 1.4995721435546875E+002	 2.3429747009277344E+002	 1.9681317138671875E+002
2	 3.0000000000000000E+002	24	6	1	6	1	3	T	[SP00]	[SP00]	[SP00]	 1.4995721435546875E+002	 1.4995721435546875E+002	 1.4995721435546875E+002	 1.0000000474974513E-003	 1.1643913239822723E-005	 1.3558071332298027E-010	-9.6816541627049446E-003	-9.6755791455507278E-003	 1.1643913239822723E-005	 1.3558071332298027E-010	-9.6816541627049446E-003	-1.1273234434838741E-007	 1.2013649902343750E+003	 1.4995721435546875E+002	 2.3429747009277344E+002	 1.9681317138671875E+002
2	 3.0000000000000000E+002	25	6	2	5	2	25	T	[SP00]	[SP00]	[SP00]	 1.4995721435546875E+002	 1.4995721435546875E+002	 1.4995721435546875E+002	 1.0000000474974513E-003	 8.6277592345140874E-005	 7.4438228914175397E-009	 2.4641714990139008E-002	 2.4718686938285828E-002	 8.6277592345140874E-005	 7.4438228914175397E-009	 2.4641714990139008E-002	 2.1260277662804583E-006	 1.2013649902343750E+003	 1.4995721435546875E+002	 2.3429747009277344E+002	 1.9681317138671875E+002
2	 3.0000000000000000E+002	26	6	2	6	2	3	T	[SP00]	[SP00]	[SP00]	 1.4995721435546875E+002	 1.4995721435546875E+002	 1.4995721435546875E+002	 1.0000000474974513E-003	-4.5626284190802835E-006	 2.0817578563758765E-011	 8.0912178382277489E-003	 8.0949431285262108E-003	-4.5626284190802835E-006	 2.0817578563758765E-011	 8.0912178382277489E-003	-3.6917221279963996E-008	 1.2013649902343750E+003	 1.4995721435546875E+002	 2.3429747009277344E+002	 1.9681317138671875E+002
