file	routine	kind	routine_start_line	routine_end_line	common_line	cm12_stage	referenced_fields	direct_write_fields	call_argument_fields	read_or_control_fields	declaration_only_fields
prsd.f	__MAIN__	implicit-main	1	1045	1	legacy-request-orchestration	MTRN,IR,NN,NE,NA,IE,IA,NNBT,IT,TITLE,DTTL,MTTL,ITTL,EMR,EMI,E,PEM,HR,HI,HRX,HIX,DUM,A,ERR,OBS,DOBS,XEX,HDAT,IR0,NINC,NINCMX,NNL,NMTTL,NITTL	MTRN,IR,NN,NE,NA,IT,DTTL,E,PEM,HRX,HIX,DUM,A,XEX,NINC,NINCMX,NNL	MTRN,IR,NN,IE,IA,IT,TITLE,DTTL,MTTL,ITTL,E,HRX,HIX,DUM,A,XEX,IR0,NINCMX	MTRN,IR,NN,NE,NA,IE,IA,NNBT,IT,TITLE,DTTL,MTTL,ITTL,EMR,EMI,E,PEM,HR,HI,HRX,HIX,DUM,A,ERR,OBS,DOBS,XEX,HDAT,IR0,NINC,NINCMX,NMTTL,NITTL	MM,JJ,LL,II,NPRM,TTLI,ZKCM,QCM,EPI,NF,BAS,P0,DDP,ETHR,YZ,ERMTX,OBSX,TEX,NBT,CIS,CH,THTX,DER,DEI,DPZ,OBSPRD
prsd.f	PRCHICMP	subroutine	1058	1280	1060	outside-current-cm12-contract	MTRN,IR,NE,NA,II,IT,TITLE,DTTL,MTTL,ITTL,E,A,OBSX,ERR,OBS,XEX,HDAT,IR0,NMTTL,NITTL	IR,NE,NA,II,IT,E,A,OBSX,ERR	MTRN,IR,MTTL,XEX	MTRN,IR,NE,NA,II,IT,TITLE,DTTL,MTTL,ITTL,A,OBSX,ERR,OBS,XEX,HDAT,IR0,NMTTL,NITTL	MM,JJ,LL,NN,IE,IA,NNBT,NPRM,EMR,EMI,TTLI,ZKCM,QCM,EPI,NF,PEM,BAS,HR,HI,HRX,HIX,P0,DDP,ETHR,YZ,ERMTX,DUM,TEX,DOBS,NBT,CIS,CH,THTX,NINC,NINCMX,NNL,DER,DEI,DPZ,OBSPRD
prsd.f	SETEK	subroutine	1281	1338	1282	request-grid-setup	IR,NE,IT,DTTL,MTTL,CIS,IR0,NMTTL	IR,MTTL,IR0,NMTTL	IR,DTTL	IR,NE,IT,DTTL,CIS,IR0,NMTTL	MTRN,MM,JJ,LL,NN,NA,IE,IA,II,NNBT,NPRM,TITLE,ITTL,EMR,EMI,TTLI,E,ZKCM,QCM,EPI,NF,PEM,BAS,HR,HI,HRX,HIX,P0,DDP,ETHR,YZ,ERMTX,DUM,A,OBSX,ERR,TEX,OBS,DOBS,XEX,NBT,CH,HDAT,THTX,NINC,NINCMX,NNL,NITTL,DER,DEI,DPZ,OBSPRD
prsd.f	PRBAS	subroutine	1349	1491	1350	retained-amplitude-pipeline	IR,MM,JJ,LL,NE,NA,IE,IA,II,TITLE,EMR,EMI,E,ZKCM,QCM,EPI,NF,PEM,HR,HI,HRX,HIX,ETHR,A,OBS,IR0,NNL,DER,DEI,OBSPRD	MM,JJ,LL,IE,IA,II,EMR,EMI,NF,HR,HI,ETHR,OBS,DER,DEI	ZKCM,QCM,EPI	IR,NE,NA,IA,II,TITLE,EMR,EMI,E,QCM,NF,PEM,HR,HI,HRX,HIX,ETHR,A,IR0,NNL,DER,DEI,OBSPRD	MTRN,NN,NNBT,IT,NPRM,DTTL,MTTL,ITTL,TTLI,BAS,P0,DDP,YZ,ERMTX,DUM,OBSX,ERR,TEX,DOBS,XEX,NBT,CIS,CH,HDAT,THTX,NINC,NINCMX,NMTTL,NITTL,DPZ
prsd.f	PROBS	subroutine	1492	1645	1493	retained-observable-kernel	IR,IE,IA,II,IT,TITLE,EMR,EMI,E,ZKCM,QCM,HRX,HIX,ETHR,ERMTX,A,CIS,IR0,NMTTL,OBSPRD	II,OBSPRD		IR,IE,IA,II,IT,TITLE,EMR,EMI,E,ZKCM,QCM,HRX,HIX,ETHR,ERMTX,A,CIS,IR0,NMTTL,OBSPRD	MTRN,MM,JJ,LL,NN,NE,NA,NNBT,NPRM,DTTL,MTTL,ITTL,TTLI,EPI,NF,PEM,BAS,HR,HI,P0,DDP,YZ,DUM,OBSX,ERR,TEX,OBS,DOBS,XEX,NBT,CH,HDAT,THTX,NINC,NINCMX,NNL,NITTL,DER,DEI,DPZ
prsd.f	PROBSL	subroutine	1646	1729	1647	uncontracted-observable-kernel	IR,IE,IA,IT,TITLE,E,ZKCM,QCM,PEM,HRX,HIX,A,OBSPRD	OBSPRD		IR,IE,IA,IT,TITLE,E,ZKCM,QCM,PEM,HRX,HIX,A	MTRN,MM,JJ,LL,NN,NE,NA,II,NNBT,NPRM,DTTL,MTTL,ITTL,EMR,EMI,TTLI,EPI,NF,BAS,HR,HI,P0,DDP,ETHR,YZ,ERMTX,DUM,OBSX,ERR,TEX,OBS,DOBS,XEX,NBT,CIS,CH,HDAT,IR0,THTX,NINC,NINCMX,NNL,NMTTL,NITTL,DER,DEI,DPZ
prsd.f	PRSOL	subroutine	1795	2313	1796	solution-loader-and-dispatch	MTRN,IR,MM,JJ,LL,NE,NA,IE,II,NNBT,IT,NPRM,TITLE,EMR,EMI,TTLI,E,NF,PEM,P0,DDP,ERMTX,DUM,A,NBT,HDAT,IR0,NNL,DER,DEI	IR,LL,NE,NA,IE,II,NNBT,IT,NPRM,TITLE,TTLI,E,NF,PEM,P0,DDP,ERMTX,DUM,A,NBT	MTRN,NNBT,NPRM,TITLE,TTLI,PEM,ERMTX,DUM,NBT	MTRN,MM,JJ,LL,NE,II,NNBT,NPRM,TITLE,EMR,EMI,TTLI,E,NF,PEM,ERMTX,DUM,A,NBT,HDAT,IR0,NNL,DER,DEI	NN,IA,DTTL,MTTL,ITTL,ZKCM,QCM,EPI,BAS,HR,HI,HRX,HIX,ETHR,YZ,OBSX,ERR,TEX,OBS,DOBS,XEX,CIS,CH,THTX,NINC,NINCMX,NMTTL,NITTL,DPZ,OBSPRD
prsd.f	PRDLT	subroutine	2314	2587	2315	multipole-evaluation-dispatch	IR,MM,JJ,LL,NE,IE,IT,TITLE,EMR,EMI,TTLI,E,ZKCM,QCM,EPI,NF,PEM,ETHR,ERMTX,IR0,DER,DEI	PEM,DER,DEI	IR,LL,IE,TITLE,TTLI,E,DER,DEI	IR,MM,JJ,LL,NE,IE,IT,TITLE,EMR,EMI,E,ZKCM,QCM,EPI,NF,PEM,ETHR,ERMTX,IR0,DER,DEI	MTRN,NN,NA,IA,II,NNBT,NPRM,DTTL,MTTL,ITTL,BAS,HR,HI,HRX,HIX,P0,DDP,YZ,DUM,A,OBSX,ERR,TEX,OBS,DOBS,XEX,NBT,CIS,CH,HDAT,THTX,NINC,NINCMX,NNL,NMTTL,NITTL,DPZ,OBSPRD
prsd.f	MD07M	subroutine	2713	2763	2714	outside-current-cm12-contract	IR,MM,JJ,LL,IE,II,TITLE,TTLI,E,EPI,NF,PEM,DER,DEI	II,TTLI,DER,DEI	LL,TTLI,EPI,DER,DEI	IR,MM,JJ,LL,IE,II,TITLE,E,NF,PEM,DER,DEI	MTRN,NN,NE,NA,IA,NNBT,IT,NPRM,DTTL,MTTL,ITTL,EMR,EMI,ZKCM,QCM,BAS,HR,HI,HRX,HIX,P0,DDP,ETHR,YZ,ERMTX,DUM,A,OBSX,ERR,TEX,OBS,DOBS,XEX,NBT,CIS,CH,HDAT,IR0,THTX,NINC,NINCMX,NNL,NMTTL,NITTL,DPZ,OBSPRD
prsd.f	ROT4	subroutine	2832	2921	2833	outside-current-cm12-contract	MM,JJ,LL,NE,IE,TTLI,E,ZKCM,QCM,EPI,NF,PEM,DER,DEI	DER,DEI	LL,TTLI	MM,JJ,LL,NE,IE,E,ZKCM,QCM,EPI,NF,PEM	MTRN,IR,NN,NA,IA,II,NNBT,IT,NPRM,TITLE,DTTL,MTTL,ITTL,EMR,EMI,BAS,HR,HI,HRX,HIX,P0,DDP,ETHR,YZ,ERMTX,DUM,A,OBSX,ERR,TEX,OBS,DOBS,XEX,NBT,CIS,CH,HDAT,IR0,THTX,NINC,NINCMX,NNL,NMTTL,NITTL,DPZ,OBSPRD
prsd.f	EKDLT	subroutine	3031	3244	3032	outside-current-cm12-contract	MM,JJ,LL,NN,NE,IE,IT,TITLE,EMR,EMI,TTLI,E,ZKCM,QCM,EPI,NF,PEM,ERMTX,IR0,NMTTL,DER,DEI	NN,NF,DER,DEI	LL,TTLI	MM,JJ,LL,NN,NE,IE,IT,TITLE,EMR,EMI,E,ZKCM,QCM,EPI,NF,PEM,ERMTX,IR0,NMTTL,DER,DEI	MTRN,IR,NA,IA,II,NNBT,NPRM,DTTL,MTTL,ITTL,BAS,HR,HI,HRX,HIX,P0,DDP,ETHR,YZ,DUM,A,OBSX,ERR,TEX,OBS,DOBS,XEX,NBT,CIS,CH,HDAT,THTX,NINC,NINCMX,NNL,NITTL,DPZ,OBSPRD
prsd.f	DLTMAID	subroutine	3450	3595	3451	outside-current-cm12-contract	IR,MM,JJ,LL,NE,IE,TITLE,TTLI,E,EPI,NF,PEM,A,IR0,DER,DEI	TTLI,DER,DEI	IR,LL,TTLI,EPI	MM,JJ,LL,NE,IE,TITLE,E,NF,PEM,A,IR0,DER,DEI	MTRN,NN,NA,IA,II,NNBT,IT,NPRM,DTTL,MTTL,ITTL,EMR,EMI,ZKCM,QCM,BAS,HR,HI,HRX,HIX,P0,DDP,ETHR,YZ,ERMTX,DUM,OBSX,ERR,TEX,OBS,DOBS,XEX,NBT,CIS,CH,HDAT,THTX,NINC,NINCMX,NNL,NMTTL,NITTL,DPZ,OBSPRD
prsd.f	EKDLTX	subroutine	3877	3972	3878	outside-current-cm12-contract	MM,JJ,LL,NE,IE,IT,TITLE,TTLI,E,NF,PEM,DER,DEI	DER,DEI		MM,JJ,LL,NE,IE,IT,TITLE,TTLI,E,NF,PEM,DER,DEI	MTRN,IR,NN,NA,IA,II,NNBT,NPRM,DTTL,MTTL,ITTL,EMR,EMI,ZKCM,QCM,EPI,BAS,HR,HI,HRX,HIX,P0,DDP,ETHR,YZ,ERMTX,DUM,A,OBSX,ERR,TEX,OBS,DOBS,XEX,NBT,CIS,CH,HDAT,IR0,THTX,NINC,NINCMX,NNL,NMTTL,NITTL,DPZ,OBSPRD
prsd.f	EKDXX	subroutine	3973	4029	3974	outside-current-cm12-contract	MM,JJ,LL,NE,IE,TTLI,E,ZKCM,QCM,NF,PEM,DER,DEI	DER,DEI	LL,TTLI	MM,JJ,LL,NE,IE,E,ZKCM,QCM,NF,PEM,DER,DEI	MTRN,IR,NN,NA,IA,II,NNBT,IT,NPRM,TITLE,DTTL,MTTL,ITTL,EMR,EMI,EPI,BAS,HR,HI,HRX,HIX,P0,DDP,ETHR,YZ,ERMTX,DUM,A,OBSX,ERR,TEX,OBS,DOBS,XEX,NBT,CIS,CH,HDAT,IR0,THTX,NINC,NINCMX,NNL,NMTTL,NITTL,DPZ,OBSPRD
prsd.f	PPRCHP	subroutine	4450	4526	4451	outside-current-cm12-contract	MTRN,MM,JJ,LL,NN,NE,NPRM,NF,PEM	MM,JJ,LL,NN,PEM	MTRN,MM,JJ,LL,PEM	MTRN,MM,JJ,LL,NN,NE,NPRM,NF,PEM	IR,NA,IE,IA,II,NNBT,IT,TITLE,DTTL,MTTL,ITTL,EMR,EMI,TTLI,E,ZKCM,QCM,EPI,BAS,HR,HI,HRX,HIX,P0,DDP,ETHR,YZ,ERMTX,DUM,A,OBSX,ERR,TEX,OBS,DOBS,XEX,NBT,CIS,CH,HDAT,IR0,THTX,NINC,NINCMX,NNL,NMTTL,NITTL,DER,DEI,DPZ,OBSPRD
prsd.f	PRMOBS	subroutine	4574	4723	4575	outside-current-cm12-contract	MTRN,NE,NA,IE,IA,IT,TITLE,ITTL,OBS,HDAT,NITTL	IT	MTRN,TITLE,ITTL	MTRN,NE,NA,IE,IA,TITLE,ITTL,OBS,HDAT,NITTL	IR,MM,JJ,LL,NN,II,NNBT,NPRM,DTTL,MTTL,EMR,EMI,TTLI,E,ZKCM,QCM,EPI,NF,PEM,BAS,HR,HI,HRX,HIX,P0,DDP,ETHR,YZ,ERMTX,DUM,A,OBSX,ERR,TEX,DOBS,XEX,NBT,CIS,CH,IR0,THTX,NINC,NINCMX,NNL,NMTTL,DER,DEI,DPZ,OBSPRD
prsd.f	PRSETC	subroutine	4852	4932	4853	outside-current-cm12-contract	NNBT,MTTL,ITTL,E,NF,PEM,CIS,CH,HDAT,NNL,NMTTL,NITTL	NNBT,MTTL,ITTL,NF,PEM,CIS,CH,HDAT,NMTTL,NITTL		E,NNL	MTRN,IR,MM,JJ,LL,NN,NE,NA,IE,IA,II,IT,NPRM,TITLE,DTTL,EMR,EMI,TTLI,ZKCM,QCM,EPI,BAS,HR,HI,HRX,HIX,P0,DDP,ETHR,YZ,ERMTX,DUM,A,OBSX,ERR,TEX,OBS,DOBS,XEX,NBT,IR0,THTX,NINC,NINCMX,DER,DEI,DPZ,OBSPRD
prsd.f	PRDA	subroutine	4970	5005	4971	partial-wave-amplitude-accumulation	IR,MM,JJ,LL,IA,II,BAS,HR,HI,HRX,HIX,A,CIS,CH,DER,DEI	HRX,HIX	BAS	IR,MM,JJ,LL,IA,II,BAS,HR,HI,HRX,HIX,A,CIS,CH,DER,DEI	MTRN,NN,NE,NA,IE,NNBT,IT,NPRM,TITLE,DTTL,MTTL,ITTL,EMR,EMI,TTLI,E,ZKCM,QCM,EPI,NF,PEM,P0,DDP,ETHR,YZ,ERMTX,DUM,OBSX,ERR,TEX,OBS,DOBS,XEX,NBT,HDAT,IR0,THTX,NINC,NINCMX,NNL,NMTTL,NITTL,DPZ,OBSPRD
prsd.f	PRODO	subroutine	5006	5069	5007	outside-current-cm12-contract	MM,JJ,LL,NE,NA,IE,IA,II,NNBT,NPRM,EMR,EMI,E,PEM,HR,HI,HRX,HIX,P0,DDP,YZ,ERMTX,OBS,DOBS,NBT,DER,DEI,DPZ,OBSPRD	LL,IE,IA,II,EMR,EMI,PEM,HRX,HIX,YZ,OBS,DOBS,DER,DEI	NPRM,YZ,ERMTX,DPZ	MM,JJ,LL,NE,NA,IE,II,NNBT,NPRM,EMR,EMI,E,HR,HI,P0,DDP,YZ,OBS,NBT,DER,DEI,DPZ,OBSPRD	MTRN,IR,NN,IT,TITLE,DTTL,MTTL,ITTL,TTLI,ZKCM,QCM,EPI,NF,BAS,ETHR,DUM,A,OBSX,ERR,TEX,XEX,CIS,CH,HDAT,IR0,THTX,NINC,NINCMX,NNL,NMTTL,NITTL
prsd.f	PRCHI	subroutine	5070	5404	5071	outside-current-cm12-contract	MTRN,IR,MM,NN,NE,NA,IE,IA,II,IT,TITLE,DTTL,MTTL,ITTL,E,HR,HI,HRX,HIX,YZ,DUM,A,OBSX,ERR,OBS,XEX,HDAT,IR0,NMTTL,NITTL,OBSPRD	MTRN,IR,MM,NN,NE,NA,IE,IA,II,IT,E,HRX,HIX,YZ,DUM,A,OBS,XEX,OBSPRD	MTRN,MTTL,XEX	MTRN,IR,MM,NN,NE,NA,II,IT,TITLE,DTTL,MTTL,ITTL,E,HR,HI,YZ,DUM,A,OBSX,ERR,OBS,XEX,HDAT,IR0,NMTTL,NITTL,OBSPRD	JJ,LL,NNBT,NPRM,EMR,EMI,TTLI,ZKCM,QCM,EPI,NF,PEM,BAS,P0,DDP,ETHR,ERMTX,TEX,DOBS,NBT,CIS,CH,THTX,NINC,NINCMX,NNL,DER,DEI,DPZ
prsd.f	PRSHIFT	subroutine	5405	5634	5406	outside-current-cm12-contract	MTRN,IR,JJ,NN,NE,NA,IE,IT,TITLE,E,DUM,A,OBSX,ERR,OBS,XEX,NBT,IR0,THTX	MTRN,IR,JJ,NN,NE,NA,IE,IT,E,DUM,A,OBSX,ERR,XEX,NBT,THTX	MTRN,XEX	MTRN,IR,JJ,NE,NA,TITLE,E,DUM,A,OBSX,ERR,OBS,XEX,NBT,IR0,THTX	MM,LL,IA,II,NNBT,NPRM,DTTL,MTTL,ITTL,EMR,EMI,TTLI,ZKCM,QCM,EPI,NF,PEM,BAS,HR,HI,HRX,HIX,P0,DDP,ETHR,YZ,ERMTX,TEX,DOBS,CIS,CH,HDAT,NINC,NINCMX,NNL,NMTTL,NITTL,DER,DEI,DPZ,OBSPRD
prsd.f	PRSUMRL	subroutine	5733	5816	5734	outside-current-cm12-contract	MTRN,IR,LL,NE,NA,IT,EMR,EMI,E,ZKCM,QCM,A,IR0	MTRN,IR,LL,NE,NA,IT,E,A	MTRN,LL	MTRN,NE,EMR,EMI,ZKCM,QCM,IR0	MM,JJ,NN,IE,IA,II,NNBT,NPRM,TITLE,DTTL,MTTL,ITTL,TTLI,EPI,NF,PEM,BAS,HR,HI,HRX,HIX,P0,DDP,ETHR,YZ,ERMTX,DUM,OBSX,ERR,TEX,OBS,DOBS,XEX,NBT,CIS,CH,HDAT,THTX,NINC,NINCMX,NNL,NMTTL,NITTL,DER,DEI,DPZ,OBSPRD
prsd.f	PRCONP	subroutine	5848	6263	5849	outside-current-cm12-contract	MTRN,IR,NE,NA,II,IT,TITLE,MTTL,ITTL,E,A,ERR,OBS,IR0,NMTTL,NITTL	MTRN,IR,NE,NA,II,IT,TITLE,E,A	MTRN,IR,IT,MTTL,ITTL	MTRN,IR,NE,NA,II,IT,TITLE,MTTL,ITTL,E,A,ERR,OBS,IR0,NMTTL,NITTL	MM,JJ,LL,NN,IE,IA,NNBT,NPRM,DTTL,EMR,EMI,TTLI,ZKCM,QCM,EPI,NF,PEM,BAS,HR,HI,HRX,HIX,P0,DDP,ETHR,YZ,ERMTX,DUM,OBSX,TEX,DOBS,XEX,NBT,CIS,CH,HDAT,THTX,NINC,NINCMX,NNL,DER,DEI,DPZ,OBSPRD
prsd.f	CONFUN	subroutine	6264	6552	6269	outside-current-cm12-contract	IR,NN,NE,NA,II,IT,TITLE,DTTL,MTTL,ITTL,E,DUM,A,OBSX,ERR,OBS,XEX,IR0	NN,NE,NA,II,E,DUM,A,OBSX,ERR	IR,TITLE,MTTL,XEX	IR,NE,NA,II,IT,DTTL,ITTL,E,DUM,A,OBSX,ERR,OBS,XEX,IR0	MTRN,MM,JJ,LL,IE,IA,NNBT,NPRM,EMR,EMI,TTLI,ZKCM,QCM,EPI,NF,PEM,BAS,HR,HI,HRX,HIX,P0,DDP,ETHR,YZ,ERMTX,TEX,DOBS,NBT,CIS,CH,HDAT,THTX,NINC,NINCMX,NNL,NMTTL,NITTL,DER,DEI,DPZ,OBSPRD
prsd.f	PRPTX	subroutine	6553	6845	6557	outside-current-cm12-contract	IR,NN,NE,NA,II,IT,TITLE,DTTL,MTTL,ITTL,E,A,OBSX,ERR,OBS,XEX,IR0	NN,NE,NA,II,E,A,OBSX,ERR,XEX	IR,IT,TITLE,MTTL,ITTL,XEX	IR,NE,NA,II,IT,DTTL,E,A,OBSX,ERR,OBS,XEX,IR0	MTRN,MM,JJ,LL,IE,IA,NNBT,NPRM,EMR,EMI,TTLI,ZKCM,QCM,EPI,NF,PEM,BAS,HR,HI,HRX,HIX,P0,DDP,ETHR,YZ,ERMTX,DUM,TEX,DOBS,NBT,CIS,CH,HDAT,THTX,NINC,NINCMX,NNL,NMTTL,NITTL,DER,DEI,DPZ,OBSPRD
prsd.f	PRSWAP	subroutine	6846	6941	6847	outside-current-cm12-contract	NE,TITLE,TTLI,NF,PEM,ERMTX	TITLE,TTLI,NF,PEM,ERMTX		NE,TITLE,TTLI,NF,PEM,ERMTX	MTRN,IR,MM,JJ,LL,NN,NA,IE,IA,II,NNBT,IT,NPRM,DTTL,MTTL,ITTL,EMR,EMI,E,ZKCM,QCM,EPI,BAS,HR,HI,HRX,HIX,P0,DDP,ETHR,YZ,DUM,A,OBSX,ERR,TEX,OBS,DOBS,XEX,NBT,CIS,CH,HDAT,IR0,THTX,NINC,NINCMX,NNL,NMTTL,NITTL,DER,DEI,DPZ,OBSPRD
prsd.f	COMPAREMP	subroutine	7571	7687	7572	outside-current-cm12-contract	MTRN,MM,JJ,LL,NN,NE,NA,IT,TITLE,EMR,EMI,E,PEM,DUM,A	MTRN,NN,NE,NA,IT,E,A	MTRN,DUM	MTRN,MM,JJ,LL,NN,NE,TITLE,EMR,EMI,PEM,DUM,A	IR,IE,IA,II,NNBT,NPRM,DTTL,MTTL,ITTL,TTLI,ZKCM,QCM,EPI,NF,BAS,HR,HI,HRX,HIX,P0,DDP,ETHR,YZ,ERMTX,OBSX,ERR,TEX,OBS,DOBS,XEX,NBT,CIS,CH,HDAT,IR0,THTX,NINC,NINCMX,NNL,NMTTL,NITTL,DER,DEI,DPZ,OBSPRD
prsd.f	PRMPCPR	subroutine	7688	7946	7689	outside-current-cm12-contract	MTRN,IR,MM,JJ,LL,NN,NE,NA,IT,TITLE,EMR,EMI,E,YZ,A	IR,JJ,NN,NE,NA,IT,E,A	MTRN,YZ	MTRN,MM,JJ,LL,NN,NE,TITLE,EMR,EMI,E,YZ	IE,IA,II,NNBT,NPRM,DTTL,MTTL,ITTL,TTLI,ZKCM,QCM,EPI,NF,PEM,BAS,HR,HI,HRX,HIX,P0,DDP,ETHR,ERMTX,DUM,OBSX,ERR,TEX,OBS,DOBS,XEX,NBT,CIS,CH,HDAT,IR0,THTX,NINC,NINCMX,NNL,NMTTL,NITTL,DER,DEI,DPZ,OBSPRD
prsd.f	PRAPLT	subroutine	8258	8660	8260	outside-current-cm12-contract	MTRN,IR,NE,NA,IE,IA,TITLE,MTTL,E,HR,HI,HRX,HIX,DUM,A	NE,NA,E,HRX,HIX,A	MTRN,IR,IE,IA,MTTL,E,HRX,HIX,DUM,A	MTRN,IR,NE,NA,IE,IA,TITLE,E,HR,HI,HRX,HIX,DUM,A	MM,JJ,LL,NN,II,NNBT,IT,NPRM,DTTL,ITTL,EMR,EMI,TTLI,ZKCM,QCM,EPI,NF,PEM,BAS,P0,DDP,ETHR,YZ,ERMTX,OBSX,ERR,TEX,OBS,DOBS,XEX,NBT,CIS,CH,HDAT,IR0,THTX,NINC,NINCMX,NNL,NMTTL,NITTL,DER,DEI,DPZ,OBSPRD
prsd.f	TFIXD	subroutine	8696	8777	8698	outside-current-cm12-contract	NE,NA,IE,IA,TITLE,E,HR,HI,HRX,HIX,DUM,A	NE,NA,IE,IA,E,HRX,HIX,A	IE,IA,E,HRX,HIX,DUM,A	NE,IA,TITLE,E,HR,HI,HRX,HIX,DUM,A	MTRN,IR,MM,JJ,LL,NN,II,NNBT,IT,NPRM,DTTL,MTTL,ITTL,EMR,EMI,TTLI,ZKCM,QCM,EPI,NF,PEM,BAS,P0,DDP,ETHR,YZ,ERMTX,OBSX,ERR,TEX,OBS,DOBS,XEX,NBT,CIS,CH,HDAT,IR0,THTX,NINC,NINCMX,NNL,NMTTL,NITTL,DER,DEI,DPZ,OBSPRD
prsd.f	GETAS	subroutine	8778	8993	8779	outside-current-cm12-contract	MTRN,IR,MM,JJ,LL,NE,NA,IE,II,TITLE,EMR,EMI,E,ZKCM,QCM,PEM,YZ,A,DER,DEI	IR,LL,NE,NA,IE,II,EMR,EMI,E,PEM,A	MTRN,YZ	MTRN,MM,JJ,LL,NE,IE,II,TITLE,EMR,EMI,E,ZKCM,QCM,PEM,YZ,A,DER,DEI	NN,IA,NNBT,IT,NPRM,DTTL,MTTL,ITTL,TTLI,EPI,NF,BAS,HR,HI,HRX,HIX,P0,DDP,ETHR,ERMTX,DUM,OBSX,ERR,TEX,OBS,DOBS,XEX,NBT,CIS,CH,HDAT,IR0,THTX,NINC,NINCMX,NNL,NMTTL,NITTL,DPZ,OBSPRD
prsd2.f	PRPWA	subroutine	1	1056	2	outside-current-cm12-contract	MTRN,IR,MM,JJ,LL,NN,NE,NA,IE,II,IT,TITLE,DTTL,MTTL,EMR,EMI,E,ZKCM,QCM,YZ,DUM,A,OBSX,ERR,TEX,XEX,CIS,HDAT,IR0,THTX,NINCMX,NMTTL,DPZ	IR,MM,LL,NN,NE,NA,II,IT,E,YZ,DUM,A,OBSX,ERR,TEX,XEX,THTX,NINCMX,DPZ	MTRN,IR,NN,MTTL,E,YZ,NINCMX	MTRN,IR,MM,JJ,LL,NN,NE,IE,II,IT,TITLE,DTTL,MTTL,EMR,EMI,E,ZKCM,QCM,YZ,DUM,OBSX,ERR,XEX,CIS,HDAT,IR0,THTX,NINCMX,NMTTL,DPZ	IA,NNBT,NPRM,ITTL,TTLI,EPI,NF,PEM,BAS,HR,HI,HRX,HIX,P0,DDP,ETHR,ERMTX,OBS,DOBS,NBT,CH,NINC,NNL,NITTL,DER,DEI,OBSPRD
prsd2.f	PRPWAB	subroutine	1057	1560	1059	outside-current-cm12-contract	MTRN,IR,MM,JJ,LL,NE,IE,II,IT,TITLE,EMR,EMI,E,PEM,YZ,DUM,A,CIS,IR0,NMTTL,DER,DEI	LL,IE,II,EMR,EMI,PEM	MTRN,LL,TITLE,E	MTRN,IR,MM,JJ,LL,NE,IT,TITLE,EMR,EMI,E,PEM,YZ,DUM,A,CIS,IR0,NMTTL,DER,DEI	NN,NA,IA,NNBT,NPRM,DTTL,MTTL,ITTL,TTLI,ZKCM,QCM,EPI,NF,BAS,HR,HI,HRX,HIX,P0,DDP,ETHR,ERMTX,OBSX,ERR,TEX,OBS,DOBS,XEX,NBT,CH,HDAT,THTX,NINC,NINCMX,NNL,NITTL,DPZ,OBSPRD
prsd2.f	BSSE	subroutine	1943	2025	1944	outside-current-cm12-contract	MM,JJ,LL,NN,NE,IE,II,TTLI	NN,IE,II	LL,NN,IE,TTLI	MM,JJ,LL,NN,NE,IE	MTRN,IR,NA,IA,NNBT,IT,NPRM,TITLE,DTTL,MTTL,ITTL,EMR,EMI,E,ZKCM,QCM,EPI,NF,PEM,BAS,HR,HI,HRX,HIX,P0,DDP,ETHR,YZ,ERMTX,DUM,A,OBSX,ERR,TEX,OBS,DOBS,XEX,NBT,CIS,CH,HDAT,IR0,THTX,NINC,NINCMX,NNL,NMTTL,NITTL,DER,DEI,DPZ,OBSPRD
prsd2.f	PRMOVY	subroutine	2705	3083	2707	outside-current-cm12-contract	MTRN,IR,NN,NE,NA,IT,NPRM,TITLE,DTTL,MTTL,ITTL,E,A,OBSX,ERR,TEX,OBS,XEX,HDAT,IR0,THTX,NINC,NMTTL	IR,NN,NE,NA,IT,NPRM,E,A,OBSX,ERR,TEX,XEX,THTX,NINC	MTRN,IR,NN,IT,TITLE,DTTL,MTTL,ITTL,XEX	MTRN,IR,NN,NE,NA,IT,NPRM,MTTL,ITTL,E,A,OBSX,ERR,TEX,OBS,XEX,HDAT,IR0,THTX,NINC,NMTTL	MM,JJ,LL,IE,IA,II,NNBT,EMR,EMI,TTLI,ZKCM,QCM,EPI,NF,PEM,BAS,HR,HI,HRX,HIX,P0,DDP,ETHR,YZ,ERMTX,DUM,DOBS,NBT,CIS,CH,NINCMX,NNL,NITTL,DER,DEI,DPZ,OBSPRD
prsd2.f	PRPLAN	subroutine	3084	3590	3085	outside-current-cm12-contract	MTRN,IR,MM,JJ,LL,NN,NE,NA,IE,IA,II,NNBT,IT,NPRM,TITLE,MTTL,ITTL,EMR,EMI,E,PEM,P0,DDP,YZ,ERMTX,DUM,A,OBSX,ERR,OBS,DOBS,XEX,NBT,HDAT,IR0,THTX,NMTTL,NITTL,DER,DEI,DPZ,OBSPRD	IR,JJ,LL,NN,NE,NA,IE,II,IT,NPRM,TITLE,EMR,EMI,E,PEM,P0,DDP,YZ,ERMTX,A,OBSX,ERR,XEX,THTX,DER,DEI,DPZ	MTRN,IR,NN,NA,IT,NPRM,MTTL,YZ,ERMTX,DUM,A,OBSX,ERR,DOBS,XEX,DPZ	MTRN,IR,MM,JJ,LL,NE,NA,IA,NNBT,IT,NPRM,TITLE,MTTL,ITTL,EMR,EMI,E,PEM,P0,DDP,YZ,ERMTX,DUM,A,OBSX,ERR,OBS,DOBS,XEX,NBT,HDAT,IR0,THTX,NMTTL,NITTL,DER,DEI,DPZ,OBSPRD	DTTL,TTLI,ZKCM,QCM,EPI,NF,BAS,HR,HI,HRX,HIX,ETHR,TEX,CIS,CH,NINC,NINCMX,NNL
prsd2.f	PRMCRLO	subroutine	3591	3773	3592	outside-current-cm12-contract	MTRN,IR,MM,NE,NA,IT,TITLE,MTTL,ITTL,E,ERMTX,DUM,A,OBSX,ERR,OBS,CH,NMTTL	IR,MM,NE,NA,IT,E,A,OBSX,ERR	MTRN,IR,MTTL	MTRN,IR,NE,NA,IT,TITLE,MTTL,ITTL,E,ERMTX,DUM,A,OBSX,ERR,OBS,CH,NMTTL	JJ,LL,NN,IE,IA,II,NNBT,NPRM,DTTL,EMR,EMI,TTLI,ZKCM,QCM,EPI,NF,PEM,BAS,HR,HI,HRX,HIX,P0,DDP,ETHR,YZ,TEX,DOBS,XEX,NBT,CIS,HDAT,IR0,THTX,NINC,NINCMX,NNL,NITTL,DER,DEI,DPZ,OBSPRD
prsd2.f	PRGDH	subroutine	3774	4050	3775	outside-current-cm12-contract	MTRN,IR,NN,NE,NA,II,IT,NPRM,TITLE,DTTL,MTTL,E,YZ,A,OBS,XEX,HDAT,IR0	NN,NE,NA,II,IT,NPRM,E,A	MTRN,IR,NN,DTTL,XEX	MTRN,IR,NN,NE,II,IT,TITLE,MTTL,E,YZ,OBS,XEX,HDAT,IR0	MM,JJ,LL,IE,IA,NNBT,ITTL,EMR,EMI,TTLI,ZKCM,QCM,EPI,NF,PEM,BAS,HR,HI,HRX,HIX,P0,DDP,ETHR,ERMTX,DUM,OBSX,ERR,TEX,DOBS,NBT,CIS,CH,THTX,NINC,NINCMX,NNL,NMTTL,NITTL,DER,DEI,DPZ,OBSPRD
prsd2.f	SPPLOT	subroutine	5931	6616	5932	outside-current-cm12-contract	MTRN,IR,MM,JJ,LL,NN,NE,NA,II,IT,TITLE,EMR,EMI,E,NF,P0,YZ,A,OBSX,ERR,TEX,XEX,THTX	MTRN,IR,LL,NN,NE,NA,II,IT,E,P0,A	MTRN,TITLE,YZ	MTRN,MM,JJ,LL,NN,NE,II,IT,TITLE,EMR,EMI,E,NF,P0,A,OBSX,ERR,TEX,XEX,THTX	IE,IA,NNBT,NPRM,DTTL,MTTL,ITTL,TTLI,ZKCM,QCM,EPI,PEM,BAS,HR,HI,HRX,HIX,DDP,ETHR,ERMTX,DUM,OBS,DOBS,NBT,CIS,CH,HDAT,IR0,NINC,NINCMX,NNL,NMTTL,NITTL,DER,DEI,DPZ,OBSPRD
prsd2.f	BWSCH	subroutine	6617	6857	6620	outside-current-cm12-contract	MTRN,IR,MM,JJ,LL,NN,NE,NA,II,IT,EMR,EMI,E,NF,P0,YZ,DUM,A,OBSX,ERR,TEX,XEX,THTX,DPZ	IR,JJ,LL,NN,NE,NA,II,IT,E,P0,YZ,DUM,A,DPZ	MTRN,P0,YZ,DPZ	MTRN,MM,JJ,LL,NN,NE,EMR,EMI,E,NF,P0,YZ,DUM,A,OBSX,ERR,TEX,XEX,THTX,DPZ	IE,IA,NNBT,NPRM,TITLE,DTTL,MTTL,ITTL,TTLI,ZKCM,QCM,EPI,PEM,BAS,HR,HI,HRX,HIX,DDP,ETHR,ERMTX,OBS,DOBS,NBT,CIS,CH,HDAT,IR0,NINC,NINCMX,NNL,NMTTL,NITTL,DER,DEI,OBSPRD
prsd2.f	GLBPLT	subroutine	7019	7094	7021	outside-current-cm12-contract	MM,JJ,LL,NE,II,EMR,EMI,E,NF,PEM,P0	LL,II,EMR,EMI,PEM,P0		MM,JJ,LL,NE,II,EMR,EMI,E,NF,PEM,P0	MTRN,IR,NN,NA,IE,IA,NNBT,IT,NPRM,TITLE,DTTL,MTTL,ITTL,TTLI,ZKCM,QCM,EPI,BAS,HR,HI,HRX,HIX,DDP,ETHR,YZ,ERMTX,DUM,A,OBSX,ERR,TEX,OBS,DOBS,XEX,NBT,CIS,CH,HDAT,IR0,THTX,NINC,NINCMX,NNL,NMTTL,NITTL,DER,DEI,DPZ,OBSPRD
prsd2.f	GETSENL	subroutine	7211	7252	7212	outside-current-cm12-contract	JJ,NE,E,OBSX,ERR,TEX,XEX,THTX,DPZ	OBSX,ERR,TEX,XEX,THTX,DPZ		JJ,NE,E,DPZ	MTRN,IR,MM,LL,NN,NA,IE,IA,II,NNBT,IT,NPRM,TITLE,DTTL,MTTL,ITTL,EMR,EMI,TTLI,ZKCM,QCM,EPI,NF,PEM,BAS,HR,HI,HRX,HIX,P0,DDP,ETHR,YZ,ERMTX,DUM,A,OBS,DOBS,NBT,CIS,CH,HDAT,IR0,NINC,NINCMX,NNL,NMTTL,NITTL,DER,DEI,OBSPRD
cmmwp.f	CMMWP	subroutine	2	73	12	cm12-multipole-engine-adapter	MM,JJ,LL,IE,II,E,NF,PEM,A,DER,DEI	II,DER,DEI		MM,JJ,LL,IE,II,E,NF,PEM,A,DER,DEI	MTRN,IR,NN,NE,NA,IA,NNBT,IT,NPRM,TITLE,DTTL,MTTL,ITTL,EMR,EMI,TTLI,ZKCM,QCM,EPI,BAS,HR,HI,HRX,HIX,P0,DDP,ETHR,YZ,ERMTX,DUM,OBSX,ERR,TEX,OBS,DOBS,XEX,NBT,CIS,CH,HDAT,IR0,THTX,NINC,NINCMX,NNL,NMTTL,NITTL,DPZ,OBSPRD
