file	routine	kind	routine_start_line	routine_end_line	common_line	signature_sha256	field_count	total_words	total_bytes	canonical_layout_match
prsd.f	__MAIN__	implicit-main	1	1045	1	5b12d7063b2b7daac59fbf94350ae82be828843893501c2062c6cbc095f6df46	60	22370	89480	yes
prsd.f	PRCHICMP	subroutine	1058	1280	1060	5b12d7063b2b7daac59fbf94350ae82be828843893501c2062c6cbc095f6df46	60	22370	89480	yes
prsd.f	SETEK	subroutine	1281	1338	1282	5b12d7063b2b7daac59fbf94350ae82be828843893501c2062c6cbc095f6df46	60	22370	89480	yes
prsd.f	PRBAS	subroutine	1349	1491	1350	5b12d7063b2b7daac59fbf94350ae82be828843893501c2062c6cbc095f6df46	60	22370	89480	yes
prsd.f	PROBS	subroutine	1492	1645	1493	5b12d7063b2b7daac59fbf94350ae82be828843893501c2062c6cbc095f6df46	60	22370	89480	yes
prsd.f	PROBSL	subroutine	1646	1729	1647	5b12d7063b2b7daac59fbf94350ae82be828843893501c2062c6cbc095f6df46	60	22370	89480	yes
prsd.f	PRSOL	subroutine	1795	2313	1796	5b12d7063b2b7daac59fbf94350ae82be828843893501c2062c6cbc095f6df46	60	22370	89480	yes
prsd.f	PRDLT	subroutine	2314	2587	2315	5b12d7063b2b7daac59fbf94350ae82be828843893501c2062c6cbc095f6df46	60	22370	89480	yes
prsd.f	MD07M	subroutine	2713	2763	2714	5b12d7063b2b7daac59fbf94350ae82be828843893501c2062c6cbc095f6df46	60	22370	89480	yes
prsd.f	ROT4	subroutine	2832	2921	2833	5b12d7063b2b7daac59fbf94350ae82be828843893501c2062c6cbc095f6df46	60	22370	89480	yes
prsd.f	EKDLT	subroutine	3031	3244	3032	5b12d7063b2b7daac59fbf94350ae82be828843893501c2062c6cbc095f6df46	60	22370	89480	yes
prsd.f	DLTMAID	subroutine	3450	3595	3451	5b12d7063b2b7daac59fbf94350ae82be828843893501c2062c6cbc095f6df46	60	22370	89480	yes
prsd.f	EKDLTX	subroutine	3877	3972	3878	5b12d7063b2b7daac59fbf94350ae82be828843893501c2062c6cbc095f6df46	60	22370	89480	yes
prsd.f	EKDXX	subroutine	3973	4029	3974	5b12d7063b2b7daac59fbf94350ae82be828843893501c2062c6cbc095f6df46	60	22370	89480	yes
prsd.f	PPRCHP	subroutine	4450	4526	4451	5b12d7063b2b7daac59fbf94350ae82be828843893501c2062c6cbc095f6df46	60	22370	89480	yes
prsd.f	PRMOBS	subroutine	4574	4723	4575	5b12d7063b2b7daac59fbf94350ae82be828843893501c2062c6cbc095f6df46	60	22370	89480	yes
prsd.f	PRSETC	subroutine	4852	4932	4853	5b12d7063b2b7daac59fbf94350ae82be828843893501c2062c6cbc095f6df46	60	22370	89480	yes
prsd.f	PRDA	subroutine	4970	5005	4971	5b12d7063b2b7daac59fbf94350ae82be828843893501c2062c6cbc095f6df46	60	22370	89480	yes
prsd.f	PRODO	subroutine	5006	5069	5007	5b12d7063b2b7daac59fbf94350ae82be828843893501c2062c6cbc095f6df46	60	22370	89480	yes
prsd.f	PRCHI	subroutine	5070	5404	5071	5b12d7063b2b7daac59fbf94350ae82be828843893501c2062c6cbc095f6df46	60	22370	89480	yes
prsd.f	PRSHIFT	subroutine	5405	5634	5406	5b12d7063b2b7daac59fbf94350ae82be828843893501c2062c6cbc095f6df46	60	22370	89480	yes
prsd.f	PRSUMRL	subroutine	5733	5816	5734	5b12d7063b2b7daac59fbf94350ae82be828843893501c2062c6cbc095f6df46	60	22370	89480	yes
prsd.f	PRCONP	subroutine	5848	6263	5849	5b12d7063b2b7daac59fbf94350ae82be828843893501c2062c6cbc095f6df46	60	22370	89480	yes
prsd.f	CONFUN	subroutine	6264	6552	6269	5b12d7063b2b7daac59fbf94350ae82be828843893501c2062c6cbc095f6df46	60	22370	89480	yes
prsd.f	PRPTX	subroutine	6553	6845	6557	5b12d7063b2b7daac59fbf94350ae82be828843893501c2062c6cbc095f6df46	60	22370	89480	yes
prsd.f	PRSWAP	subroutine	6846	6941	6847	5b12d7063b2b7daac59fbf94350ae82be828843893501c2062c6cbc095f6df46	60	22370	89480	yes
prsd.f	COMPAREMP	subroutine	7571	7687	7572	5b12d7063b2b7daac59fbf94350ae82be828843893501c2062c6cbc095f6df46	60	22370	89480	yes
prsd.f	PRMPCPR	subroutine	7688	7946	7689	5b12d7063b2b7daac59fbf94350ae82be828843893501c2062c6cbc095f6df46	60	22370	89480	yes
prsd.f	PRAPLT	subroutine	8258	8660	8260	5b12d7063b2b7daac59fbf94350ae82be828843893501c2062c6cbc095f6df46	60	22370	89480	yes
prsd.f	TFIXD	subroutine	8696	8777	8698	5b12d7063b2b7daac59fbf94350ae82be828843893501c2062c6cbc095f6df46	60	22370	89480	yes
prsd.f	GETAS	subroutine	8778	8993	8779	5b12d7063b2b7daac59fbf94350ae82be828843893501c2062c6cbc095f6df46	60	22370	89480	yes
prsd2.f	PRPWA	subroutine	1	1056	2	5b12d7063b2b7daac59fbf94350ae82be828843893501c2062c6cbc095f6df46	60	22370	89480	yes
prsd2.f	PRPWAB	subroutine	1057	1560	1059	5b12d7063b2b7daac59fbf94350ae82be828843893501c2062c6cbc095f6df46	60	22370	89480	yes
prsd2.f	BSSE	subroutine	1943	2025	1944	5b12d7063b2b7daac59fbf94350ae82be828843893501c2062c6cbc095f6df46	60	22370	89480	yes
prsd2.f	PRMOVY	subroutine	2705	3083	2707	5b12d7063b2b7daac59fbf94350ae82be828843893501c2062c6cbc095f6df46	60	22370	89480	yes
prsd2.f	PRPLAN	subroutine	3084	3590	3085	5b12d7063b2b7daac59fbf94350ae82be828843893501c2062c6cbc095f6df46	60	22370	89480	yes
prsd2.f	PRMCRLO	subroutine	3591	3773	3592	5b12d7063b2b7daac59fbf94350ae82be828843893501c2062c6cbc095f6df46	60	22370	89480	yes
prsd2.f	PRGDH	subroutine	3774	4050	3775	5b12d7063b2b7daac59fbf94350ae82be828843893501c2062c6cbc095f6df46	60	22370	89480	yes
prsd2.f	SPPLOT	subroutine	5931	6616	5932	5b12d7063b2b7daac59fbf94350ae82be828843893501c2062c6cbc095f6df46	60	22370	89480	yes
prsd2.f	BWSCH	subroutine	6617	6857	6620	5b12d7063b2b7daac59fbf94350ae82be828843893501c2062c6cbc095f6df46	60	22370	89480	yes
prsd2.f	GLBPLT	subroutine	7019	7094	7021	5b12d7063b2b7daac59fbf94350ae82be828843893501c2062c6cbc095f6df46	60	22370	89480	yes
prsd2.f	GETSENL	subroutine	7211	7252	7212	5b12d7063b2b7daac59fbf94350ae82be828843893501c2062c6cbc095f6df46	60	22370	89480	yes
cmmwp.f	CMMWP	subroutine	2	73	12	5b12d7063b2b7daac59fbf94350ae82be828843893501c2062c6cbc095f6df46	60	22370	89480	yes
